class_id,class_name,precision,recall,f1_score,support
0,BACKDOOR_MALWARE,0.0,0.0,0.0,616
1,BENIGN,0.5971338502900634,0.9306107113472175,0.7274765312761409,210263
2,BROWSERHIJACKING,0.0,0.0,0.0,1126
3,COMMANDINJECTION,0.0,0.0,0.0,1034
4,DDOS-ACK_FRAGMENTATION,0.9061081374076835,0.9805693545726174,0.9418693711538969,54553
5,DDOS-HTTP_FLOOD,0.5290478346159649,0.6352600108715347,0.5773094022723531,5519
6,DDOS-ICMP_FLOOD,0.9721311857269206,0.9989758014969836,0.9853706944537853,1378639
7,DDOS-ICMP_FRAGMENTATION,0.9999771276960728,0.504715837595096,0.6708402381390781,86623
8,DDOS-PSHACK_FLOOD,0.9963856589889031,0.9960743150776655,0.9962299627078193,784067
9,DDOS-RSTFINFLOOD,0.9960343023825108,0.99809181001761,0.9970619947482189,774556
10,DDOS-SLOWLORIS,0.6527331189710611,0.0453125,0.08474222500521812,4480
11,DDOS-SYNONYMOUSIP_FLOOD,0.4500464169041049,0.8132254670778161,0.5794306233427989,689125
12,DDOS-SYN_FLOOD,0.4910272163891081,0.37944442300021874,0.42808411065724883,777210
13,DDOS-TCP_FLOOD,0.061837455830388695,8.128212095244068e-05,0.0001623508401655979,861198
14,DDOS-UDP_FLOOD,0.0,0.0,0.0,1036194
15,DDOS-UDP_FRAGMENTATION,0.980443391989548,0.43680878928987193,0.6043614491185243,54976
16,DICTIONARYBRUTEFORCE,0.0,0.0,0.0,2504
17,DNS_SPOOFING,0.40646783224774313,0.31117137608258244,0.35249231988901,34293
18,DOS-HTTP_FLOOD,0.6445445767621499,0.7277418417036122,0.6836212193623268,13759
19,DOS-SYN_FLOOD,0.8109698234959195,0.011000780069356661,0.02170710395838413,388427
20,DOS-TCP_FLOOD,0.3714358435428574,0.995444053326662,0.5410037889852807,511639
21,DOS-UDP_FLOOD,0.3754607572959279,0.9984908166428775,0.545716639917706,635443
22,MIRAI-GREETH_FLOOD,0.9965908610941827,0.8699174145704294,0.9289556939776994,189864
23,MIRAI-GREIP_FLOOD,0.8516009185894122,0.9842759866592551,0.9131443747542398,143920
24,MIRAI-UDPPLAIN,0.8343080753421371,0.9177016994475916,0.8740201677199194,170526
25,MITM-ARPSPOOFING,0.0,0.0,0.0,58890
26,RECON-HOSTDISCOVERY,0.6139844108207244,0.5203419467651059,0.5632979282784729,25735
27,RECON-OSSCAN,0.0,0.0,0.0,18793
28,RECON-PINGSWEEP,0.0,0.0,0.0,432
29,RECON-PORTSCAN,0.42131074453856443,0.18004572589864093,0.2522803114571746,15746
30,SQLINJECTION,0.0,0.0,0.0,1004
31,UPLOADING_ATTACK,0.0,0.0,0.0,239
32,VULNERABILITYSCAN,0.5184172638594562,0.44811577990631335,0.48070980709807104,71515
33,XSS,0.0,0.0,0.0,741
macro_avg,macro_avg,0.45523520014062957,0.4318652271629415,0.4044084796798098,9003649
weighted_avg,weighted_avg,0.5819091651252654,0.6428095986416174,0.5671521253680636,9003649
