class_id,label,precision,recall,f1,support
0,BACKDOOR_MALWARE,0.0,0.0,0.0,616
1,BENIGN,0.5882779730895344,0.8984890351607273,0.711021034922714,210263
2,BROWSERHIJACKING,0.0,0.0,0.0,1126
3,COMMANDINJECTION,0.0,0.0,0.0,1034
4,DDOS-ACK_FRAGMENTATION,0.9373160476524176,0.9807343317507745,0.9585337668968854,54553
5,DDOS-HTTP_FLOOD,0.32266468180126534,0.15709367639065047,0.21130879844016573,5519
6,DDOS-ICMP_FLOOD,0.9998626776834525,0.9981837159691551,0.9990224914091406,1378639
7,DDOS-ICMP_FRAGMENTATION,0.9996262132995719,0.9570668298257968,0.9778836740230482,86623
8,DDOS-PSHACK_FLOOD,0.9985677694798311,0.9790362303221536,0.9887055495949892,784067
9,DDOS-RSTFINFLOOD,0.9962200451523373,0.9935705100728676,0.9948935135987672,774556
10,DDOS-SLOWLORIS,0.0,0.0,0.0,4480
11,DDOS-SYNONYMOUSIP_FLOOD,0.0,0.0,0.0,689125
12,DDOS-SYN_FLOOD,0.42118403936363363,0.9348322847106959,0.580725218143322,777210
13,DDOS-TCP_FLOOD,0.9206260480715484,0.0019124521886952825,0.003816975226741538,861198
14,DDOS-UDP_FLOOD,0.7188428633368936,0.9184023455067294,0.8064607160532329,1036194
15,DDOS-UDP_FRAGMENTATION,0.9949924414210128,0.9577815774155995,0.9760324757173574,54976
16,DICTIONARYBRUTEFORCE,0.0,0.0,0.0,2504
17,DNS_SPOOFING,0.467853170189099,0.12264893710086607,0.19434882055310396,34293
18,DOS-HTTP_FLOOD,0.3618553248492967,0.6282433316374737,0.45921321752065236,13759
19,DOS-SYN_FLOOD,0.5408967741144448,0.1135734642545446,0.187728996182865,388427
20,DOS-TCP_FLOOD,0.3703762661101088,0.9822707025852212,0.5379227005310532,511639
21,DOS-UDP_FLOOD,0.7504865418539806,0.4150899451248971,0.5345327757641836,635443
22,MIRAI-GREETH_FLOOD,0.985221470953498,0.7521067711625163,0.8530244560996881,189864
23,MIRAI-GREIP_FLOOD,0.7366798535415177,0.9729988882712618,0.8385068621110872,143920
24,MIRAI-UDPPLAIN,0.9735883947440963,0.9941533842346622,0.9837634265089046,170526
25,MITM-ARPSPOOFING,0.6031116982239836,0.06977415520461878,0.12507800252652085,58890
26,RECON-HOSTDISCOVERY,0.15595470643352868,0.3815815037886147,0.22141552614371718,25735
27,RECON-OSSCAN,0.09085701191567369,0.042196562549885595,0.05762871988663202,18793
28,RECON-PINGSWEEP,0.0,0.0,0.0,432
29,RECON-PORTSCAN,0.0,0.0,0.0,15746
30,SQLINJECTION,0.0,0.0,0.0,1004
31,UPLOADING_ATTACK,0.0,0.0,0.0,239
32,VULNERABILITYSCAN,0.3439579943795297,0.5202824582255471,0.4141331507977584,71515
33,XSS,0.0,0.0,0.0,741
macro,macro avg,0.44938294140177226,0.4344712674545281,0.4004617902544862,9003649
weighted,weighted avg,0.7261969729585518,0.6996750983962169,0.6385918593389232,9003649
