round,selected_clients,model_state_bytes,bytes_round,mib_round,bytes_cumulative,mib_cumulative
1,10,284040,5680800,5.417633056640625,5680800,5.417633056640625
2,2,284040,1136160,1.083526611328125,6816960,6.50115966796875
3,4,284040,2272320,2.16705322265625,9089280,8.668212890625
4,4,284040,2272320,2.16705322265625,11361600,10.83526611328125
5,3,284040,1704240,1.6252899169921875,13065840,12.460556030273438
6,3,284040,1704240,1.6252899169921875,14770080,14.085845947265625
7,3,284040,1704240,1.6252899169921875,16474320,15.711135864257812
8,3,284040,1704240,1.6252899169921875,18178560,17.33642578125
9,4,284040,2272320,2.16705322265625,20450880,19.50347900390625
10,4,284040,2272320,2.16705322265625,22723200,21.6705322265625
