round,client_id,train_examples,validation_examples,selected_current_round,received_global_state,uploaded_model,cross_entropy_loss,distillation_kl_loss,total_loss,local_train_seconds,local_validation_seconds,local_validation_loss,gpu_id,concurrent_streams,gpu_cache_mode,local_validation_accuracy,local_validation_macro_precision,local_validation_macro_recall,local_validation_macro_f1,local_validation_weighted_precision,local_validation_weighted_recall,local_validation_weighted_f1,local_validation_multiclass_macro_fpr,local_validation_multiclass_macro_fnr,local_validation_binary_attack_accuracy,local_validation_binary_attack_precision,local_validation_binary_attack_recall,local_validation_binary_attack_f1,local_validation_binary_attack_fpr,local_validation_binary_attack_fnr,selection_threshold_accuracy,below_global_average_threshold
1,1,29942,1578,True,True,True,1.4740521332184224,1.4657792632497468,2.9398314028383137,0.5910341796875,0.09097606199998154,1.048574392031052,0,1,full_gpu,0.8593155893536122,0.06866120910344052,0.06394300966294622,0.057368972783278786,0.9054852136532995,0.8593155893536122,0.8665969973481703,0.00967960019891419,0.17135110798411257,1.0,1.0,1.0,1.0,0.0,0.0,0.9617214618432322,True
1,2,2101011,110578,True,True,True,0.22891650921997336,0.08573218675476367,0.31464869551453756,32.482896484375,0.40432396599999265,0.20239744590198067,1,1,full_gpu,0.9665213695310098,0.36786396118156117,0.37001495804770806,0.36477387108247583,0.9584171520844567,0.9665213695310098,0.9614691020442059,0.0010726718113654476,0.2476321007758213,0.9912821718605871,0.9989114725306891,0.9923215324222158,0.9956055978483839,0.22452830188679246,0.007678467577784239,0.9617214618432322,False
1,3,3542026,186424,True,True,True,0.3606660544230504,0.17850342493323068,0.5391694801522547,55.74177734375,0.6359377030000815,0.37323976186131813,1,1,full_gpu,0.9696712869587607,0.2924096488662054,0.2942159589869042,0.26188432621686425,0.9725808012036362,0.9696712869587607,0.9653739189667176,0.0009755714821833103,0.4410781586601546,0.9873943269106982,0.9878718092204382,0.9994773803691002,0.9936407081274456,0.8244330651060717,0.0005226196308998857,0.9617214618432322,False
1,4,1824241,96013,True,True,True,0.09252433452853003,0.055068283412770265,0.14759261824761796,30.70491015625,0.3760218529998838,0.07213862231607797,0,1,full_gpu,0.990772082947101,0.1670431677673798,0.14622423376192126,0.14619659685560163,0.9929190317041542,0.990772082947101,0.9909029929264472,0.000323304802573111,0.05965811917925524,0.9987605845041817,1.0,0.9987605845041817,0.9993799079762593,0.0,0.0012394154958182747,0.9617214618432322,False
1,5,2405287,126594,True,True,True,0.14963884677807632,0.06365700414094307,0.21329585083508412,38.95321875,0.4427593450000131,0.1566698646361597,1,1,full_gpu,0.9875902491429294,0.21482837972377025,0.22670062409631014,0.21292596592180338,0.9907741258464519,0.9875902491429294,0.9885483073324409,0.00039324165984025726,0.18506408178604275,0.9960819628102437,1.0,0.9960819628102437,0.9980371361182784,0.0,0.003918037189756228,0.9617214618432322,False
1,6,2552285,134332,True,True,True,0.00524693128379473,0.0023699685032170224,0.00761689979644335,42.26505078125,0.46824924299994564,0.00414374533274067,0,1,full_gpu,0.999024804216419,0.11775000186399272,0.13337273041501652,0.12286900756499938,0.9994727706885467,0.999024804216419,0.9992404415677788,5.7807271522337435e-05,0.01368609311439525,0.9999776672721318,1.0,0.9999776672721318,0.9999888335113769,0.0,2.2332727868266682e-05,0.9617214618432322,False
1,7,1733726,91249,True,True,True,0.3346766255937694,0.17467099363548563,0.5093476185369721,28.244078125,0.31610014200009573,0.3181048863779286,1,1,full_gpu,0.9938958235158741,0.22606325828824494,0.2126354180224919,0.2109518485408648,0.9946126939112726,0.9938958235158741,0.9937234844420402,0.00036786294103153356,0.110893993742214,0.9994630078137843,1.0,0.9994630078137843,0.999731431797379,0.0,0.0005369921862157394,0.9617214618432322,False
1,8,12121531,637978,True,True,True,0.3985240214420396,0.08619717505862999,0.48472119642140654,201.416484375,2.2846660650000103,0.3975570545395227,0,1,full_gpu,0.8711005708660801,0.39564112814836444,0.375360804485043,0.351829534956159,0.859220004153079,0.8711005708660801,0.861980510073632,0.004469098756816024,0.44816860727966296,0.9865105066318901,0.9984571548179307,0.9871626696039654,0.9927777898996477,0.023563988862534805,0.012837330396034647,0.9617214618432322,True
1,9,4136478,217714,True,True,True,0.1852681144201627,0.07987991174557636,0.2651480259478672,68.5686015625,0.7780727039998965,0.18112696658831584,0,1,full_gpu,0.9866659929999908,0.2773208488278218,0.2977835434242437,0.25804564873753133,0.989538462756301,0.9866659929999908,0.9869656609080653,0.0004232594178205768,0.261039985987521,0.9967434340465013,1.0,0.9967434340465013,0.9983690613936819,0.0,0.0032565659534986267,0.9617214618432322,False
1,10,3767327,198280,True,True,True,0.05823188272598613,0.02889293806946726,0.0871248207449206,62.18887109375,0.7112241269999231,0.054698537842314016,1,1,full_gpu,0.9926568489005447,0.21682926386192203,0.20489894176838877,0.20824658132564006,0.9963339537507105,0.9926568489005447,0.9944456180158877,0.00022555165196228114,0.20686576411396415,0.9989560217873714,1.0,0.9989560217873714,0.9994777382787565,0.0,0.001043978212628606,0.9617214618432322,False
2,1,29942,1578,True,True,True,0.7701957162336998,0.5296948026335954,1.2998905119775859,0.49574951171875,0.006138740000096732,0.5369331156799548,0,1,full_gpu,0.9626108998732573,0.08303746931941093,0.07997339341968301,0.08075018941097649,0.942046146918467,0.9626108998732573,0.9512254282703849,0.006413852482934066,0.1553207242273758,1.0,1.0,1.0,1.0,0.0,0.0,0.976237387800885,True
2,2,2101011,110578,False,False,False,0.14889161705932408,0.02446004538295976,0.1733516626049608,32.7662734375,0.37321700300003613,0.14689957280755722,1,1,full_gpu,0.9690354320027492,0.37158104160801475,0.3745067859313725,0.3714496062306286,0.9584709559695472,0.9690354320027492,0.9631844914171248,0.000997913654886983,0.24314027289215692,0.9940856228182822,0.9980060455969116,0.99604717941262,0.997025650354739,0.41320754716981134,0.003952820587380053,0.976237387800885,True
2,3,3542026,186424,False,False,False,0.20956072477403734,0.0653334296191974,0.27489415443254456,56.76390625,0.647023001999969,0.21621246855182105,1,1,full_gpu,0.9756630047633352,0.3079233630063515,0.3021233817039364,0.2829102893339669,0.9739625595502638,0.9756630047633352,0.9727500844898609,0.0008005414381057436,0.43317073594312244,0.9901353902930953,0.9925675126628565,0.9974576732538516,0.9950065845744465,0.5018288222384785,0.0025423267461484023,0.976237387800885,True
2,4,1824241,96013,False,False,False,0.047152709705482104,0.012134192514431007,0.05928690224891201,30.283564453125,0.3442438519998632,0.042486985277831846,0,1,full_gpu,0.9932509139387374,0.1742766027710256,0.14706735775266658,0.1515146782407246,0.9929947936331676,0.9932509139387374,0.9922765457980943,0.00027526021799818877,0.058814995188509904,1.0,1.0,1.0,1.0,0.0,0.0,0.976237387800885,False
2,5,2405287,126594,False,False,False,0.08896669867383228,0.02810764202598127,0.11707434061975261,39.22103125,0.4454163770001287,0.09370975345827508,1,1,full_gpu,0.9901338136088598,0.22146509745847204,0.23635912173920293,0.22631611188553324,0.9902333976913196,0.9901338136088598,0.9899908987595771,0.000318867054433434,0.17540558414315002,0.9995971373050856,1.0,0.9995971373050856,0.9997985280697804,0.0,0.00040286269491445094,0.976237387800885,False
2,6,2552285,134332,False,False,False,0.0033080914600921415,0.000719706557410641,0.004027798015634507,42.32573828125,0.47980465299997377,0.002747036356264728,0,1,full_gpu,0.999300241193461,0.1226647826334002,0.13149984324409011,0.1259437319219286,0.9994037658365361,0.999300241193461,0.9993482229859862,6.906579164643264e-05,0.01555898028532164,0.9999851115147544,1.0,0.9999851115147544,0.9999925557019601,0.0,1.4888485245511121e-05,0.976237387800885,False
2,7,1733726,91249,False,False,False,0.1561404604270134,0.0634928482414669,0.2196333085821276,28.542826171875,0.321564447000128,0.15386174274319958,1,1,full_gpu,0.995473923001896,0.24008579303463662,0.21734953538540047,0.21988357002832973,0.9955955979061987,0.995473923001896,0.9949723125610217,0.0002989230191754073,0.10617987637930541,1.0,1.0,1.0,1.0,0.0,0.0,0.976237387800885,False
2,8,12121531,637978,True,True,True,0.3269036522970345,0.03736383345718578,0.3642674859392876,201.087140625,2.2846259849998205,0.3223356062287806,0,1,full_gpu,0.8909742969193295,0.39749647455054454,0.36823562828629774,0.3539280277669129,0.824765857454389,0.8909742969193295,0.8499073617066164,0.003966821633650966,0.4552937834784081,0.9865105066318901,0.9985867645519352,0.9870341627864283,0.9927768563965864,0.0215788388161287,0.012965837213571654,0.976237387800885,True
2,9,4136478,217714,False,False,False,0.10189521026641868,0.03287384191823438,0.13476905216368631,68.4363515625,0.7779601130000628,0.09969406992094919,0,1,full_gpu,0.989633188494998,0.2797430416172566,0.2935102273180968,0.26767298610201445,0.9888077874858837,0.989633188494998,0.9881442596672697,0.0003407536525907456,0.2653133020936679,0.9998897636348604,1.0,0.9998897636348604,0.9999448787792488,0.0,0.0001102363651395868,0.976237387800885,False
2,10,3767327,198280,False,False,False,0.03280566733233256,0.010115176246617865,0.042920843589187414,62.3929375,0.7149656649999088,0.03141679427112474,1,1,full_gpu,0.9962981642122252,0.21869256945619667,0.20884465247302905,0.2099906823216317,0.9960499154730327,0.9962981642122252,0.9960986137187927,0.00012002338738428941,0.20292005340932384,1.0,1.0,1.0,1.0,0.0,0.0,0.976237387800885,False
3,1,29942,1578,True,True,True,0.46539278764076886,0.23121434060077725,0.6966071240322742,0.49659698486328124,0.005984861000342789,0.3165023668335116,0,1,full_gpu,0.973384030418251,0.0865011930957737,0.08554568741320231,0.08599002224024989,0.9512242262498085,0.973384030418251,0.962107781603008,0.006072453713971851,0.14974843023385653,1.0,1.0,1.0,1.0,0.0,0.0,0.9774981501153102,True
3,2,2101011,110578,True,True,True,0.16499324524809852,0.047646063248682986,0.21263930914434162,32.67903125,0.3733935889999884,0.12479178041187909,1,1,full_gpu,0.9693067337083325,0.3700360225655275,0.3740681358692722,0.37145086354329737,0.958027253034078,0.9693067337083325,0.9633418888501736,0.0009890851986184685,0.2435789229542572,0.994962831666335,0.9976727907420707,0.9972648298924106,0.997468768603642,0.4830188679245283,0.0027351701075894156,0.9774981501153102,True
3,3,3542026,186424,True,True,True,0.1640114947314771,0.04693443616828169,0.21094593098485087,56.7476796875,0.6434140759997717,0.1438025647374441,1,1,full_gpu,0.9757166459254173,0.3173671600078684,0.29275613143020923,0.2764911564517412,0.973421056426728,0.9757166459254173,0.9719961617536829,0.0008184558165423054,0.44253798621684953,0.9901622108741364,0.9930377825011929,0.9970058250313028,0.9950178477319526,0.46964155084125825,0.0029941749686972618,0.9774981501153102,True
3,4,1824241,96013,False,False,False,0.033892210859148696,0.005382811016434598,0.039275021885577605,30.21097265625,0.34161201900042215,0.030434003067537078,0,1,full_gpu,0.9934383885515503,0.17421460979179695,0.14801371264424887,0.1521812944645488,0.9930759179355947,0.9934383885515503,0.9924647390282749,0.0002722780897591207,0.057868640296927586,1.0,1.0,1.0,1.0,0.0,0.0,0.9774981501153102,False
3,5,2405287,126594,False,False,False,0.060180849619244664,0.01463991623207268,0.07482076580680698,39.16494140625,0.4463213170001836,0.06200519356077549,1,1,full_gpu,0.9903628923961642,0.22354267598042044,0.23569212806637557,0.2281754644690564,0.9898719439423767,0.9903628923961642,0.9900025908337116,0.00031411986706981966,0.17607257781597738,1.0,1.0,1.0,1.0,0.0,0.0,0.9774981501153102,False
3,6,2552285,134332,False,False,False,0.002649929061349484,0.00036726832159103166,0.003017197384011855,42.2380078125,0.4784167369998613,0.002214725311533057,0,1,full_gpu,0.9993672393770657,0.12798424015590223,0.1286885988602967,0.1280906028374836,0.9993987233602205,0.9993672393770657,0.9993802650369846,7.435472138230013e-05,0.018370224669115042,0.9999925557573772,1.0,0.9999925557573772,0.9999962778648344,0.0,7.444242622755561e-06,0.9774981501153102,False
3,7,1733726,91249,False,False,False,0.08329977315510917,0.02911429485256102,0.11241406801196978,28.615306640625,0.3220548039998903,0.0797302748092509,1,1,full_gpu,0.9959780381154862,0.248145008096419,0.21747725915927643,0.22291197415637362,0.9960574080038149,0.9959780381154862,0.995379410726099,0.00027383158157922265,0.10605215260542945,1.0,1.0,1.0,1.0,0.0,0.0,0.9774981501153102,False
3,8,12121531,637978,True,True,True,0.29430592002564615,0.020248101872271492,0.31455402183629927,200.959609375,2.283148469000025,0.28879043607180616,0,1,full_gpu,0.8910275902930822,0.4020221668981136,0.3689354291596168,0.3637051922106694,0.8233143296278489,0.8910275902930822,0.8498546255746484,0.003963864193068407,0.4545939826050891,0.9865136415362286,0.9987282381792019,0.98689731137035,0.9927775287463422,0.019413220583685675,0.013102688629650028,0.9774981501153102,True
3,9,4136478,217714,False,False,False,0.06433380128646977,0.01566544802115856,0.0799992493078724,68.40940625,0.7787827550000657,0.06228266489738257,0,1,full_gpu,0.9898949998622045,0.2895740550714922,0.29395953499446015,0.2767349116944326,0.9891006990636588,0.9898949998622045,0.9882421031680928,0.0003368134143528353,0.26486399441730457,1.0,1.0,1.0,1.0,0.0,0.0,0.9774981501153102,False
3,10,3767327,198280,False,False,False,0.02224528177659895,0.0047312139345435334,0.026976495739399625,62.43825,0.7145107030000872,0.02124827651215677,1,1,full_gpu,0.9965049425055477,0.22056038490012775,0.20895328460136434,0.2102389983497902,0.9960544251618072,0.9965049425055477,0.9961964631268009,0.00011333518955468343,0.20281142128098859,1.0,1.0,1.0,1.0,0.0,0.0,0.9774981501153102,False
4,1,29942,1578,True,True,True,0.9399186835826642,0.6425884161797684,1.582507113338305,0.4952943115234375,0.006172441000217077,0.3675821785388942,0,1,full_gpu,0.9397972116603295,0.052979787186817014,0.05614973262032086,0.054518562011321006,0.88921506024355,0.9397972116603295,0.9138060328343701,0.012105305337393813,0.17914438502673796,1.0,1.0,1.0,1.0,0.0,0.0,0.9738902132263213,True
4,2,2101011,110578,True,True,True,0.1343019828870038,0.023364554327737982,0.15766653688521842,32.657505859375,0.37349688799986325,0.11339792899697004,1,1,full_gpu,0.9692976903181465,0.3732537298120005,0.37161711609650167,0.3705041843692012,0.9581914071362757,0.9692976903181465,0.9631020733067949,0.0009898882399087298,0.2460299427270278,0.9954692615167574,0.996915456285665,0.9985370020354755,0.99772557030984,0.6415094339622641,0.001462997964524571,0.9738902132263213,True
4,3,3542026,186424,True,True,True,0.1142184384079147,0.01770638729609725,0.1319248256970063,56.723828125,0.6472957360001601,0.11823528895320613,1,1,full_gpu,0.9743863451057804,0.2884379459858046,0.28885270491712023,0.259054207941543,0.9714017128267362,0.9743863451057804,0.9707907285161387,0.0008406869078762693,0.4464414127299386,0.9901085697120542,0.993037404969254,0.9969513854864174,0.994990546150001,0.46964155084125825,0.0030486145135826663,0.9738902132263213,False
4,4,1824241,96013,False,False,False,0.027729236928776452,0.002801624972753166,0.03053086191570999,30.2025234375,0.341819747000045,0.024941422574693662,0,1,full_gpu,0.9935737868830262,0.1824146352582223,0.1494887959266281,0.15481853023008085,0.9932639187420047,0.9935737868830262,0.9925690979095871,0.0002772778998778191,0.05639355701454838,1.0,1.0,1.0,1.0,0.0,0.0,0.9738902132263213,False
4,5,2405287,126594,False,False,False,0.04476072806803002,0.007984872446183297,0.05274560051504076,39.278515625,0.44658775099969716,0.04516347381935558,1,1,full_gpu,0.9904339858129138,0.22276827531409116,0.23491133475160048,0.2271966707057399,0.9898360462999838,0.9904339858129138,0.989996775858609,0.00031134670881366076,0.17685337113075247,1.0,1.0,1.0,1.0,0.0,0.0,0.9738902132263213,False
4,6,2552285,134332,False,False,False,0.0023479319510986267,0.0002394660481154194,0.0025873980006315077,42.1861328125,0.477324512999985,0.0019942645329735892,0,1,full_gpu,0.9993895721049341,0.1369452406362235,0.12868937455519008,0.13243658826500226,0.9994059654643918,0.9993895721049341,0.9993938248815564,7.736678301102497e-05,0.018369448974221696,0.9999925557573772,1.0,0.9999925557573772,0.9999962778648344,0.0,7.444242622755561e-06,0.9738902132263213,False
4,7,1733726,91249,False,False,False,0.04778888179361739,0.014133159562178635,0.061922041301714914,28.547810546875,0.32256324399986624,0.054974130505641455,1,1,full_gpu,0.9939177415642911,0.23756480788591883,0.19911745469720815,0.19761358192258194,0.9945142901691609,0.9939177415642911,0.9929040825322675,0.000511366084137009,0.12441195706749773,1.0,1.0,1.0,1.0,0.0,0.0,0.9738902132263213,False
4,8,12121531,637978,True,True,True,0.2751565245643579,0.00942816268581173,0.2845846873484784,201.049375,2.2869409119998636,0.2725669961508273,0,1,full_gpu,0.8913692948659672,0.4195138193624521,0.3734056716043246,0.3788420074106558,0.8240348158297608,0.8913692948659672,0.8506626125622061,0.003953671540264768,0.45012374016038126,0.9869321512654041,0.9983350960735594,0.9877334401441946,0.9930059722302618,0.025446014231205526,0.012266559855805338,0.9738902132263213,True
4,9,4136478,217714,False,False,False,0.04605055379413922,0.007997872463280051,0.054048426250751944,68.4278515625,0.7788518760003171,0.04422621610164489,0,1,full_gpu,0.9901659975931727,0.290991012216962,0.2957749944168732,0.2792721327765218,0.9893778736469302,0.9901659975931727,0.9886273013664567,0.0003261857387548826,0.2630485349948915,1.0,1.0,1.0,1.0,0.0,0.0,0.9738902132263213,False
4,10,3767327,198280,False,False,False,0.017187064166063727,0.0025018517871133726,0.019688915952415755,62.36283203125,0.7133118749998175,0.016639965773831217,1,1,full_gpu,0.9965705063546499,0.22003562637186222,0.208606781982858,0.20977165240771364,0.996033356296067,0.9965705063546499,0.9962200839977544,0.00011145398881569852,0.20315792389949489,1.0,1.0,1.0,1.0,0.0,0.0,0.9738902132263213,False
5,1,29942,1578,True,True,True,0.5438239347127706,0.3614357079247814,0.905259640695902,0.49473330688476563,0.006122654000137118,0.22484436808732375,0,1,full_gpu,0.958808618504436,0.08548391252259717,0.07149405216632107,0.07538585495272519,0.9376581334838815,0.958808618504436,0.9445841140362594,0.009019155765429207,0.16380006548073775,1.0,1.0,1.0,1.0,0.0,0.0,0.9763021402225762,True
5,2,2101011,110578,True,True,True,0.13698306150337894,0.029473123375630805,0.1664561847780123,32.693650390625,0.37283883500003867,0.10791148400116532,1,1,full_gpu,0.9698041201685688,0.3755622695280255,0.3736746515492029,0.37274211483358444,0.9586563784956325,0.9698041201685688,0.9636125021129704,0.0009744030831261644,0.24397240727432662,0.9956501293204797,0.9969791260330391,0.9986551323059029,0.9978164253839414,0.6283018867924528,0.0013448676940971212,0.9763021402225762,True
5,3,3542026,186424,False,False,False,0.0965309932289383,0.011850391447564047,0.1083813846777192,56.76103125,0.647415311000259,0.09428529551534322,1,1,full_gpu,0.9764461657297344,0.3009971959319578,0.29865772967335713,0.27639429940675936,0.9733633230814593,0.9764461657297344,0.973386833101908,0.0007803420945288491,0.4366363879737017,0.9902051238038021,0.9936054717185974,0.9964723174914257,0.9950368296594276,0.43087051938551574,0.003527682508574228,0.9763021402225762,False
5,4,1824241,96013,False,False,False,0.024700143930781557,0.0017394140637702008,0.02643955798295452,30.24132421875,0.3422592500000974,0.022269600314006755,0,1,full_gpu,0.9936362784206305,0.1828395153785466,0.15143787958295626,0.1563832551496404,0.9932598065565758,0.9936362784206305,0.9926707776590703,0.00028254976511111324,0.0544444733582202,1.0,1.0,1.0,1.0,0.0,0.0,0.9763021402225762,False
5,5,2405287,126594,False,False,False,0.03634328008078517,0.004516920830697823,0.040860200936332594,39.29023046875,0.44934730100021625,0.03642048962238997,1,1,full_gpu,0.9905129784981911,0.2258164628755649,0.2347447100706764,0.22867572149933418,0.989890791972385,0.9905129784981911,0.9900410856532901,0.00031021440209351523,0.17701999581167654,1.0,1.0,1.0,1.0,0.0,0.0,0.9763021402225762,False
5,6,2552285,134332,False,False,False,0.0021875327703366155,0.00020913591407283155,0.002396668684832523,42.24551953125,0.481458940000266,0.0018873366612978852,0,1,full_gpu,0.9993895721049341,0.14084733658881443,0.11625731409567862,0.12471276190620957,0.9993447924935145,0.9993895721049341,0.9993165373594929,0.00010269781276521561,0.030801509433733144,1.0,1.0,1.0,1.0,0.0,0.0,0.9763021402225762,False
5,7,1733726,91249,False,False,False,0.03364176209475502,0.010356139051831083,0.043997901144711346,28.583158203125,0.32209025700012717,0.029656833611516675,1,1,full_gpu,0.9960218742123201,0.24747444478682834,0.21756662355749876,0.22298785185339062,0.9959856631173297,0.9960218742123201,0.9953875549657974,0.00032167943916008455,0.1059627882072071,1.0,1.0,1.0,1.0,0.0,0.0,0.9763021402225762,False
5,8,12121531,637978,True,True,True,0.27136872268779333,0.00980780875478224,0.28117653149437927,201.445296875,2.2944302450000578,0.2644430828972551,0,1,full_gpu,0.8916545711607611,0.41898117288632486,0.3796676271059971,0.3829422256446395,0.8242666743561298,0.8916545711607611,0.8509449024203144,0.003942617979446843,0.44386178465870874,0.9870418729172479,0.9984311290978317,0.9877551361004022,0.993064440218025,0.023976487573476334,0.01224486389959779,0.9763021402225762,True
5,9,4136478,217714,False,False,False,0.036907707784546086,0.0043601452989838665,0.041267853054677825,68.5502421875,0.7821680759998344,0.03526016982893035,0,1,full_gpu,0.9902624544126698,0.29678338095599816,0.295820919316256,0.2844471847378238,0.9895280648886139,0.9902624544126698,0.9887511684481101,0.0003133830685991286,0.26300261009550874,1.0,1.0,1.0,1.0,0.0,0.0,0.9763021402225762,False
5,10,3767327,198280,False,False,False,0.01472312838331633,0.0015419433398458718,0.0162650717189616,62.5171875,0.7164436540001589,0.014715687190185326,1,1,full_gpu,0.9964847690135162,0.2176169038073576,0.20856874338370185,0.20964676552361367,0.9958734940577703,0.9964847690135162,0.9961141502331369,0.00012135695525303163,0.20319596249865113,1.0,1.0,1.0,1.0,0.0,0.0,0.9763021402225762,False
6,1,29942,1578,True,True,True,0.7773210360517993,0.5370191808611555,1.3143402053242688,0.49900686645507814,0.006146753999928478,0.30373544052375434,0,1,full_gpu,0.9423320659062104,0.08409331852221034,0.06287787842409692,0.06867055805362836,0.92169583241532,0.9423320659062104,0.9260565897401658,0.012679135791814107,0.1724162392229619,1.0,1.0,1.0,1.0,0.0,0.0,0.9748130777334302,True
6,2,2101011,110578,True,True,True,0.10876589530026647,0.004900655452040919,0.11366655065973558,32.78005859375,0.3737604790003388,0.10399532871804858,1,1,full_gpu,0.9703557669699217,0.37433760643395747,0.37805059364106325,0.3754760571816104,0.959043156539818,0.9703557669699217,0.9643475523535996,0.0009549307463469786,0.23959646518246622,0.9957767367830852,0.9974397385264878,0.9983189153823786,0.9978791333057817,0.5320754716981132,0.0016810846176214015,0.9748130777334302,True
6,3,3542026,186424,False,False,False,0.08475723035632061,0.006467350089043468,0.0912245804141474,56.84223828125,0.6496604940002726,0.08265760256661646,1,1,full_gpu,0.977116680255761,0.30446190185023325,0.304431644242044,0.28638624344048835,0.9740795671476963,0.977116680255761,0.9744604767760019,0.0007488258196565999,0.4308624734050148,0.9899851950392653,0.9942373452645656,0.9956067287277478,0.9949215658006763,0.387710314557425,0.004393271272252164,0.9748130777334302,False
6,4,1824241,96013,False,False,False,0.023081872717594685,0.001301914667505147,0.024383787370787807,30.27429296875,0.3429805169998872,0.020973872173956506,0,1,full_gpu,0.9937612614958391,0.18534976530196468,0.1515200747528257,0.1576460817770931,0.9934776675539694,0.9937612614958391,0.9927768882102365,0.00027747513203068793,0.05436227818835078,1.0,1.0,1.0,1.0,0.0,0.0,0.9748130777334302,False
6,5,2405287,126594,False,False,False,0.031794172794309704,0.0027416767682971084,0.03453584954742381,39.293703125,0.44759739899973283,0.031653546118567896,1,1,full_gpu,0.9905366763037743,0.2291053543796553,0.2339160569206422,0.22963832230947273,0.989991180061991,0.9905366763037743,0.9899746355837561,0.00030766724765455037,0.17784864896171074,1.0,1.0,1.0,1.0,0.0,0.0,0.9748130777334302,False
6,6,2552285,134332,False,False,False,0.0020852744550657956,0.0001782428975455463,0.002263517350117632,42.339421875,0.4823511969998435,0.0017636104319132032,0,1,full_gpu,0.9994044605901795,0.1395314495564665,0.11807207943201259,0.12596824689188063,0.9993623866136513,0.9994044605901795,0.999353420956989,9.500010914635872e-05,0.028986744097399177,1.0,1.0,1.0,1.0,0.0,0.0,0.9748130777334302,False
6,7,1733726,91249,False,False,False,0.022377256336030823,0.004366744607037374,0.026744000944830683,28.577111328125,0.3251490260004175,0.020789763062846495,1,1,full_gpu,0.9959561200670692,0.2440966391692116,0.2166648287848836,0.22053603355862678,0.9959563187815583,0.9959561200670692,0.9952739896454421,0.00025791624782987415,0.10686458297982228,1.0,1.0,1.0,1.0,0.0,0.0,0.9748130777334302,False
6,8,12121531,637978,True,True,True,0.262956310278775,0.004406864504785923,0.26736317481947736,201.623609375,2.293577970000115,0.262927798452261,0,1,full_gpu,0.8917282414127133,0.4226206939107354,0.37898057187515444,0.38433108510965197,0.8242213857354206,0.8917282414127133,0.8508263216893744,0.00394228780406099,0.4445488398895514,0.9869431234305885,0.9986362316785827,0.9874463859543717,0.9930097862991811,0.02083118490254718,0.012553614045628264,0.9748130777334302,True
6,9,4136478,217714,False,False,False,0.03221896056304322,0.0026497010003921646,0.034868661565523075,68.480796875,0.7785262279999188,0.030671501967413653,0,1,full_gpu,0.990358911232167,0.296624041860293,0.296318884728264,0.2847952744212565,0.989593496578651,0.990358911232167,0.9888405854623808,0.0003124191046359122,0.26250464468350065,1.0,1.0,1.0,1.0,0.0,0.0,0.9748130777334302,False
6,10,3767327,198280,False,False,False,0.013576381599789744,0.0012978540177536195,0.014874235609474169,62.55179296875,0.7156833489998462,0.013511654367267978,1,1,full_gpu,0.9965805931006657,0.21837929825284838,0.2093498472209392,0.21042532117172505,0.9960170642991667,0.9965805931006657,0.9962272464458317,0.00011531423484934065,0.20241485866141376,1.0,1.0,1.0,1.0,0.0,0.0,0.9748130777334302,False
7,1,29942,1578,True,True,True,0.35789579540345784,0.19440159637703183,0.5522973896502238,0.5142221069335937,0.00622216900001149,0.21136946490811154,0,1,full_gpu,0.9632446134347274,0.08705147569090092,0.07669431408927208,0.08077439409442862,0.9419103231543368,0.9632446134347274,0.9510478573593082,0.008748114630467572,0.15859980355778674,1.0,1.0,1.0,1.0,0.0,0.0,0.9770895772337693,True
7,2,2101011,110578,True,True,True,0.1222749665125681,0.01997393863489591,0.1422489051477509,32.77233203125,0.3740096909996282,0.10169835452777819,1,1,full_gpu,0.9707627195282967,0.37786017794055926,0.3788509167231214,0.37724155840666196,0.9594289407333244,0.9707627195282967,0.9646543322773284,0.00094314925272401,0.23879614210040803,0.9958581272947603,0.9973045088216075,0.9985370020354755,0.997920374877402,0.560377358490566,0.001462997964524571,0.9770895772337693,True
7,3,3542026,186424,False,False,False,0.07842037849816788,0.004321987709847023,0.08274236619889487,56.805109375,0.649894549000237,0.07651254712617055,1,1,full_gpu,0.9775994507145003,0.3184509134848669,0.30786434550395875,0.30245655662776316,0.9746065020923704,0.9775994507145003,0.9750822300865065,0.0007380730934109547,0.4274297721431001,0.990280221430717,0.9939115794047361,0.9962382274484185,0.9950735434055626,0.41002194586686175,0.003761772551581469,0.9770895772337693,False
7,4,1824241,96013,False,False,False,0.022162319052828117,0.0011029025524530148,0.02326522161011875,30.266294921875,0.342030123999848,0.019993418256034096,0,1,full_gpu,0.9938029225209086,0.18133531229099203,0.1531399983216088,0.1577488357398229,0.9934449669798032,0.9938029225209086,0.9929168924921441,0.0002710673585718763,0.052742354619567666,1.0,1.0,1.0,1.0,0.0,0.0,0.9770895772337693,False
7,5,2405287,126594,False,False,False,0.029205661849294413,0.0017962927541200669,0.031001954554039507,39.17504296875,0.44799258900002314,0.029123981230605136,1,1,full_gpu,0.9906077697205239,0.22817694696919485,0.23451467688267866,0.2293517972801052,0.9901544908481157,0.9906077697205239,0.9901048031469676,0.0003054766550861971,0.1772500289996743,1.0,1.0,1.0,1.0,0.0,0.0,0.9770895772337693,False
7,6,2552285,134332,False,False,False,0.0019783271240997446,0.0001637987082911201,0.0021421258336906295,42.22396875,0.4808055339999555,0.0016456061099889901,0,1,full_gpu,0.9994267933180478,0.1367566864792752,0.1294163666625743,0.13276774521092277,0.9994211777428359,0.9994267933180478,0.9994212983912389,7.498418835233466e-05,0.017642456866837436,1.0,1.0,1.0,1.0,0.0,0.0,0.9770895772337693,False
7,7,1733726,91249,False,False,False,0.017658656818019043,0.002676387414307732,0.020335044213879754,28.5200234375,0.3237218470003427,0.016107317046555606,1,1,full_gpu,0.9963068088417407,0.2512172489885965,0.2197186068503246,0.22746801186175258,0.996138808975645,0.9963068088417407,0.9957474228129649,0.00037697068680547774,0.10381080491438127,1.0,1.0,1.0,1.0,0.0,0.0,0.9770895772337693,False
7,8,12121531,637978,True,True,True,0.26279281237021807,0.00583214450888757,0.2686249569407264,201.144015625,2.291111260999969,0.2588939513018817,0,1,full_gpu,0.8919602243337544,0.41902531987655806,0.3832982737153473,0.3865839290695519,0.8246474422847861,0.8919602243337544,0.8514348468465696,0.003933302154089692,0.4402311380493586,0.9872801256469659,0.9982970687663865,0.9881423254727215,0.9931937414292724,0.026038981128183973,0.011857674527278492,0.9770895772337693,True
7,9,4136478,217714,False,False,False,0.029705403532320374,0.0017506805147249043,0.031456084060257114,68.44003125,0.7793515570001546,0.0282610212333917,0,1,full_gpu,0.99043240214226,0.2969945548061461,0.2965513596836018,0.28515782307932147,0.9896627489156349,0.99043240214226,0.9889339525800792,0.00030930265065834037,0.2622721697281629,1.0,1.0,1.0,1.0,0.0,0.0,0.9770895772337693,False
7,10,3767327,198280,False,False,False,0.012783134021112228,0.0010439722842348076,0.01382710629773667,62.519234375,0.7169346900000164,0.012364513623466746,1,1,full_gpu,0.9967520677829332,0.21899094896631313,0.20873818027493252,0.2097198381293957,0.9961683639765766,0.9967520677829332,0.996382563641333,0.0001054718217590916,0.2030265256074204,1.0,1.0,1.0,1.0,0.0,0.0,0.9770895772337693,False
8,1,29942,1578,True,True,True,0.30401751210125627,0.14901723899606648,0.4530347481008666,0.49675640869140625,0.006301399000221863,0.16975721932182747,0,1,full_gpu,0.9746514575411914,0.08740854036625191,0.08616719415038743,0.08675293162022644,0.952550307415651,0.9746514575411914,0.963393822448599,0.0060331825037707384,0.1491269234966714,1.0,1.0,1.0,1.0,0.0,0.0,0.9783041629032987,True
8,2,2101011,110578,True,True,True,0.1257791609582592,0.02428109766208858,0.1500602590980251,32.765287109375,0.3724176890000308,0.10051520653124943,1,1,full_gpu,0.9709797608927635,0.3778210335752444,0.3804955839741966,0.37822046032390294,0.9597386761032831,0.9709797608927635,0.9649650538968435,0.0009352177176377524,0.23715147484933283,0.9958762140751325,0.9973767813379323,0.9984824803722012,0.9979293245783724,0.5452830188679245,0.0015175196277987786,0.9783041629032987,True
8,3,3542026,186424,False,False,False,0.07458843357998511,0.0032707564399638736,0.07785919003573318,56.72484375,0.648210188000121,0.07338089298977901,1,1,full_gpu,0.9775887224820838,0.3201910798202392,0.27760259282971306,0.2905885965492937,0.9743321327799691,0.9775887224820838,0.9751261053266344,0.0007366988031659592,0.4576915248173457,0.9900066515040982,0.9943772261344789,0.995486961729,0.9949317844852211,0.37820043891733723,0.0045130382710000545,0.9783041629032987,True
8,4,1824241,96013,False,False,False,0.021448118985137588,0.001107466848503863,0.02255558584140384,30.274478515625,0.34232434699970327,0.019599652405315963,0,1,full_gpu,0.9938862445710477,0.18205436038409809,0.15440607467654902,0.1608076962069477,0.9936078429795423,0.9938862445710477,0.9930082048760236,0.00027038858524156646,0.051476278264627424,1.0,1.0,1.0,1.0,0.0,0.0,0.9783041629032987,False
8,5,2405287,126594,False,False,False,0.0277718812321281,0.0012655218214484665,0.02903740304603622,39.22248828125,0.44719116699980077,0.02743245254435362,1,1,full_gpu,0.9906156689890516,0.2311455100769526,0.23514995472717015,0.23185517253251597,0.9901023857981072,0.9906156689890516,0.9901355872679576,0.0003052956078148135,0.17661475115518274,1.0,1.0,1.0,1.0,0.0,0.0,0.9783041629032987,False
8,6,2552285,134332,False,False,False,0.001905294870977091,0.00015811619610324413,0.0020634110654959,42.191421875,0.48229937799987965,0.0016050720283707766,0,1,full_gpu,0.9994267933180478,0.13662830168300713,0.12977921630385533,0.13291783830842002,0.9994185425314382,0.9994267933180478,0.9994206553101579,7.498432045424308e-05,0.01727960722555642,1.0,1.0,1.0,1.0,0.0,0.0,0.9783041629032987,False
8,7,1733726,91249,False,False,False,0.015002998582195571,0.0018144075341538137,0.01681740611603366,28.5374765625,0.32420149900008255,0.012995296599047168,1,1,full_gpu,0.9965369483501189,0.2463375225270783,0.22354342468374924,0.23041672653271095,0.9963793197971641,0.9965369483501189,0.996168987762686,0.00027962401284828246,0.09998598708095663,1.0,1.0,1.0,1.0,0.0,0.0,0.9783041629032987,False
8,8,12121531,637978,True,True,True,0.2596377274264685,0.00409090412027341,0.26372863152678516,201.115671875,2.294488535999335,0.25589825975337316,0,1,full_gpu,0.8920244898726916,0.42329566580211053,0.38235361376968136,0.38778045814214746,0.8247921561817221,0.8920244898726916,0.851502512128453,0.003932907077349991,0.44117579799502454,0.9873428237337337,0.9983240685007494,0.9881823795457201,0.993227335898139,0.025626482417242444,0.011817620454279944,0.9783041629032987,True
8,9,4136478,217714,False,False,False,0.028323264194049687,0.0013141218956819788,0.029637386083589807,68.3851875,0.7796559190001062,0.026913443724053007,0,1,full_gpu,0.9906299089631351,0.297309919549121,0.29781776650835295,0.28668195538717667,0.9897987853561389,0.9906299089631351,0.9891956766334706,0.0003057197746084157,0.26100576290341176,1.0,1.0,1.0,1.0,0.0,0.0,0.9783041629032987,False
8,10,3767327,198280,False,False,False,0.0122050466830772,0.0007178147875473791,0.012922861465154367,62.3979453125,0.7165951939996376,0.012100279328802407,1,1,full_gpu,0.9967016340528545,0.2190995792749728,0.20869102525791822,0.209752781294257,0.9961116567025564,0.9967016340528545,0.9963301970737127,0.00010729235240960963,0.2030736806244347,1.0,1.0,1.0,1.0,0.0,0.0,0.9783041629032987,False
9,1,29942,1578,True,True,True,0.42094706846723956,0.22381938796051987,0.6447664486791382,0.5027850952148437,0.006384205999893311,0.1945683197679024,0,1,full_gpu,0.9708491761723701,0.08604836900435231,0.08438942131772842,0.08517968053821445,0.9487746560980066,0.9708491761723701,0.959577156813079,0.006674972650427581,0.15090469632933037,1.0,1.0,1.0,1.0,0.0,0.0,0.977614346568125,True
9,2,2101011,110578,True,True,True,0.10288899014816634,0.00376787893478404,0.10665686907151115,32.793296875,0.37381806499979575,0.09890115677854376,1,1,full_gpu,0.9712962795492774,0.37860248152173,0.3815372347873804,0.37931002792772905,0.9599564406403116,0.9712962795492774,0.9652617692480826,0.0009259982136020063,0.23610982403614908,0.9956863028812241,0.9974485394931583,0.9982189589997092,0.9978336005377394,0.530188679245283,0.0017810410002907823,0.977614346568125,True
9,3,3542026,186424,True,True,True,0.08168328625229536,0.00877074784495542,0.09045403415668342,56.727234375,0.6453783229999317,0.0825888604221132,1,1,full_gpu,0.9744453503840708,0.32283462048041983,0.2690885465876154,0.2776536162446914,0.9750523050807357,0.9744453503840708,0.9700498704144278,0.0008235777925792949,0.46620557105944344,0.9885851607089216,0.9891533935383753,0.9993739452338178,0.9942374037987641,0.7362838332114119,0.0006260547661821547,0.977614346568125,True
9,4,1824241,96013,False,False,False,0.02101023917143411,0.0010477298118728112,0.02205796895299635,30.265484375,0.34275551099926815,0.019101708881900676,0,1,full_gpu,0.9939591513649193,0.18416162541031852,0.15301446361989138,0.15801054316939653,0.9936890579770247,0.9939591513649193,0.9930676521401641,0.00026333441979751364,0.052867889321285076,1.0,1.0,1.0,1.0,0.0,0.0,0.977614346568125,False
9,5,2405287,126594,False,False,False,0.026848867832874088,0.0009377880233183963,0.027786655844776676,39.27912890625,0.4462895970000318,0.02689398298753668,1,1,full_gpu,0.9905919711834684,0.22898365896236686,0.23341875108942312,0.22890649793139517,0.9901269464841866,0.9905919711834684,0.9900141924881889,0.0003066064822533355,0.1783459547929298,1.0,1.0,1.0,1.0,0.0,0.0,0.977614346568125,False
9,6,2552285,134332,False,False,False,0.0018423954133109097,0.00014805558209468044,0.0019904509943556147,42.2062890625,0.48016340599951945,0.0015641930196800876,0,1,full_gpu,0.9994416818032933,0.13602492487606344,0.13268253056403237,0.13410595552765817,0.9994730699537149,0.9994416818032933,0.9994561539417044,6.365684544030017e-05,0.014376292965379416,1.0,1.0,1.0,1.0,0.0,0.0,0.977614346568125,False
9,7,1733726,91249,False,False,False,0.013388126852834407,0.0012972745901138217,0.014685401447243923,28.587052734375,0.32398653800009924,0.01352371893736025,1,1,full_gpu,0.9959999561639031,0.25211679201824855,0.21722289335047495,0.22418123745707372,0.9959252701477344,0.9959999561639031,0.9953074051054815,0.00044144396657112763,0.10630651841423092,1.0,1.0,1.0,1.0,0.0,0.0,0.977614346568125,False
9,8,12121531,637978,True,True,True,0.25756180236084786,0.0029903811900880337,0.2605521835924854,201.144515625,2.289659137999479,0.254230001007884,0,1,full_gpu,0.8921122671941666,0.42242311665619875,0.382764101663331,0.387474761213601,0.8246866431110809,0.8921122671941666,0.8514070153910223,0.00393001773564526,0.4407653101013748,0.9872691534817815,0.9985408182888607,0.987888649677064,0.9931861730151647,0.022300711560276375,0.012111350322935964,0.977614346568125,True
9,9,4136478,217714,False,False,False,0.027515057283324405,0.0010634652635246847,0.02857852255178643,68.299390625,0.7812467490002746,0.026177951223983392,0,1,full_gpu,0.9906804339638241,0.2973339442693024,0.2981725285660314,0.2873072905990533,0.9898418205773828,0.9906804339638241,0.9893028741288158,0.00030619411340026864,0.26065100084573334,1.0,1.0,1.0,1.0,0.0,0.0,0.977614346568125,False
9,10,3767327,198280,False,False,False,0.011886767825794732,0.0006823470960732387,0.012569114914946078,62.31263671875,0.7147264940003879,0.011833494830713508,1,1,full_gpu,0.9967671979019568,0.21963147135160033,0.20909460265294325,0.21024670865935377,0.9961872725884302,0.9967671979019568,0.996401078420545,0.00010457618833976351,0.20267010322940968,1.0,1.0,1.0,1.0,0.0,0.0,0.977614346568125,False
10,1,29942,1578,True,True,True,0.3935439181329014,0.2415616567512308,0.6351055802975109,0.5026467590332031,0.0061715629999525845,0.1614170437076699,0,1,full_gpu,0.9746514575411914,0.08740854036625191,0.08616719415038743,0.08675293162022644,0.952550307415651,0.9746514575411914,0.963393822448599,0.0060331825037707384,0.1491269234966714,1.0,1.0,1.0,1.0,0.0,0.0,0.9775970632865846,True
10,2,2101011,110578,True,True,True,0.10151564549809958,0.003943679090738677,0.10545932460300617,32.7538359375,0.3738997680002285,0.09762076280740108,1,1,full_gpu,0.9714952341333719,0.38024236204013084,0.38184336074104996,0.37988443071055966,0.9602920986543286,0.9714952341333719,0.9654361033315818,0.0009204538056729814,0.23580369808247947,0.995840040514388,0.9972864066215309,0.9985370020354755,0.9979113125130543,0.5641509433962264,0.001462997964524571,0.9775970632865846,True
10,3,3542026,186424,True,True,True,0.07988937222767913,0.006798028265998338,0.08668740051192081,56.7551640625,0.6467748489994847,0.09813377944480726,1,1,full_gpu,0.9697088357722181,0.2913607568767462,0.2610003318503918,0.2588937877266738,0.9609352630764812,0.9697088357722181,0.9619495963187533,0.0009548526848809313,0.4742937857966671,0.9853345062867442,0.9853345062867442,1.0,0.9926130867786682,1.0,0.0,0.9775970632865846,True
10,4,1824241,96013,False,False,False,0.020599233056833106,0.0011137352249716882,0.021712968268633958,30.226798828125,0.342063713999778,0.01885415098932424,0,1,full_gpu,0.9939279055961172,0.18550070049205866,0.15372593798440035,0.1590767782967846,0.9937322360183422,0.9939279055961172,0.9930170771640751,0.00026747299470206533,0.0521564149567761,1.0,1.0,1.0,1.0,0.0,0.0,0.9775970632865846,False
10,5,2405287,126594,False,False,False,0.026320354623390142,0.0008100449192084564,0.02713039953473831,39.22351171875,0.444730662999973,0.026213136998383336,1,1,full_gpu,0.9907262587484399,0.22952407242960404,0.2335390655544213,0.22886599620000597,0.9902167364999684,0.9907262587484399,0.9900738925354459,0.0003001337877647392,0.17822564032793164,1.0,1.0,1.0,1.0,0.0,0.0,0.9775970632865846,False
10,6,2552285,134332,False,False,False,0.0018235285937996215,0.00015490102430295568,0.0019784296189146395,42.166890625,0.480620997999722,0.0015323818700790576,0,1,full_gpu,0.9994416818032933,0.13577487665691498,0.1337710794878754,0.13445609535183878,0.9994902443432871,0.9994416818032933,0.999463325643653,6.0027074045214126e-05,0.013287744041536376,1.0,1.0,1.0,1.0,0.0,0.0,0.9775970632865846,False
10,7,1733726,91249,False,False,False,0.012961782002656812,0.00157430072029209,0.014536082728031764,28.550462890625,0.3220840809999572,0.011776175179830739,1,1,full_gpu,0.9963506449385746,0.24834020458825926,0.2235073288567635,0.23253087613164714,0.9960558566030874,0.9963506449385746,0.9960492819725885,0.00039626375276952347,0.10002208290794237,1.0,1.0,1.0,1.0,0.0,0.0,0.9775970632865846,False
10,8,12121531,637978,True,True,True,0.2564979336447864,0.002800577837375514,0.2592985114261142,201.19846875,2.288125316999867,0.25329073246568407,0,1,full_gpu,0.8920856205072902,0.4239864025013609,0.3833224270376503,0.38851008848339585,0.824510395500928,0.8920856205072902,0.8511300630255202,0.003931316458463363,0.4402069847270555,0.9870371705607404,0.9987895751526958,0.9873946494434153,0.9930594254177773,0.018485098484067236,0.012605350556584722,0.9775970632865846,True
10,9,4136478,217714,False,False,False,0.026993233146157574,0.0009338645799060085,0.027927097734146474,68.290234375,0.7791190930001903,0.025734848293975626,0,1,full_gpu,0.9907401453282747,0.297960146645064,0.2980151116643676,0.287094677897248,0.9899249137222922,0.9907401453282747,0.9893114886636697,0.00030513876578849695,0.26080841774739705,1.0,1.0,1.0,1.0,0.0,0.0,0.9775970632865846,False
10,10,3767327,198280,False,False,False,0.011647284463868618,0.0006730591333440796,0.012320343601227156,62.413015625,0.7164677399996435,0.011496989164762206,1,1,full_gpu,0.9968428484970748,0.2181497954658291,0.20908849145625302,0.2101758650318264,0.996245231669823,0.9968428484970748,0.9964785700894602,0.00010281698006321667,0.20267621442609987,1.0,1.0,1.0,1.0,0.0,0.0,0.9775970632865846,False
