round,mean_local_model_total_loss,mean_proxy_cross_entropy_loss,mean_local_validation_accuracy,mean_local_validation_macro_f1,min_local_validation_accuracy,max_local_validation_accuracy,min_local_validation_macro_f1,max_local_validation_macro_f1,fairness_accuracy_std,selection_threshold_accuracy,selected_clients_current,selected_clients_next,selected_client_count,selected_client_count_next,global_validation_loss,global_validation_accuracy,global_validation_macro_f1,round_seconds,cumulative_seconds,communication_bytes,communication_mib,communication_cumulative_bytes,communication_cumulative_mib,predicted_worker_load_gpu0_seconds,predicted_worker_load_gpu1_seconds,actual_worker_load_gpu0_seconds,actual_worker_load_gpu1_seconds,worker_idle_gpu0_seconds,worker_idle_gpu1_seconds,peak_allocated_gpu0_bytes,peak_allocated_gpu1_bytes,peak_reserved_gpu0_bytes,peak_reserved_gpu1_bytes,peak_allocated_max_bytes,peak_allocated_sum_bytes,peak_reserved_max_bytes,peak_reserved_sum_bytes
1,0.9086325810966559,0.5433369316494867,0.835091450591069,0.06360945972802204,0.5690824576317169,0.9903820385313998,0.02668797590159819,0.1514600881903505,0.10490627920709099,,"[1, 2, 3, 4, 5, 6, 7, 8, 9, 10]","[1, 2, 3, 4, 5, 6, 7, 8, 9, 10]",10,10,0.5577603244231669,0.8265174317225141,0.35143576312771274,220.33836526799996,220.33836526799996,4560,0.0043487548828125,4560,0.0043487548828125,850.6050426101684,850.5032347056072,220.31840466200015,219.89014856200015,0.0,0.4282560999999987,2923806720,2493632000,4049600512,4074766336,2923806720,5417438720,4074766336,8124366848
2,0.4693896777413506,0.35999215464471995,0.8902944952884667,0.08692083755100458,0.7775868617627376,0.9936872822559033,0.02747481971512009,0.195917381428904,0.05680262891335057,,"[1, 2, 3, 4, 5, 6, 7, 8, 9, 10]","[1, 2, 3, 4, 5, 6, 7, 8, 9, 10]",10,10,0.367698427089022,0.8851399980008219,0.4359223150344998,220.33491376000006,440.673279028,4560,0.0043487548828125,9120,0.008697509765625,850.6050426101684,850.5032347056072,219.95371659599982,220.3198984149999,0.36618181900007585,0.0,2996158464,2602159616,5830082560,5857345536,2996158464,5598318080,5857345536,11687428096
3,0.32751851990986336,0.2951922995383689,0.9157229457042506,0.10136796846892626,0.860867441986652,0.9963299883869815,0.02747481971512009,0.23468778459070413,0.04578405529384802,,"[1, 2, 3, 4, 5, 6, 7, 8, 9, 10]","[1, 2, 3, 4, 5, 6, 7, 8, 9, 10]",10,10,0.28053047209874665,0.9116613170141165,0.4951892622708183,220.97012998900004,661.6434090170001,4560,0.0043487548828125,13680,0.0130462646484375,850.6050426101684,850.5032347056072,220.2756467249999,220.95623645900014,0.6805897340002502,0.0,3068510208,2710687232,7610564608,7639924736,3068510208,5779197440,7639924736,15250489344
4,0.26238138695174623,0.2448650024899523,0.926368465679033,0.11561767200702484,0.876425855513308,0.9966873120328738,0.02747481971512009,0.25433896574950154,0.044261644530422764,,"[1, 2, 3, 4, 5, 6, 7, 8, 9, 10]","[1, 2, 3, 4, 5, 6, 7, 8, 9, 10]",10,10,0.23850749268399976,0.9206309628263936,0.5300169254779776,220.85306469399984,882.4964737109999,4560,0.0043487548828125,18240,0.01739501953125,850.6050426101684,850.5032347056072,220.66389726600005,220.83924776100002,0.17535049499997513,0.0,3140861952,2819214848,9391046656,9422503936,3140861952,5960076800,9422503936,18813550592
5,0.22375157215112743,0.21466482878129606,0.9397561399917415,0.12777036987248763,0.876425855513308,0.997014858708275,0.02747481971512009,0.2665613986245129,0.04033925406605537,,"[1, 2, 3, 4, 5, 6, 7, 8, 9, 10]","[1, 2, 3, 4, 5, 6, 7, 8, 9, 10]",10,10,0.21011049172078355,0.9302309050723592,0.5539834607572036,221.21775139300007,1103.714225104,4560,0.0043487548828125,22800,0.0217437744140625,850.6050426101684,850.5032347056072,220.48348739200037,221.20361713400007,0.720129741999699,0.0,3213213696,2927742464,11171528704,11202985984,3213213696,6140956160,11202985984,22374514688
6,0.2018145414083153,0.2000602204278415,0.9451731572043196,0.1330073151233389,0.876425855513308,0.9971860762885983,0.02747481971512009,0.2732372753075146,0.040046094647736515,,"[1, 2, 3, 4, 5, 6, 7, 8, 9, 10]","[1, 2, 3, 4, 5, 6, 7, 8, 9, 10]",10,10,0.1878881211722972,0.9357569665804059,0.5675192628184308,221.35912718100008,1325.073352285,4560,0.0043487548828125,27360,0.026092529296875,850.6050426101684,850.5032347056072,220.88612436100038,221.34506121599998,0.45893685499959247,0.0,3285565440,2925893120,12952010752,12058624000,3285565440,6211458560,12952010752,25010634752
7,0.18713902802852392,0.18665156258018342,0.9487701559215063,0.13670715437024333,0.876425855513308,0.997320072655808,0.02747481971512009,0.27731967294277954,0.0401688222597728,,"[1, 2, 3, 4, 5, 6, 7, 8, 9, 10]","[1, 2, 3, 4, 5, 6, 7, 8, 9, 10]",10,10,0.1761634288832825,0.9385952441773937,0.5755768623810739,221.03703156400024,1546.1103838490003,4560,0.0043487548828125,31920,0.0304412841796875,850.6050426101684,850.5032347056072,220.6912363649999,220.95018559100026,0.25894922600036807,0.0,3357917184,2925893120,14732492800,12322865152,3357917184,6283810304,14732492800,27055357952
8,0.17555181196805297,0.17615846990396267,0.9521066192534919,0.14286026898223322,0.876425855513308,0.99737962659679,0.02747481971512009,0.2821934652709584,0.040420357540090476,,"[1, 2, 3, 4, 5, 6, 7, 8, 9, 10]","[1, 2, 3, 4, 5, 6, 7, 8, 9, 10]",10,10,0.16712425548762797,0.9410803336406144,0.5830421675800908,221.56592456199996,1767.6763084110003,4560,0.0043487548828125,36480,0.0347900390625,850.6050426101684,850.5032347056072,221.24256137200018,221.55118039900026,0.30861902700007704,0.0,3376005120,2925893120,15439233024,12587106304,3376005120,6301898240,15439233024,28026339328
9,0.16641038482013112,0.16808755195635225,0.9546895913051652,0.1468344204645422,0.876425855513308,0.9974317362951494,0.02747481971512009,0.2843270815655582,0.0404102626547157,,"[1, 2, 3, 4, 5, 6, 7, 8, 9, 10]","[1, 2, 3, 4, 5, 6, 7, 8, 9, 10]",10,10,0.1584387947669381,0.9431472616813088,0.5918389985841072,221.69669549899982,1989.37300391,4560,0.0043487548828125,41040,0.0391387939453125,850.6050426101684,850.5032347056072,221.06035190000011,221.682895465,0.6225435649998872,0.0,3376005120,2925893120,7675576320,12851347456,3376005120,6301898240,12851347456,20526923776
10,0.15956495839736595,0.16093118784829555,0.9560389429871087,0.15161317188185144,0.876425855513308,0.9974764017508858,0.02747481971512009,0.28986481888753995,0.04032031177960954,,"[1, 2, 3, 4, 5, 6, 7, 8, 9, 10]","[1, 2, 3, 4, 5, 6, 7, 8, 9, 10]",10,10,0.1526137039991005,0.9445555715983429,0.5987228784596661,221.62198306899973,2210.994986979,4560,0.0043487548828125,45600,0.043487548828125,850.6050426101684,850.5032347056072,221.0909909689999,221.60798002899992,0.5169890600000144,0.0,3376005120,2925893120,9202302976,13115588608,3376005120,6301898240,13115588608,22317891584
