phase,round,client_id,model_family,local_epoch,selected_for_global_update,received_global_state,train_examples,optimizer_steps,proxy_optimizer_steps,sampler_padding_rows,hard_loss,soft_loss,proximal_loss,total_loss,cross_entropy_loss,distillation_kl_loss,enhanced_cross_entropy_loss,original_cross_entropy_loss,proxy_cross_entropy_loss,lambda,temperature,mu,epoch_seconds,gpu_id,concurrent_streams,gpu_cache_mode
pfedes_iterative_training,1,1,gru,1,True,True,29942,30,30,0,3.197694597084372,0.0,0.0,3.197694597084372,3.197694597084372,0.0,3.3339227968526424,3.182558219375977,3.017909951283597,0.0,1.0,0.1,0.49707838999984233,0,1,gpu_full_lru
pfedes_iterative_training,1,2,gru,1,True,True,2101011,2052,2052,0,1.8421472193412407,0.0,0.0,1.8421472193412407,1.8421472193412407,0.0,2.0508543584236665,1.8189575866522762,1.2759165536820063,0.0,1.0,0.1,26.46293407600001,1,1,gpu_full_lru
pfedes_iterative_training,1,3,gru,1,True,True,3542026,3460,3460,0,0.9505317260325772,0.0,0.0,0.9505317260325772,0.9505317260325772,0.0,1.1375075029818293,0.9297566623855829,0.5619127429707962,0.0,1.0,0.1,45.00276023899983,1,1,gpu_full_lru
pfedes_iterative_training,1,4,gru,1,True,True,1824241,1782,1782,0,0.7200292732663263,0.0,0.0,0.7200292732663263,0.7200292732663263,0.0,0.8241049246959219,0.7084653264223292,0.5935916569784797,0.0,1.0,0.1,23.246263516000226,1,1,gpu_full_lru
pfedes_iterative_training,1,5,gru,1,True,True,2405287,2349,2349,0,0.42955675116425784,0.0,0.0,0.42955675116425784,0.42955675116425784,0.0,0.5640053559762316,0.4146180274854709,0.19890074522232315,0.0,1.0,0.1,30.4178193570001,0,1,gpu_full_lru
pfedes_iterative_training,1,6,gru,1,True,True,2552285,2493,2493,0,0.28669167306959575,0.0,0.0,0.28669167306959575,0.28669167306959575,0.0,0.41142440867083,0.272832487463876,0.040700559984973225,0.0,1.0,0.1,32.12606900500009,0,1,gpu_full_lru
pfedes_iterative_training,1,7,gru,1,True,True,1733726,1694,1694,0,0.63099744323538,0.0,0.0,0.63099744323538,0.63099744323538,0.0,0.7606183735722997,0.6165951336308115,0.5237963637358737,0.0,1.0,0.1,22.511632286999884,1,1,gpu_full_lru
pfedes_iterative_training,1,8,gru,1,True,True,12121531,11838,11838,0,1.026595358517353,0.0,0.0,1.026595358517353,1.026595358517353,0.0,1.2233060406955294,1.0047386415824948,0.5797657295300344,0.0,1.0,0.1,155.48531547499988,0,1,gpu_full_lru
pfedes_iterative_training,1,9,gru,1,True,True,4136478,4040,4040,0,0.8099000202700047,0.0,0.0,0.8099000202700047,0.8099000202700047,0.0,0.9609693484335041,0.7931145615006917,0.6263222847384242,0.0,1.0,0.1,52.68558618300017,1,1,gpu_full_lru
pfedes_iterative_training,1,10,gru,1,True,True,3767327,3680,3680,0,1.0056060010449277,0.0,0.0,1.0056060010449277,1.0056060010449277,0.0,1.2412325317212,0.9794253009004382,0.4344143473308624,0.0,1.0,0.1,48.17119745900004,1,1,gpu_full_lru
pfedes_iterative_training,2,1,gru,1,True,True,29942,30,30,0,2.2723937676558235,0.0,0.0,2.2723937676558235,2.2723937676558235,0.0,2.410020750324279,2.25710194690235,1.545276980824974,0.0,1.0,0.1,0.4185820390000572,0,1,gpu_full_lru
pfedes_iterative_training,2,2,gru,1,True,True,2101011,2052,2052,0,1.0795092432920155,0.0,0.0,1.0795092432920155,1.0795092432920155,0.0,1.2822976772840737,1.0569772237088757,0.8005364485175357,0.0,1.0,0.1,27.006968973999847,1,1,gpu_full_lru
pfedes_iterative_training,2,3,gru,1,True,True,3542026,3460,3460,0,0.5037219998407585,0.0,0.0,0.5037219998407585,0.5037219998407585,0.0,0.5371124114713535,0.5000119666401023,0.40367552065620016,0.0,1.0,0.1,45.261541764000185,1,1,gpu_full_lru
pfedes_iterative_training,2,4,gru,1,True,True,1824241,1782,1782,0,0.5033212512179743,0.0,0.0,0.5033212512179743,0.5033212512179743,0.0,0.5098593496365514,0.5025948096301415,0.39574430372828634,0.0,1.0,0.1,23.108186038999975,1,1,gpu_full_lru
pfedes_iterative_training,2,5,gru,1,True,True,2405287,2349,2349,0,0.2156487480523316,0.0,0.0,0.2156487480523316,0.2156487480523316,0.0,0.2555959260187479,0.2112101781948096,0.1542929818584484,0.0,1.0,0.1,30.579048177999994,0,1,gpu_full_lru
pfedes_iterative_training,2,6,gru,1,True,True,2552285,2493,2493,0,0.03837352616954367,0.0,0.0,0.03837352616954367,0.03837352616954367,0.0,0.0411805333031557,0.038061637461868865,0.024473347084628744,0.0,1.0,0.1,32.479906117000155,0,1,gpu_full_lru
pfedes_iterative_training,2,7,gru,1,True,True,1733726,1694,1694,0,0.5108754797384921,0.0,0.0,0.5108754797384921,0.5108754797384921,0.0,0.5060928195122145,0.5114069001984987,0.4880135015130892,0.0,1.0,0.1,22.25330914799997,1,1,gpu_full_lru
pfedes_iterative_training,2,8,gru,1,True,True,12121531,11838,11838,0,0.49729666113555715,0.0,0.0,0.49729666113555715,0.49729666113555715,0.0,0.6170267183822246,0.4839933339339827,0.4281656923016025,0.0,1.0,0.1,154.77425317100005,0,1,gpu_full_lru
pfedes_iterative_training,2,9,gru,1,True,True,4136478,4040,4040,0,0.524919714146356,0.0,0.0,0.524919714146356,0.524919714146356,0.0,0.559227224795094,0.5211077819738567,0.3008952547012642,0.0,1.0,0.1,52.79778001599993,1,1,gpu_full_lru
pfedes_iterative_training,2,10,gru,1,True,True,3767327,3680,3680,0,0.35024362381711394,0.0,0.0,0.35024362381711394,0.35024362381711394,0.0,0.5116298960598302,0.3323118237615369,0.19175888067807614,0.0,1.0,0.1,48.14809951400002,1,1,gpu_full_lru
pfedes_iterative_training,3,1,gru,1,True,True,29942,30,30,0,1.2853726005038217,0.0,0.0,1.2853726005038217,1.2853726005038217,0.0,1.3443556141657451,1.2788189712407458,0.9765664116070685,0.0,1.0,0.1,0.39531135199990786,0,1,gpu_full_lru
pfedes_iterative_training,3,2,gru,1,True,True,2101011,2052,2052,0,0.6795497499620864,0.0,0.0,0.6795497499620864,0.6795497499620864,0.0,0.6834136130907419,0.6791204490204559,0.5282103513281855,0.0,1.0,0.1,26.85387592699999,1,1,gpu_full_lru
pfedes_iterative_training,3,3,gru,1,True,True,3542026,3460,3460,0,0.3789806803222302,0.0,0.0,0.3789806803222302,0.3789806803222302,0.0,0.38058194020147634,0.3788027723445595,0.297482228573431,0.0,1.0,0.1,45.46067565700014,1,1,gpu_full_lru
pfedes_iterative_training,3,4,gru,1,True,True,1824241,1782,1782,0,0.400945135280884,0.0,0.0,0.400945135280884,0.400945135280884,0.0,0.4194127425461995,0.39889318971921256,0.35202934254651347,0.0,1.0,0.1,23.32986825199987,1,1,gpu_full_lru
pfedes_iterative_training,3,5,gru,1,True,True,2405287,2349,2349,0,0.17977742476308498,0.0,0.0,0.17977742476308498,0.17977742476308498,0.0,0.17398959271973063,0.1804205217578252,0.13057216086993728,0.0,1.0,0.1,30.61543944799996,0,1,gpu_full_lru
pfedes_iterative_training,3,6,gru,1,True,True,2552285,2493,2493,0,0.027317252898306384,0.0,0.0,0.027317252898306384,0.027317252898306384,0.0,0.022940261357554826,0.027803586035600722,0.019700863276726637,0.0,1.0,0.1,32.48220799799992,0,1,gpu_full_lru
pfedes_iterative_training,3,7,gru,1,True,True,1733726,1694,1694,0,0.48069887406329886,0.0,0.0,0.48069887406329886,0.48069887406329886,0.0,0.475988233730783,0.4812222915460296,0.45586513398969697,0.0,1.0,0.1,22.291206654999996,1,1,gpu_full_lru
pfedes_iterative_training,3,8,gru,1,True,True,12121531,11838,11838,0,0.3826313880214517,0.0,0.0,0.3826313880214517,0.3826313880214517,0.0,0.4369484331444292,0.3765961706166462,0.40517037823638047,0.0,1.0,0.1,155.08339085499983,0,1,gpu_full_lru
pfedes_iterative_training,3,9,gru,1,True,True,4136478,4040,4040,0,0.2480470096397915,0.0,0.0,0.2480470096397915,0.2480470096397915,0.0,0.24992035741781135,0.24783886625949225,0.18160102641306852,0.0,1.0,0.1,53.314305685000136,1,1,gpu_full_lru
pfedes_iterative_training,3,10,gru,1,True,True,3767327,3680,3680,0,0.17678466329085016,0.0,0.0,0.17678466329085016,0.17678466329085016,0.0,0.18715487809425108,0.17563242163403212,0.11881343337776414,0.0,1.0,0.1,48.023390488999894,1,1,gpu_full_lru
pfedes_iterative_training,4,1,gru,1,True,True,29942,30,30,0,0.9461175868446066,0.0,0.0,0.9461175868446066,0.9461175868446066,0.0,0.9476321495874843,0.9459493272362344,0.8558310450982668,0.0,1.0,0.1,0.4039950700000645,0,1,gpu_full_lru
pfedes_iterative_training,4,2,gru,1,True,True,2101011,2052,2052,0,0.5026339624777136,0.0,0.0,0.5026339624777136,0.5026339624777136,0.0,0.5241008550164344,0.5002487651555679,0.41705553015962016,0.0,1.0,0.1,26.92820480000023,1,1,gpu_full_lru
pfedes_iterative_training,4,3,gru,1,True,True,3542026,3460,3460,0,0.27643361949504763,0.0,0.0,0.27643361949504763,0.27643361949504763,0.0,0.27385617408187823,0.27672000948715153,0.23433525217896733,0.0,1.0,0.1,45.48672822000003,1,1,gpu_full_lru
pfedes_iterative_training,4,4,gru,1,True,True,1824241,1782,1782,0,0.29266356680692446,0.0,0.0,0.29266356680692446,0.29266356680692446,0.0,0.3043937360457408,0.29136022178746,0.21263832200579122,0.0,1.0,0.1,23.220855148000055,1,1,gpu_full_lru
pfedes_iterative_training,4,5,gru,1,True,True,2405287,2349,2349,0,0.14672358146528022,0.0,0.0,0.14672358146528022,0.14672358146528022,0.0,0.13892067997774643,0.14759057457708066,0.11628086303067753,0.0,1.0,0.1,30.733858218999785,0,1,gpu_full_lru
pfedes_iterative_training,4,6,gru,1,True,True,2552285,2493,2493,0,0.021715060935944743,0.0,0.0,0.021715060935944743,0.021715060935944743,0.0,0.019343563441691167,0.02197856119709953,0.01746301310822524,0.0,1.0,0.1,32.70526027899996,0,1,gpu_full_lru
pfedes_iterative_training,4,7,gru,1,True,True,1733726,1694,1694,0,0.412295145779756,0.0,0.0,0.412295145779756,0.412295145779756,0.0,0.4115940890039381,0.41237305262037666,0.33482262516905614,0.0,1.0,0.1,22.30494382400002,1,1,gpu_full_lru
pfedes_iterative_training,4,8,gru,1,True,True,12121531,11838,11838,0,0.33866232234438765,0.0,0.0,0.33866232234438765,0.33866232234438765,0.0,0.3693434974828279,0.33525331064982894,0.3621577207951567,0.0,1.0,0.1,155.13881384600018,0,1,gpu_full_lru
pfedes_iterative_training,4,9,gru,1,True,True,4136478,4040,4040,0,0.17006874046270867,0.0,0.0,0.17006874046270867,0.17006874046270867,0.0,0.1709327309266734,0.16997274590603992,0.14788035230039007,0.0,1.0,0.1,53.20367439699976,1,1,gpu_full_lru
pfedes_iterative_training,4,10,gru,1,True,True,3767327,3680,3680,0,0.1189046715915202,0.0,0.0,0.1189046715915202,0.1189046715915202,0.0,0.12994873354080902,0.1176775566964289,0.09333588655346915,0.0,1.0,0.1,48.01854209399994,1,1,gpu_full_lru
pfedes_iterative_training,5,1,gru,1,True,True,29942,30,30,0,0.847676467572223,0.0,0.0,0.847676467572223,0.847676467572223,0.0,0.8313618937926432,0.849489215595451,0.7920522480679533,0.0,1.0,0.1,0.4074210650001078,0,1,gpu_full_lru
pfedes_iterative_training,5,2,gru,1,True,True,2101011,2052,2052,0,0.40553313636455623,0.0,0.0,0.40553313636455623,0.40553313636455623,0.0,0.4181741771782126,0.4041285877766041,0.35477285583703344,0.0,1.0,0.1,27.09059173500009,1,1,gpu_full_lru
pfedes_iterative_training,5,3,gru,1,True,True,3542026,3460,3460,0,0.21810124600383662,0.0,0.0,0.21810124600383662,0.21810124600383662,0.0,0.21763943519471168,0.2181525642815064,0.2016785443392444,0.0,1.0,0.1,45.47928201999957,1,1,gpu_full_lru
pfedes_iterative_training,5,4,gru,1,True,True,1824241,1782,1782,0,0.19933684504657848,0.0,0.0,0.19933684504657848,0.19933684504657848,0.0,0.20002983716288514,0.19925985142731506,0.15804899395334704,0.0,1.0,0.1,23.36982994600021,1,1,gpu_full_lru
pfedes_iterative_training,5,5,gru,1,True,True,2405287,2349,2349,0,0.12241539324846744,0.0,0.0,0.12241539324846744,0.12241539324846744,0.0,0.1150599248087161,0.12323267067582502,0.10355436257094784,0.0,1.0,0.1,30.74925914000005,0,1,gpu_full_lru
pfedes_iterative_training,5,6,gru,1,True,True,2552285,2493,2493,0,0.018672581837904788,0.0,0.0,0.018672581837904788,0.018672581837904788,0.0,0.017255628386427038,0.01883002159128818,0.01584965288643885,0.0,1.0,0.1,32.61371794199977,0,1,gpu_full_lru
pfedes_iterative_training,5,7,gru,1,True,True,1733726,1694,1694,0,0.3024689689913128,0.0,0.0,0.3024689689913128,0.3024689689913128,0.0,0.30218476035317887,0.3025005544936968,0.2548395154263805,0.0,1.0,0.1,22.345418417999554,1,1,gpu_full_lru
pfedes_iterative_training,5,8,gru,1,True,True,12121531,11838,11838,0,0.31740429505777285,0.0,0.0,0.31740429505777285,0.31740429505777285,0.0,0.3364242389765348,0.3152909755718107,0.33248801734819755,0.0,1.0,0.1,155.00578143699977,0,1,gpu_full_lru
pfedes_iterative_training,5,9,gru,1,True,True,4136478,4040,4040,0,0.14217375404606192,0.0,0.0,0.14217375404606192,0.14217375404606192,0.0,0.14729246465404308,0.1416050119542417,0.12785892850040195,0.0,1.0,0.1,53.1011735029997,1,1,gpu_full_lru
pfedes_iterative_training,5,10,gru,1,True,True,3767327,3680,3680,0,0.09019906024965622,0.0,0.0,0.09019906024965622,0.09019906024965622,0.0,0.09586962223473877,0.08956900011702437,0.0749182552978852,0.0,1.0,0.1,48.13704132399971,1,1,gpu_full_lru
pfedes_iterative_training,6,1,gru,1,True,True,29942,30,30,0,0.7916119827527288,0.0,0.0,0.7916119827527288,0.7916119827527288,0.0,0.773485856896754,0.7936260123648136,0.7449785780551542,0.0,1.0,0.1,0.42656365299990284,0,1,gpu_full_lru
pfedes_iterative_training,6,2,gru,1,True,True,2101011,2052,2052,0,0.3491731729776621,0.0,0.0,0.3491731729776621,0.3491731729776621,0.0,0.3759429282134878,0.3461987642828985,0.3168296756516735,0.0,1.0,0.1,26.924767408000207,1,1,gpu_full_lru
pfedes_iterative_training,6,3,gru,1,True,True,3542026,3460,3460,0,0.18750018980982516,0.0,0.0,0.18750018980982516,0.18750018980982516,0.0,0.1974834172695657,0.18639094715858326,0.17475240500194794,0.0,1.0,0.1,45.33254653899985,1,1,gpu_full_lru
pfedes_iterative_training,6,4,gru,1,True,True,1824241,1782,1782,0,0.14910128267995307,0.0,0.0,0.14910128267995307,0.14910128267995307,0.0,0.14767162120516403,0.14926013779280864,0.12648212328195416,0.0,1.0,0.1,23.823534025999834,1,1,gpu_full_lru
pfedes_iterative_training,6,5,gru,1,True,True,2405287,2349,2349,0,0.10743979540099043,0.0,0.0,0.10743979540099043,0.10743979540099043,0.0,0.10928759243766183,0.10723448735961405,0.09415325709816143,0.0,1.0,0.1,30.70268347800038,0,1,gpu_full_lru
pfedes_iterative_training,6,6,gru,1,True,True,2552285,2493,2493,0,0.016826795399079,0.0,0.0,0.016826795399079,0.016826795399079,0.0,0.016389151467525925,0.016875422947851108,0.014772613600790605,0.0,1.0,0.1,32.62784609600021,0,1,gpu_full_lru
pfedes_iterative_training,6,7,gru,1,True,True,1733726,1694,1694,0,0.2513666304101884,0.0,0.0,0.2513666304101884,0.2513666304101884,0.0,0.2474551067215679,0.25180125050638424,0.2206245497536359,0.0,1.0,0.1,22.36228594999966,1,1,gpu_full_lru
pfedes_iterative_training,6,8,gru,1,True,True,12121531,11838,11838,0,0.3047254362274204,0.0,0.0,0.3047254362274204,0.3047254362274204,0.0,0.32278389413160186,0.3027189483581889,0.32679267198087775,0.0,1.0,0.1,155.3827836370001,0,1,gpu_full_lru
pfedes_iterative_training,6,9,gru,1,True,True,4136478,4040,4040,0,0.12380236186259516,0.0,0.0,0.12380236186259516,0.12380236186259516,0.0,0.1303101030026166,0.12307928271531175,0.11325388561663195,0.0,1.0,0.1,53.03640812599997,1,1,gpu_full_lru
pfedes_iterative_training,6,10,gru,1,True,True,3767327,3680,3680,0,0.07124180086613359,0.0,0.0,0.07124180086613359,0.07124180086613359,0.0,0.07930396605828582,0.07034600649802868,0.06125807494835169,0.0,1.0,0.1,48.17677180600003,1,1,gpu_full_lru
pfedes_iterative_training,7,1,gru,1,True,True,29942,30,30,0,0.7476023160999615,0.0,0.0,0.7476023160999615,0.7476023160999615,0.0,0.7311478797009183,0.7494306060452633,0.7075102524857396,0.0,1.0,0.1,0.3981192670003111,0,1,gpu_full_lru
pfedes_iterative_training,7,2,gru,1,True,True,2101011,2052,2052,0,0.31078876535622935,0.0,0.0,0.31078876535622935,0.31078876535622935,0.0,0.31758406188974975,0.31003374032912917,0.28429626688174914,0.0,1.0,0.1,27.01540720399953,1,1,gpu_full_lru
pfedes_iterative_training,7,3,gru,1,True,True,3542026,3460,3460,0,0.17028749610638108,0.0,0.0,0.17028749610638108,0.17028749610638108,0.0,0.1794405729512092,0.16927049151600512,0.1612028532057788,0.0,1.0,0.1,45.375435351000306,1,1,gpu_full_lru
pfedes_iterative_training,7,4,gru,1,True,True,1824241,1782,1782,0,0.11945469624137507,0.0,0.0,0.11945469624137507,0.11945469624137507,0.0,0.11846198429222397,0.11956500061903154,0.10363689673690805,0.0,1.0,0.1,23.39498591199981,1,1,gpu_full_lru
pfedes_iterative_training,7,5,gru,1,True,True,2405287,2349,2349,0,0.09710052780115944,0.0,0.0,0.09710052780115944,0.09710052780115944,0.0,0.09741813809384306,0.09706524028443689,0.08651212058815033,0.0,1.0,0.1,30.706217527999797,0,1,gpu_full_lru
pfedes_iterative_training,7,6,gru,1,True,True,2552285,2493,2493,0,0.015434660399265191,0.0,0.0,0.015434660399265191,0.015434660399265191,0.0,0.015154431494924049,0.015465797343260338,0.013838849681893134,0.0,1.0,0.1,32.656642393999846,0,1,gpu_full_lru
pfedes_iterative_training,7,7,gru,1,True,True,1733726,1694,1694,0,0.21723215031331586,0.0,0.0,0.21723215031331586,0.21723215031331586,0.0,0.212655353821048,0.2177406890060104,0.1906047118289092,0.0,1.0,0.1,22.230480222000097,1,1,gpu_full_lru
pfedes_iterative_training,7,8,gru,1,True,True,12121531,11838,11838,0,0.29541923851547697,0.0,0.0,0.29541923851547697,0.29541923851547697,0.0,0.3083292232618671,0.2939848031095445,0.31473641795847423,0.0,1.0,0.1,155.19099881200054,0,1,gpu_full_lru
pfedes_iterative_training,7,9,gru,1,True,True,4136478,4040,4040,0,0.11041873326955831,0.0,0.0,0.11041873326955831,0.11041873326955831,0.0,0.11714056751922051,0.10967186554871494,0.1019651308678513,0.0,1.0,0.1,52.89508899700013,1,1,gpu_full_lru
pfedes_iterative_training,7,10,gru,1,True,True,3767327,3680,3680,0,0.05814938048592189,0.0,0.0,0.05814938048592189,0.05814938048592189,0.0,0.0642885103387918,0.05746725646514548,0.05223990425445325,0.0,1.0,0.1,48.2747039410001,1,1,gpu_full_lru
pfedes_iterative_training,8,1,gru,1,True,True,29942,30,30,0,0.7088466011389376,0.0,0.0,0.7088466011389376,0.7088466011389376,0.0,0.6949282322671416,0.7103931014367888,0.6752890354167578,0.0,1.0,0.1,0.39607905399998344,0,1,gpu_full_lru
pfedes_iterative_training,8,2,gru,1,True,True,2101011,2052,2052,0,0.28115223559433256,0.0,0.0,0.28115223559433256,0.28115223559433256,0.0,0.2823842129049505,0.28101535635201713,0.25889557641026645,0.0,1.0,0.1,26.927172115000303,1,1,gpu_full_lru
pfedes_iterative_training,8,3,gru,1,True,True,3542026,3460,3460,0,0.15799583068559628,0.0,0.0,0.15799583068559628,0.15799583068559628,0.0,0.1669262945326137,0.15700356074476976,0.1506772522438322,0.0,1.0,0.1,45.715120968000065,1,1,gpu_full_lru
pfedes_iterative_training,8,4,gru,1,True,True,1824241,1782,1782,0,0.09491162885050042,0.0,0.0,0.09491162885050042,0.09491162885050042,0.0,0.09483824536553284,0.0949197850157434,0.08208985165724363,0.0,1.0,0.1,23.310571983000045,1,1,gpu_full_lru
pfedes_iterative_training,8,5,gru,1,True,True,2405287,2349,2349,0,0.08951369605724231,0.0,0.0,0.08951369605724231,0.08951369605724231,0.0,0.08926908203206206,0.08954087764191719,0.08038035001657298,0.0,1.0,0.1,30.68564377599978,0,1,gpu_full_lru
pfedes_iterative_training,8,6,gru,1,True,True,2552285,2493,2493,0,0.014347923182428914,0.0,0.0,0.014347923182428914,0.014347923182428914,0.0,0.01411081095158643,0.014374269365721911,0.013016601967278442,0.0,1.0,0.1,33.109304113999315,0,1,gpu_full_lru
pfedes_iterative_training,8,7,gru,1,True,True,1733726,1694,1694,0,0.1830097250982941,0.0,0.0,0.1830097250982941,0.1830097250982941,0.0,0.1789279743600453,0.1834632578408337,0.15601396604325762,0.0,1.0,0.1,22.280501280000408,1,1,gpu_full_lru
pfedes_iterative_training,8,8,gru,1,True,True,12121531,11838,11838,0,0.2883626633812752,0.0,0.0,0.2883626633812752,0.2883626633812752,0.0,0.29771125493416783,0.28732393845649595,0.30770450488029905,0.0,1.0,0.1,155.29960868399985,0,1,gpu_full_lru
pfedes_iterative_training,8,9,gru,1,True,True,4136478,4040,4040,0,0.09934500388311646,0.0,0.0,0.09934500388311646,0.09934500388311646,0.0,0.1043855371617584,0.09878494723272124,0.09334152223158262,0.0,1.0,0.1,53.2485903390002,1,1,gpu_full_lru
pfedes_iterative_training,8,10,gru,1,True,True,3767327,3680,3680,0,0.04938742800930209,0.0,0.0,0.04938742800930209,0.04938742800930209,0.0,0.05300389001869406,0.048985600120225126,0.044180817778284184,0.0,1.0,0.1,48.23171044500032,1,1,gpu_full_lru
pfedes_iterative_training,9,1,gru,1,True,True,29942,30,30,0,0.6760749791613021,0.0,0.0,0.6760749791613021,0.6760749791613021,0.0,0.6639868044660514,0.6774181233093548,0.6470275824218561,0.0,1.0,0.1,0.3921690679999301,0,1,gpu_full_lru
pfedes_iterative_training,9,2,gru,1,True,True,2101011,2052,2052,0,0.2566453647941783,0.0,0.0,0.2566453647941783,0.2566453647941783,0.0,0.2579981789436035,0.25649505866480227,0.2382181283307911,0.0,1.0,0.1,26.998624617999667,1,1,gpu_full_lru
pfedes_iterative_training,9,3,gru,1,True,True,3542026,3460,3460,0,0.14752947543866576,0.0,0.0,0.14752947543866576,0.14752947543866576,0.0,0.1540897928722831,0.14680055487721203,0.14215803463415627,0.0,1.0,0.1,45.32111579799994,1,1,gpu_full_lru
pfedes_iterative_training,9,4,gru,1,True,True,1824241,1782,1782,0,0.07937974192055873,0.0,0.0,0.07937974192055873,0.07937974192055873,0.0,0.07947438173617273,0.07936922834960429,0.07197303932485073,0.0,1.0,0.1,23.546846994000134,1,1,gpu_full_lru
pfedes_iterative_training,9,5,gru,1,True,True,2405287,2349,2349,0,0.08314870611537081,0.0,0.0,0.08314870611537081,0.08314870611537081,0.0,0.08441779910041354,0.08300769813006728,0.0752820451691569,0.0,1.0,0.1,30.797110358000282,0,1,gpu_full_lru
pfedes_iterative_training,9,6,gru,1,True,True,2552285,2493,2493,0,0.013465624485029463,0.0,0.0,0.013465624485029463,0.013465624485029463,0.0,0.01329064971093192,0.013485066472500815,0.012318356069745661,0.0,1.0,0.1,32.33975968200002,0,1,gpu_full_lru
pfedes_iterative_training,9,7,gru,1,True,True,1733726,1694,1694,0,0.15076777516594755,0.0,0.0,0.15076777516594755,0.15076777516594755,0.0,0.14814523919533742,0.15105917207374303,0.13593279358806154,0.0,1.0,0.1,22.482354821000172,1,1,gpu_full_lru
pfedes_iterative_training,9,8,gru,1,True,True,12121531,11838,11838,0,0.2832482526784765,0.0,0.0,0.2832482526784765,0.2832482526784765,0.0,0.29090821694761904,0.28239715256368203,0.30055847325945906,0.0,1.0,0.1,155.82930507099945,0,1,gpu_full_lru
pfedes_iterative_training,9,9,gru,1,True,True,4136478,4040,4040,0,0.0903160169653667,0.0,0.0,0.0903160169653667,0.0903160169653667,0.0,0.09363361507623527,0.08994739726460407,0.08573320881375221,0.0,1.0,0.1,53.567744832000244,1,1,gpu_full_lru
pfedes_iterative_training,9,10,gru,1,True,True,3767327,3680,3680,0,0.04352542357115058,0.0,0.0,0.04352542357115058,0.04352542357115058,0.0,0.04624319785561318,0.0432234497774254,0.03986371461555525,0.0,1.0,0.1,48.031481927000186,1,1,gpu_full_lru
pfedes_iterative_training,10,1,gru,1,True,True,29942,30,30,0,0.6486588271432933,0.0,0.0,0.6486588271432933,0.6486588271432933,0.0,0.6393155408012279,0.649696984711347,0.6255686939873458,0.0,1.0,0.1,0.39510536000034335,0,1,gpu_full_lru
pfedes_iterative_training,10,2,gru,1,True,True,2101011,2052,2052,0,0.23471338639946313,0.0,0.0,0.23471338639946313,0.23471338639946313,0.0,0.23566156412362183,0.23460803985843623,0.22054105504590943,0.0,1.0,0.1,27.04418248600041,1,1,gpu_full_lru
pfedes_iterative_training,10,3,gru,1,True,True,3542026,3460,3460,0,0.13859156171300854,0.0,0.0,0.13859156171300854,0.13859156171300854,0.0,0.14367779327590455,0.13802642832740408,0.1360787611895175,0.0,1.0,0.1,45.72318233099986,1,1,gpu_full_lru
pfedes_iterative_training,10,4,gru,1,True,True,1824241,1782,1782,0,0.07085639596750516,0.0,0.0,0.07085639596750516,0.07085639596750516,0.0,0.07046485623507859,0.07089990211041619,0.06559005041760027,0.0,1.0,0.1,23.213204172999667,1,1,gpu_full_lru
pfedes_iterative_training,10,5,gru,1,True,True,2405287,2349,2349,0,0.07741347118088149,0.0,0.0,0.07741347118088149,0.07741347118088149,0.0,0.0776544507992268,0.07738669761852074,0.070983294899519,0.0,1.0,0.1,30.725043102999734,0,1,gpu_full_lru
pfedes_iterative_training,10,6,gru,1,True,True,2552285,2493,2493,0,0.012746327824753018,0.0,0.0,0.012746327824753018,0.012746327824753018,0.0,0.012546270013499873,0.012768556808471459,0.011557483550452172,0.0,1.0,0.1,32.456359606000206,0,1,gpu_full_lru
pfedes_iterative_training,10,7,gru,1,True,True,1733726,1694,1694,0,0.1352925322593014,0.0,0.0,0.1352925322593014,0.1352925322593014,0.0,0.13366441410402605,0.13547343789040575,0.1256386339138281,0.0,1.0,0.1,22.26905747299952,1,1,gpu_full_lru
pfedes_iterative_training,10,8,gru,1,True,True,12121531,11838,11838,0,0.27890001878182513,0.0,0.0,0.27890001878182513,0.27890001878182513,0.0,0.2843390814366831,0.27829568560207524,0.2917771229678003,0.0,1.0,0.1,155.83031549199995,0,1,gpu_full_lru
pfedes_iterative_training,10,9,gru,1,True,True,4136478,4040,4040,0,0.08326848266292425,0.0,0.0,0.08326848266292425,0.08326848266292425,0.0,0.08594483412065738,0.08297111233190635,0.07955289806392817,0.0,1.0,0.1,53.294399688999874,1,1,gpu_full_lru
pfedes_iterative_training,10,10,gru,1,True,True,3767327,3680,3680,0,0.03933639291178747,0.0,0.0,0.03933639291178747,0.03933639291178747,0.0,0.04114939247003141,0.03913494949033312,0.03674468049062277,0.0,1.0,0.1,48.37358047099997,1,1,gpu_full_lru
