class_id,class_name,precision,recall,f1,support
0,BACKDOOR_MALWARE,0.0,0.0,0.0,6160
1,BENIGN,0.5880803776937983,0.13062688157212635,0.21377022386099412,2102630
2,BROWSERHIJACKING,0.0,0.0,0.0,11260
3,COMMANDINJECTION,0.0,0.0,0.0,10340
4,DDOS-ACK_FRAGMENTATION,0.20429088159446543,0.26545194581416237,0.23088979274256166,545530
5,DDOS-HTTP_FLOOD,0.3995698213103905,0.043757927160717525,0.07887774765653069,55190
6,DDOS-ICMP_FLOOD,0.5896755807256986,0.5747047631758567,0.5820939296106847,13786390
7,DDOS-ICMP_FRAGMENTATION,0.3313314421850997,0.13470325433199035,0.1915369128453205,866230
8,DDOS-PSHACK_FLOOD,0.1494117037556797,0.2935217270973016,0.19802335195364404,7840670
9,DDOS-RSTFINFLOOD,0.6143047180948602,0.39730800613512773,0.48253284455560536,7745560
10,DDOS-SLOWLORIS,0.03561440505389677,0.08783482142857142,0.05067970042952173,44800
11,DDOS-SYNONYMOUSIP_FLOOD,0.09188050662083817,0.10237663703972429,0.0968450076027469,6891250
12,DDOS-SYN_FLOOD,0.20235604264373372,0.09139473244039577,0.12591814520199746,7772100
13,DDOS-TCP_FLOOD,0.17886355472478788,0.09991093801889925,0.12820703468289568,8611980
14,DDOS-UDP_FLOOD,0.3389353571377748,0.2988114194832242,0.31761118642103153,10361940
15,DDOS-UDP_FRAGMENTATION,0.3947026370592449,0.3026939027939464,0.3426288340337215,549760
16,DICTIONARYBRUTEFORCE,0.0,0.0,0.0,25040
17,DNS_SPOOFING,0.0419023305970642,0.244294754031435,0.07153475766422486,342930
18,DOS-HTTP_FLOOD,0.15511501319469911,0.15678465004724182,0.1559453627363452,137590
19,DOS-SYN_FLOOD,0.0647422001490633,0.10316224155375399,0.07955656708975661,3884270
20,DOS-TCP_FLOOD,0.21355037084534562,0.04133383108011703,0.0692616873775422,5116390
21,DOS-UDP_FLOOD,0.35474202714293246,0.27961784141142476,0.3127316364248228,6354430
22,MIRAI-GREETH_FLOOD,0.5432679092180894,0.18632758184805967,0.27748470778605766,1898640
23,MIRAI-GREIP_FLOOD,0.20155978717033013,0.18988326848249026,0.19554737594569785,1439200
24,MIRAI-UDPPLAIN,0.4721247904943062,0.19591381959349308,0.2769174405005143,1705260
25,MITM-ARPSPOOFING,0.10012244796390574,0.19813550687722872,0.13302452896979008,588900
26,RECON-HOSTDISCOVERY,0.2124350580781415,0.19543034777540313,0.20357822303177495,257350
27,RECON-OSSCAN,0.003782992408486594,0.19870696535944235,0.007424634285614306,187930
28,RECON-PINGSWEEP,0.0,0.0,0.0,4320
29,RECON-PORTSCAN,0.06352870667362183,0.10905626825860536,0.08028744889109156,157460
30,SQLINJECTION,0.0,0.0,0.0,10040
31,UPLOADING_ATTACK,0.0,0.0,0.0,2390
32,VULNERABILITYSCAN,0.24912091962266783,0.13988114381598266,0.1791626444202861,715150
33,XSS,0.0,0.0,0.0,7410
