epoch,train_reconstruction_nll,validation_reconstruction_nll,validation_exact_set_accuracy,seconds
1,0.04892463815697917,0.00039948613860954843,1.0,31.466867283000056
2,0.00019349363713128562,9.351826832086468e-05,1.0,30.72279669799991
3,5.899125446621501e-05,3.6401587852742524e-05,1.0,31.337728764000076
4,2.501483217164167e-05,1.6804010446260993e-05,1.0,30.686690607000173
5,1.2029173412291264e-05,8.419951151396768e-06,1.0,30.971786115999976
6,6.156670027363968e-06,4.405190540516438e-06,1.0,31.221458970999947
7,3.2634791711273096e-06,2.3663377704603286e-06,1.0,30.903265121999993
8,1.7667087904084366e-06,1.2889845404060906e-06,1.0,30.896106802000304
9,9.609292714870848e-07,6.968849131529472e-07,1.0,31.297938497999894
10,5.074073432297155e-07,3.550043912127876e-07,1.0,30.842723611999645
11,2.4939452538698483e-07,1.670542180590928e-07,1.0,31.33178584799998
12,1.1487178811354102e-07,7.624580303703017e-08,1.0,31.332182156999806
13,5.545896398041771e-08,4.0071263930485654e-08,1.0,30.89213469699962
14,3.249938730410425e-08,2.655758421023317e-08,1.0,31.276979013000073
15,2.2641606686432978e-08,1.906109635001485e-08,1.0,30.858029894999618
16,1.723463632761953e-08,1.505277883590376e-08,1.0,30.741541739999775
17,1.3942256214828897e-08,1.2830775007917813e-08,1.0,31.702269878000152
18,1.1704133636195972e-08,1.0944168828075363e-08,1.0,30.902786952000042
19,1.0101285423626517e-08,9.239360047767301e-09,1.0,31.673793827999816
20,8.832990504846225e-09,8.34911070673646e-09,1.0,32.38165779200017
21,7.617594617196725e-09,7.593422444548045e-09,1.0,33.08682305399998
22,6.603598596260301e-09,5.783339743459237e-09,1.0,32.861741853999774
23,5.735161902272786e-09,5.312698222326162e-09,1.0,32.062556505999964
