client_id,model_family,train_examples,validation_examples,best_epoch,local_validation_macro_f1,gpu_id,cache_mode,test_loss,test_accuracy,test_micro_f1,test_macro_precision,test_macro_recall,test_macro_f1,test_weighted_precision,test_weighted_recall,test_weighted_f1,test_multiclass_macro_fpr,test_multiclass_macro_fnr,test_binary_attack_accuracy,test_binary_attack_precision,test_binary_attack_recall,test_binary_attack_f1,test_binary_attack_fpr,test_binary_attack_fnr,test_examples
1,gru,28368,3152,1,0.02749339005625907,0,gpu_full,3.5408952072428495,0.0020872648411771715,0.0020872648411771715,6.139014238756386e-05,0.029411764705882353,0.00012252454360308374,4.356674517214363e-06,0.0020872648411771715,8.695199849495863e-06,0.029411764705882353,0.9705882352941176,0.0020872648411771715,0.9766469128239006,1.0,0.9881855039336609,1.0,0.0,9003649
2,gru,1990431,221158,10,0.23427923856719024,1,gpu_full,4.336848312248352,0.4590009006348426,0.4590009006348426,0.1340456739760448,0.2449172935910018,0.15491557790402427,0.355132698344055,0.4590009006348426,0.3767429702052745,0.01724181612791056,0.7550827064089981,0.4590009006348426,0.9766469128239006,1.0,0.9881855039336609,1.0,0.0,9003649
3,gru,3355604,372846,10,0.1604100023021224,1,gpu_full,10.452643761521717,0.19917435697459995,0.19917435697459995,0.11542118810714676,0.1621455204456475,0.092173498189396,0.10632421858545588,0.19917435697459998,0.11948554287814657,0.024772567062578698,0.8378544795543524,0.19917435697459995,0.9849773960339209,0.9944651582450719,0.9896985390126484,0.634310363687382,0.005534841754928079,9003649
4,gru,1728229,192025,10,0.08278602423087313,1,gpu_full,11.516758950402359,0.10747809027206635,0.10747809027206635,0.01032547130437721,0.08415592265996345,0.018051452284218672,0.012470384071223127,0.10747809027206637,0.022178387579562503,0.028369005127325167,0.9158440773400365,0.10747809027206635,0.9766469128239006,1.0,0.9881855039336609,1.0,0.0,9003649
5,transformer,2278693,253188,10,0.14027817582133434,0,gpu_full,6.200771099558149,0.34466348032891997,0.34466348032891997,0.07800075795546338,0.13726567447761145,0.08356373106882398,0.22668053136861077,0.34466348032891997,0.2503718066350229,0.021475775360536704,0.8627343255223885,0.34466348032891997,0.9766469128239006,1.0,0.9881855039336609,1.0,0.0,9003649
6,transformer,2417955,268662,8,0.06887023387514273,1,gpu_full,8.173580595476658,0.23899887701086525,0.23899887701086525,0.016168967109462577,0.0712625582425181,0.025675617421735897,0.05967992017009184,0.23899887701086525,0.0950360210239328,0.02585592761608587,0.928737441757482,0.23899887701086525,0.9766469128239006,1.0,0.9881855039336609,1.0,0.0,9003649
7,transformer,1642476,182499,10,0.08391642967969107,1,gpu_full,7.716800755696559,0.0839334141079911,0.0839334141079911,0.011404927584209598,0.08520330212796379,0.01763383282709811,0.008907868277003744,0.0839334141079911,0.01529402788869446,0.0288398084700089,0.9147966978720362,0.0839334141079911,0.9766469128239006,1.0,0.9881855039336609,1.0,0.0,9003649
8,cnn1d,11483556,1275953,7,0.28244565146341627,0,gpu_full,3.95882897986065,0.4539485046562788,0.4539485046562788,0.27432817199852794,0.2752488762576076,0.22161314126749312,0.4482294054927231,0.45394850465627884,0.354844908678773,0.017334858667761625,0.7247511237423925,0.4539485046562788,0.9985576354179354,0.9836564663486852,0.9910510415855678,0.05942082059135464,0.01634353365131475,9003649
9,cnn1d,3918771,435421,10,0.19771595096671324,1,gpu_full,6.107248375140561,0.33484534992423626,0.33484534992423626,0.11702465485094252,0.1960101953513169,0.10316295022128054,0.28169542146936516,0.33484534992423626,0.22790100453430476,0.021260021201355655,0.8039898046486831,0.33484534992423626,0.9766469128239006,1.0,0.9881855039336609,1.0,0.0,9003649
10,cnn1d,3569043,396564,7,0.2012286826233888,0,gpu_full,7.791170258864889,0.34819771406015493,0.34819771406015493,0.09834694443415663,0.20309217938364052,0.11873027550664915,0.21365882905320166,0.348197714060155,0.24159600537889056,0.020588585334750973,0.7969078206163595,0.34819771406015493,0.9766469128239006,1.0,0.9881855039336609,1.0,0.0,9003649
