round,mean_cross_entropy_loss,mean_distillation_kl_loss,mean_total_loss,selection_threshold_accuracy,selected_clients_current,selected_clients_next,round_seconds,communication_bytes_round,communication_mib_round,communication_bytes_cumulative,communication_mib_cumulative,predicted_gpu_0_seconds,predicted_gpu_1_seconds,actual_gpu_0_seconds,actual_gpu_1_seconds,worker_idle_seconds,evaluation_gpu_0_seconds,evaluation_gpu_1_seconds,evaluation_worker_idle_seconds,peak_allocated_gpu0_bytes,peak_allocated_gpu1_bytes,peak_reserved_gpu0_bytes,peak_reserved_gpu1_bytes
1,0.27998039651898116,0.10122787947012143,0.38120827597571616,0.9603236776227948,"[1, 2, 3, 4, 5, 6, 7, 8, 9, 10]","[1, 8]",128.635500889,2906240,2.7716064453125,2906240,2.7716064453125,103.5189703127543,103.54079454867046,82.06240273100002,81.95877811199989,0.10362461900012931,41.99193735099993,39.314196575000096,2.677740775999837,3666972160,3719933440,6757023744,4676648960
2,0.18798794479855369,0.0326059135915042,0.22059385836822612,0.9708731876189173,"[1, 8]","[1, 2, 8]",129.335005164,581248,0.5543212890625,3487488,3.325927734375,103.5189703127543,103.54079454867046,82.51291413700005,83.06367866900018,0.5507645320001302,41.713360044999945,39.34448904100009,2.368871003999857,3793738240,3775265280,7658799104,5498732544
3,0.15585842803161615,0.01779220917340981,0.17365063716301524,0.9730777457932044,"[1, 2, 8]","[1, 2, 8]",131.2197279259999,871872,0.83148193359375,4359360,4.15740966796875,103.5189703127543,103.54079454867046,84.66303758999993,85.007888589,0.344850999000073,41.728604601999905,39.26385958200012,2.464745019999782,3920353792,3830446592,8560574464,6320816128
4,0.1382289387032242,0.01024610028646792,0.14847503898193865,0.9746850467727779,"[1, 2, 8]","[1, 2, 8]",129.36990881399993,871872,0.83148193359375,5231232,4.9888916015625,103.5189703127543,103.54079454867046,82.77362948300015,83.1875388389999,0.4139093559997491,41.73082439999985,39.16071049900006,2.570113900999786,4046969344,3885627904,9462349824,7142899712
5,0.12798078511251643,0.006231444497095058,0.13421222959885037,0.9708769909904799,"[1, 2, 8]","[1, 2, 8]",129.02224349999983,871872,0.83148193359375,6103104,5.82037353515625,103.5189703127543,103.54079454867046,82.52623345300003,82.85328101899995,0.32704756599991924,41.73694512099996,39.16352582100012,2.5734192999998413,4049198592,3940809216,10122952704,7964983296
6,0.12205943484953538,0.003830757626640574,0.12589019247634725,0.9707970137077465,"[1, 2, 8]","[1, 2, 8]",129.18665959100008,871872,0.83148193359375,6974976,6.65185546875,103.5189703127543,103.54079454867046,82.81772589299999,83.01541762000011,0.1976917270001195,41.73123571700012,39.16636014599999,2.5648755710001296,4049198592,3995990528,10674503680,8787066880
7,0.11982035525861932,0.003435556196756227,0.1232559114590756,0.9753932525031492,"[1, 2, 8]","[1, 2, 8]",129.22181378399978,871872,0.83148193359375,7846848,7.48333740234375,103.5189703127543,103.54079454867046,82.72712230699995,83.01620909400003,0.2890867870000875,41.752387222999914,39.206731263000165,2.545655959999749,4049198592,4051171840,11226054656,9609150464
8,0.11802838283546767,0.002898437160823815,0.12092682004309688,0.975152710614212,"[1, 2, 8]","[1, 2, 8]",129.04195706500013,871872,0.83148193359375,8718720,8.3148193359375,103.5189703127543,103.54079454867046,82.72230835300024,82.84206423000023,0.11975587699998869,41.76135971099984,39.14708291299985,2.6142767979999917,4049198592,4106353152,11777605632,10431234048
9,0.1164770977502491,0.0023292656111697373,0.1188063633662049,0.975099570287731,"[1, 2, 8]","[1, 2, 8]",128.5246904970004,871872,0.83148193359375,9590592,9.14630126953125,103.5189703127543,103.54079454867046,81.98436433000006,82.29975985800002,0.31539552799995363,41.76868694799987,39.22068920100037,2.547997746999499,4049091584,4161534464,12297699328,11253317632
10,0.1156628188603773,0.0022592464373795045,0.11792206534448488,0.9757630155412167,"[1, 2, 8]","[1, 2, 8]",129.36611131600012,871872,0.83148193359375,10462464,9.977783203125,103.5189703127543,103.54079454867046,82.86417341599963,83.15652426999986,0.2923508540002331,41.772780994000186,39.22429643000032,2.548484563999864,4049091584,4216715776,12553551872,12071206912
