round,client_id,model_family,train_examples,validation_examples,selected,received_global_proxy,uploaded_local_proxy,enhanced_cross_entropy_loss,original_cross_entropy_loss,local_model_total_loss,proxy_cross_entropy_loss,local_model_seconds,proxy_seconds,validation_seconds,actual_client_seconds,gpu_id,gpu_cache_mode,concurrent_streams,peak_allocated_bytes,peak_reserved_bytes,validation_accuracy,validation_macro_precision,validation_macro_recall,validation_macro_f1,validation_weighted_precision,validation_weighted_recall,validation_weighted_f1,validation_multiclass_macro_fpr,validation_multiclass_macro_fnr,validation_binary_attack_precision,validation_binary_attack_recall,validation_binary_attack_f1,validation_binary_attack_fpr,validation_binary_attack_fnr,validation_loss
1,1,gru,29942,1578,True,True,True,3.3339227968526424,3.182558219375977,3.197694597084372,3.017909951283597,0.35596903500004373,0.1436180370000102,0.0885941559999992,0.659452889000022,0,gpu_full_lru,1,2306428928,2566914048,0.876425855513308,0.025777231044509057,0.029411764705882353,0.02747481971512009,0.7681222802122338,0.876425855513308,0.8187078407125329,0.029411764705882353,0.20588235294117646,1.0,1.0,1.0,0.0,0.0,2.762077721050635
1,2,gru,2101011,110578,True,True,True,2.0508543584236665,1.8189575866522762,1.8421472193412407,1.2759165536820063,18.59456782899997,8.84163279400002,0.21721621799997592,27.657510505999994,0,gpu_full_lru,1,2341609984,2854223872,0.5690824576317169,0.07046495872366526,0.0777819857707824,0.06503704054662851,0.4353455425131749,0.569082457631717,0.4640267783736435,0.016208106336332767,0.539865073052747,0.9952070032013601,1.0,0.9975977445994578,1.0,0.0,1.3197483575321016
1,3,gru,3542026,186424,True,True,True,1.1375075029818293,0.9297566623855829,0.9505317260325772,0.5619127429707962,31.38885019199995,14.676079746000028,0.3522621890000437,46.42138411199994,0,gpu_full_lru,1,2372568576,3162505216,0.8132161095137965,0.07535036008977258,0.0706525402612841,0.0659310357411449,0.7615333080675577,0.8132161095137965,0.7750145253854674,0.008894116219404613,0.6646415773857747,0.9853345062867442,1.0,0.9926130867786682,1.0,0.0,0.6072960198258083
1,4,gru,1824241,96013,True,True,True,0.8241049246959219,0.7084653264223292,0.7200292732663263,0.5935916569784797,16.03866155100002,7.475670308999952,0.1853821390000121,23.703488193999988,0,gpu_full_lru,1,2375133184,3428843520,0.8304812889921156,0.024425920264473988,0.029411764705882353,0.02668797590159819,0.6896991713660058,0.8304812889921156,0.7535713973298928,0.029411764705882353,0.17647058823529413,1.0,1.0,1.0,0.0,0.0,0.5878658759021961
1,5,gru,2405287,126594,True,True,True,0.5640053559762316,0.4146180274854709,0.42955675116425784,0.19890074522232315,21.577197124999884,9.89336877400001,0.23325457199985067,31.707485105999922,0,gpu_full_lru,1,2397783552,3728736256,0.9418929807099863,0.08357398757328668,0.056327078224910745,0.05526197267589268,0.9262038504728205,0.9418929807099862,0.930258106878766,0.004026175924881029,0.3554376276574422,1.0,1.0,1.0,0.0,0.0,0.2274427621328283
1,6,transformer,2552285,134332,True,True,True,0.1041035817698613,0.06628476075262257,0.0700666412164943,0.028664656742756433,73.12772032600014,33.71883999199986,0.5597683559999496,107.41042723800001,0,gpu_full_lru,1,2515686912,4123000832,0.9960843283804306,0.05853334465638847,0.05841499442959363,0.05847367514427789,0.9943303053466468,0.9960843283804306,0.9952027588537344,0.0006006004939222467,0.08864382909981813,1.0,1.0,1.0,0.0,0.0,0.024496157218931232
1,7,transformer,1733726,91249,True,True,True,0.50603141997046,0.3244652346003308,0.3426218459710404,0.3179733887499294,48.3156539769999,22.82800419399996,0.41374673999996503,71.6291731,1,gpu_full_lru,1,2541811200,2835349504,0.9454021413933303,0.09632095456208169,0.08799635746946313,0.09112760025065653,0.9329215115198666,0.9454021413933302,0.9360092731367378,0.00966672127278093,0.2355330542952427,1.0,1.0,1.0,0.0,0.0,0.18721459041694863
1,8,transformer,12121531,637978,True,True,True,0.8731576008434594,0.4901208868202992,0.5284245483380405,0.436530879911391,356.50478366999994,164.73186713500013,2.745154747000015,523.9876300130001,1,gpu_full_lru,1,2950094336,3737124864,0.8844740727736693,0.2825370672088377,0.2694568048848796,0.2668929899494156,0.8148547191720232,0.8844740727736693,0.8429736721566158,0.004178175319245213,0.5540726068798263,0.9972899957788096,0.9857390810928086,0.9914808970657356,0.04137877694132206,0.014260918907191375,0.29525232719660305
1,9,transformer,4136478,217714,True,True,True,0.6149764095313582,0.3525059987618014,0.3787530328642748,0.22463415228550004,118.94804446300009,54.74275083500015,0.9027527999999165,174.5981341490001,0,gpu_full_lru,1,2546619904,4534042624,0.9659691154450334,0.13037279272774127,0.12235918062577605,0.12285829224882339,0.9461376038692414,0.9659691154450335,0.955090094639519,0.002259781653960153,0.4364643487859886,1.0,1.0,1.0,0.0,0.0,0.13337376500221956
1,10,transformer,3767327,198280,True,True,True,0.8650923521443017,0.3288928418073856,0.38251278666290317,0.228768134878032,111.60578568300002,51.19527958100002,0.8505135779998909,163.6558254680001,1,gpu_full_lru,1,2950094336,4152360960,0.9874873915674803,0.19325655446585935,0.18330272148057142,0.1865425014397032,0.9856598490893921,0.9874873915674803,0.9860318078223458,0.00043814082751880294,0.22846198440178145,1.0,1.0,1.0,0.0,0.0,0.05785154208844531
2,1,gru,29942,1578,True,True,True,2.636542334727618,2.2675847780743514,2.304480478325792,1.7261155746351158,0.30329082399998697,0.1234915689999525,0.00419872700013002,0.4341259220000211,0,gpu_full_lru,1,2433044480,4815060992,0.876425855513308,0.025777231044509057,0.029411764705882353,0.02747481971512009,0.7681222802122338,0.876425855513308,0.8187078407125329,0.029411764705882353,0.20588235294117646,1.0,1.0,1.0,0.0,0.0,1.6459088458458884
2,2,gru,2101011,110578,True,True,True,1.2042105908878946,1.071261296301789,1.084556201788703,0.8206813280538743,18.21524725900008,8.559446177999916,0.2040285429998221,26.98221366200005,0,gpu_full_lru,1,2468225536,5102370816,0.7622311852267178,0.15866171884113167,0.15804333094214787,0.15537613629493527,0.7199249386255016,0.7622311852267178,0.7350802440208987,0.008270100390029374,0.4596037278813816,0.9952070032013601,1.0,0.9975977445994578,1.0,0.0,0.8426310528704373
2,3,gru,3542026,186424,True,True,True,0.5947265271749995,0.5047765430736975,0.5137715292337858,0.41274477997692743,30.894132504000027,14.411236434999864,0.36076371100011784,45.670117593999976,0,gpu_full_lru,1,2499184128,5410652160,0.8687293481525984,0.07760931107375392,0.08456953855065658,0.07863280956315628,0.8230082666457937,0.8687293481525984,0.8413413043751657,0.005606610334533027,0.6507245790964022,0.9853345062867442,1.0,0.9926130867786682,1.0,0.0,0.43173001294600954
2,4,gru,1824241,96013,True,True,True,0.5223351136885046,0.5033586415865134,0.5052562759189385,0.38235211181427303,16.116720242999918,7.534171197999967,0.17797547700001815,23.832411894000188,0,gpu_full_lru,1,2501748736,5676990464,0.872017330986429,0.0634277845624492,0.050737705613767,0.05118405587886423,0.8293889471581359,0.8720173309864289,0.827508592416615,0.01965414249710304,0.15514464732740949,1.0,1.0,1.0,0.0,0.0,0.4265969329460483
2,5,gru,2405287,126594,True,True,True,0.24648756187741674,0.21559676511769188,0.21868583954037416,0.16755993780562264,21.140614338000205,9.829528444999823,0.24921900499998628,31.223183985999867,0,gpu_full_lru,1,2524399104,5976883200,0.9428724900074253,0.06766516749247564,0.05646403057287153,0.05559820751289434,0.9226423305673715,0.9428724900074253,0.9309813393343849,0.004087236704394337,0.3553006753094814,1.0,1.0,1.0,0.0,0.0,0.20351217847425102
2,6,transformer,2552285,134332,True,True,True,0.051060581667071135,0.02208461179195984,0.024982208370898432,0.026325434248931644,72.65584575499997,33.751604773000054,0.5658560720000878,106.97745434300009,0,gpu_full_lru,1,2642302464,6371147776,0.996955304767293,0.05855621670783181,0.05858175322575551,0.0585689290101645,0.9952017098210002,0.996955304767293,0.9960772719449587,0.0004252101789139541,0.08847707030365626,1.0,1.0,1.0,0.0,0.0,0.017662725830080432
2,7,transformer,1733726,91249,True,True,True,0.2649497266400877,0.13708592744936704,0.14987230475780697,0.09195994265353104,51.548452705000045,23.64250182600017,0.40458063299979585,75.59983665200002,1,gpu_full_lru,1,2596075008,4569694208,0.9803395105699788,0.1468127180380195,0.12248483353488453,0.12363998173829457,0.9762112339733058,0.9803395105699788,0.9757750490118368,0.001822848457819005,0.20104457822982133,1.0,1.0,1.0,0.0,0.0,0.07286026004434976
2,8,transformer,12121531,637978,True,True,True,0.39666836218222573,0.2849833723823291,0.29615186485466355,0.3260680460854576,358.598557671,164.70171918799997,2.7388995440001054,526.044866379,1,gpu_full_lru,1,3004358144,5471469568,0.8887297054130393,0.306079949285296,0.28503189613996444,0.2826982528326644,0.8186758407681637,0.8887297054130393,0.8461842859983053,0.0040442673253117505,0.5384975156247416,0.9989420604599751,0.9849062901583805,0.9918745236188412,0.01611323089615345,0.01509370984161952,0.27335769966083956
2,9,transformer,4136478,217714,True,True,True,0.19510040022571298,0.09677460556810098,0.10660718327632167,0.08186168192128185,118.72058648500024,54.68057483800021,0.92326836500024,174.328753216,0,gpu_full_lru,1,2673235456,6782189568,0.9834691384109427,0.21893033726399605,0.21861067287376373,0.21571543074144617,0.9776051118722703,0.9834691384109427,0.9801630182647375,0.000717274091916785,0.34021285653800093,1.0,1.0,1.0,0.0,0.0,0.05894621897055276
2,10,transformer,3767327,198280,True,True,True,0.14607531732786427,0.046149054659006386,0.05614168020597663,0.053740246232890004,111.44437643799984,51.16331065799977,0.853761975999987,163.4658388300004,1,gpu_full_lru,1,3004358144,5886705664,0.9916986080290499,0.19454542273242056,0.1952078418827958,0.19470492451725943,0.9907501495337661,0.9916986080290499,0.9911534501033326,0.0002745842890280725,0.21655686399955718,1.0,1.0,1.0,0.0,0.0,0.03589218073637827
3,1,gru,29942,1578,True,True,True,1.5147196566140466,1.2884200472335174,1.3110499751805924,1.0037057095893869,0.3272014549997948,0.1338443820000066,0.004472068000268337,0.4689221210001051,0,gpu_full_lru,1,2559660032,7063207936,0.876425855513308,0.025777231044509057,0.029411764705882353,0.02747481971512009,0.7681222802122338,0.876425855513308,0.8187078407125329,0.029411764705882353,0.20588235294117646,1.0,1.0,1.0,0.0,0.0,1.0146393826554785
3,2,gru,2101011,110578,True,True,True,0.7488904407989082,0.7027336722145501,0.7073493328635494,0.5637620391784555,18.205612340999778,8.474995059999856,0.2240435140001864,26.90934901799983,0,gpu_full_lru,1,2594841088,7350517760,0.8453670712076543,0.18400842962677774,0.1826987469239121,0.18020652555388184,0.8024229229960733,0.8453670712076543,0.8204097387788133,0.0053605020141458,0.43494831189961725,0.9952070032013601,1.0,0.9975977445994578,1.0,0.0,0.5764872687631686
3,3,gru,3542026,186424,True,True,True,0.4427989042606212,0.39616138702662657,0.4008251288314804,0.3361446301561713,30.58972960700021,14.604782049999812,0.3966999549998036,45.594947064999815,0,gpu_full_lru,1,2625799680,7658799104,0.902179976827018,0.1018771184814593,0.10456613146915321,0.09350141609495756,0.8760937066030242,0.9021799768270179,0.8847255606676154,0.0036596728661243525,0.6307279861779056,0.9853476119451031,0.9998094615929011,0.9925258595531729,0.9989027066569129,0.00019053840709891664,0.34508574295096633
3,4,gru,1824241,96013,True,True,True,0.4142416677644364,0.39868329558374427,0.4002391227587301,0.32532333549014,15.927013827999872,7.307420395999998,0.1800912270000481,23.41859294300002,0,gpu_full_lru,1,2628364288,7925137408,0.8904835803484945,0.0674841110326014,0.05658532883421602,0.05902821275697211,0.8662014980661935,0.8904835803484944,0.8664303357252572,0.014972956760980535,0.14929702410696044,1.0,1.0,1.0,0.0,0.0,0.3596613646412152
3,5,gru,2405287,126594,True,True,True,0.2225094325501303,0.19309048751658023,0.19603237722381636,0.14217485411565614,20.90634966000016,9.681133233999844,0.23265614499996445,30.824069836000035,0,gpu_full_lru,1,2651014656,8225030144,0.9453607595936616,0.06270062651376401,0.05667423933066136,0.055819365117452384,0.9237598584848756,0.9453607595936615,0.9334148320916723,0.003946276113968641,0.3550904665516916,1.0,1.0,1.0,0.0,0.0,0.18068202031317512
3,6,transformer,2552285,134332,True,True,True,0.04349375194923767,0.01629336640515296,0.01901340469545952,0.014768645747591898,72.7064785739999,33.74422120100007,0.5672657720001553,107.02242069400017,0,gpu_full_lru,1,2768918016,8619294720,0.9969701932525384,0.058555561180168504,0.058583457370426334,0.058569455967028734,0.9952166005737321,0.9969701932525384,0.9960921893592748,0.0004211811958997059,0.08847536615898542,1.0,1.0,1.0,0.0,0.0,0.014082381617103372
3,7,transformer,1733726,91249,True,True,True,0.10673865620908683,0.06506620878763787,0.06923345227327454,0.06348664781366167,51.54021341099997,23.711445684999944,0.39487029100018844,75.65150487500023,1,gpu_full_lru,1,2650338816,6304038912,0.9832874880820611,0.14759487303392477,0.13443312935341567,0.13535024475838797,0.9805242789411777,0.9832874880820612,0.9805095722630739,0.001298680467092748,0.18909628241129026,1.0,1.0,1.0,0.0,0.0,0.056543245945238456
3,8,transformer,12121531,637978,True,True,True,0.3185985722924323,0.27305996302605334,0.2776138176406561,0.3070694173699508,359.25646342200025,164.01475235800035,2.7450157120001677,526.0208709000003,1,gpu_full_lru,1,3058621952,7205814272,0.8900510675916724,0.33474713183517063,0.2901880610444862,0.2876505637686509,0.8633381968348915,0.8900510675916726,0.8480080215834933,0.003996312534396943,0.5333413507202197,0.9989446499332796,0.9857457567716417,0.9923013146985669,0.016087449726719605,0.014254243228358283,0.2685481921210711
3,9,transformer,4136478,217714,True,True,True,0.10486585775825352,0.058499829628262195,0.06313643121366282,0.05951525424779546,118.86087391799992,54.72611050800015,0.9156132299999626,174.50779074000002,0,gpu_full_lru,1,2799851008,9030336512,0.9848976179758766,0.24288671814296445,0.2342782852267692,0.22699201056029472,0.9818689684989298,0.9848976179758766,0.9818747681912584,0.0004944445575486668,0.3245452441849955,1.0,1.0,1.0,0.0,0.0,0.05154055032001631
3,10,transformer,3767327,198280,True,True,True,0.05407831366851525,0.03364947904426562,0.03569236176685188,0.03453028815252629,111.49132592600017,51.150982501999806,0.850988389000122,163.49766633699983,1,gpu_full_lru,1,3058621952,7621050368,0.9942808150090781,0.1971223640025972,0.20077604862247897,0.19889139095276223,0.9935074481432602,0.9942808150090782,0.9938694988675956,0.0001834414243705913,0.21098865725987398,1.0,1.0,1.0,0.0,0.0,0.027069847008811987
4,1,gru,29942,1578,True,True,True,0.955109031547104,0.9456912991470424,0.9466330465306325,0.8537684515039967,0.3250003140001354,0.12466620799978045,0.004654179999761254,0.45727200600003926,0,gpu_full_lru,1,2686275584,9311354880,0.876425855513308,0.025777231044509057,0.029411764705882353,0.02747481971512009,0.7681222802122338,0.876425855513308,0.8187078407125329,0.029411764705882353,0.20588235294117646,1.0,1.0,1.0,0.0,0.0,0.8744542463499633
4,2,gru,2101011,110578,True,True,True,0.5550628071857512,0.5195102182951951,0.5230654655436578,0.44823617015364103,18.204334060999827,8.554735947000154,0.20428661200003262,26.966783839000072,0,gpu_full_lru,1,2721456640,9598664704,0.8814140244895006,0.21200347840724798,0.2047363976491018,0.20230524235355915,0.8440571988171559,0.8814140244895006,0.8591950729332022,0.004116431947320578,0.41291066117442765,0.9952070032013601,1.0,0.9975977445994578,1.0,0.0,0.4483507988338163
4,3,gru,3542026,186424,True,True,True,0.31494900620010335,0.2945076160323195,0.29655174849158844,0.24757802265711626,30.85879727099973,14.38722697500043,0.3440136710000843,45.59386088000019,0,gpu_full_lru,1,2752415232,9906946048,0.9171404969317255,0.12614642819947683,0.12014986216363137,0.11595186170997474,0.8983384623683176,0.9171404969317256,0.9025957530217592,0.0031025194267453307,0.6151442554834274,0.9864825628286609,0.998791442103544,0.9925988443809648,0.9195318215069496,0.0012085578964559857,0.2683361344321119
4,4,gru,1824241,96013,True,True,True,0.30129814860728554,0.29273705083230944,0.2935931537267428,0.21596093195168162,15.818069423999987,7.438403557000129,0.18077656500008743,23.440684359999977,0,gpu_full_lru,1,2754979840,10173284352,0.9284576046993637,0.07098341458524414,0.07114546921855783,0.07099341866269816,0.9171391311512025,0.9284576046993636,0.9225301698609166,0.0064811785960345305,0.13473688372261863,1.0,1.0,1.0,0.0,0.0,0.23152182732496118
4,5,gru,2405287,126594,True,True,True,0.17060933477341414,0.1628742406616882,0.16364774638400648,0.12006718726236691,20.92279756500011,9.668270101999951,0.23263317500004632,30.827423688999716,0,gpu_full_lru,1,2777630208,10473177088,0.965954152645465,0.0925971232264551,0.06367704523908288,0.06603427297922164,0.9487169864538445,0.965954152645465,0.9547230267315513,0.0020730061337030647,0.34808766064327007,1.0,1.0,1.0,0.0,0.0,0.1430465426049809
4,6,transformer,2552285,134332,True,True,True,0.016519710264264527,0.013559670969288617,0.013855674585269097,0.010505289987697652,72.62834452800007,33.656490059000134,0.55776491800043,106.84773451199999,0,gpu_full_lru,1,2895533568,10867441664,0.9969627490099158,0.058548232675507364,0.05858438582020381,0.058566264061235745,0.9952092548798668,0.9969627490099157,0.996084884971961,0.0004155843525793742,0.08847443770920796,1.0,1.0,1.0,0.0,0.0,0.012233778472385352
4,7,transformer,1733726,91249,True,True,True,0.08989967321274034,0.05960321664054983,0.06263286091676687,0.050253585861561346,51.38502123399985,23.682275091000065,0.39467445599984785,75.46662921999996,1,gpu_full_lru,1,2704602624,8038383616,0.9859176538920974,0.15259219260037898,0.13884993099004123,0.1410890873701052,0.9831862121515963,0.9859176538920974,0.9833654692821256,0.0009288224310458672,0.18467948077466467,1.0,1.0,1.0,0.0,0.0,0.04703205247302791
4,8,transformer,12121531,637978,True,True,True,0.30129112438009537,0.2690372685090982,0.27226264789551724,0.2903190104394771,359.1657914550001,164.65112322799996,2.745077136999953,526.5662629420003,1,gpu_full_lru,1,3112885760,8940158976,0.8905745966161842,0.3308240275261489,0.2984605243750673,0.2987701331627837,0.8225442977797705,0.8905745966161842,0.8496765830100881,0.003980524161024156,0.5250688873896386,0.9981174787710307,0.9875098049032861,0.992785307530461,0.0287717850881716,0.012490195096713896,0.26467790796834406
4,9,transformer,4136478,217714,True,True,True,0.08401057493543106,0.050772653259627175,0.05409644437058119,0.06202391822496624,118.71043592700016,54.787663172000066,1.0000817069999357,174.503259481,0,gpu_full_lru,1,2926466560,11278483456,0.9866292475449443,0.24491844705097834,0.24587244230074526,0.23649107515660256,0.9831288471909664,0.9866292475449443,0.9837637537807083,0.0004832305988466111,0.31295108711101943,1.0,1.0,1.0,0.0,0.0,0.042998444116114365
4,10,transformer,3767327,198280,True,True,True,0.031958470518196315,0.026984355747630372,0.02748176659481504,0.026997847026803905,111.71561096599999,51.29850571799989,0.8517296149998401,163.8706444559998,1,gpu_full_lru,1,3112885760,9355395072,0.9948204559209199,0.19824000899370717,0.20166872947352263,0.19990518703192062,0.9940280215049044,0.99482045592092,0.9944014337976178,0.00016659051550695265,0.21009597640883032,1.0,1.0,1.0,0.0,0.0,0.023382759946012344
5,1,gru,29942,1578,True,True,True,0.832244450272336,0.8492520691978852,0.8475512908508492,0.7921907421892976,0.3083330749996094,0.13096053599974766,0.004357347000222944,0.44698506499980795,0,gpu_full_lru,1,2812891136,11559501824,0.876425855513308,0.025777231044509057,0.029411764705882353,0.02747481971512009,0.7681222802122338,0.876425855513308,0.8187078407125329,0.029411764705882353,0.20588235294117646,1.0,1.0,1.0,0.0,0.0,0.8125927715700388
5,2,gru,2101011,110578,True,True,True,0.44125957113488784,0.42005498348601067,0.4221754316345596,0.3699536974847396,18.808988582999973,8.944812096999613,0.21575912699972832,27.973279400000138,0,gpu_full_lru,1,2829459968,11842617344,0.8978368210674817,0.23689877397919487,0.21723356747972242,0.2129929631844694,0.8664783233117282,0.8978368210674817,0.8781264740035,0.0035207503201478366,0.40041349134380705,0.9952070032013601,1.0,0.9975977445994578,1.0,0.0,0.3697253038165483
5,3,gru,3542026,186424,True,True,True,0.2419742536382862,0.22855901814344406,0.2299005362548336,0.20966208332345332,31.375849693999953,14.578813807999722,0.3695343590002267,46.328592024000045,0,gpu_full_lru,1,2842011648,12148801536,0.915971119598335,0.14790830080980882,0.13179713961533565,0.12980817670764885,0.8988045949718453,0.915971119598335,0.9030475820941948,0.0032933562781860843,0.6034969780317233,0.9882146615222729,0.9969568294409059,0.9925664963889378,0.7988295537673739,0.003043170559094126,0.30194406383452854
5,4,gru,1824241,96013,True,True,True,0.20524133897989194,0.20151072179067628,0.2018837786796635,0.1623106120373601,16.195812025000123,7.523214685000312,0.17667521300063527,23.89932907100001,0,gpu_full_lru,1,2842011648,12410945536,0.950642100548884,0.07399134041891813,0.07601878052193045,0.0749813531795904,0.9414104641463241,0.950642100548884,0.9459703865553899,0.003357939141900293,0.129863572419246,1.0,1.0,1.0,0.0,0.0,0.16722791303328768
5,5,gru,2405287,126594,True,True,True,0.12581536324536585,0.12970975237084345,0.129320310521574,0.10634758508910369,21.007612060999236,9.836338125999646,0.23533529199994518,31.08178171899999,0,gpu_full_lru,1,2842011648,12410945536,0.9759783244071599,0.0983347842274488,0.08461109602088192,0.08657089662785503,0.9592563829985405,0.9759783244071598,0.9663801220455832,0.001400514811347342,0.327153609861471,1.0,1.0,1.0,0.0,0.0,0.11620374676371298
5,6,transformer,2552285,134332,True,True,True,0.0165967620091183,0.012008395915330948,0.012467232250250669,0.008926279759747396,73.16580655000053,33.9095672859994,0.5590829740003755,107.637599959,0,gpu_full_lru,1,2932430336,12526288896,0.9970744126492571,0.06835722563938927,0.05933532984258722,0.05993344288264503,0.9955519293699728,0.9970744126492572,0.9962320666633185,0.00038930959419535986,0.08772349368682454,1.0,1.0,1.0,0.0,0.0,0.010547513179000712
5,7,transformer,1733726,91249,True,True,True,0.07632695719024606,0.04730734648218281,0.0502093065640493,0.04540106747985841,51.55467416800002,23.659378296999876,0.4060021170002983,75.62480884599972,1,gpu_full_lru,1,2758866432,9772728320,0.9874738353297022,0.15631627511576957,0.15098761213822362,0.15269637777718462,0.9843712242117116,0.9874738353297023,0.9856811336335781,0.0012533426924408874,0.17254179962648228,1.0,1.0,1.0,0.0,0.0,0.04477685317923767
5,8,transformer,12121531,637978,True,True,True,0.2899696850878497,0.2661931654215756,0.26857081132336563,0.28190894482574663,360.2457609379999,165.59684590100005,2.7524329540001418,528.6007115330003,1,gpu_full_lru,1,3167149568,10674503680,0.890604378207399,0.3462559608080304,0.3060394691066807,0.3083156159286702,0.8223822478207804,0.890604378207399,0.8486857203217953,0.0039799623143310005,0.5174899426580252,0.9992539459660639,0.9857791351658072,0.9924708056792405,0.011369495720325874,0.014220864834192827,0.26344289404708915
5,9,transformer,4136478,217714,True,True,True,0.06938497519647288,0.045782301276356865,0.04814256769810157,0.05522787127849053,120.00922452899977,55.4269558269998,0.9106975599997895,176.35101337499964,0,gpu_full_lru,1,2942707200,12670992384,0.9871207180061916,0.25777114872590884,0.24852126675173317,0.23871635788691617,0.98531278262469,0.9871207180061916,0.9843609079023852,0.00044200530845435286,0.3103022626600315,1.0,1.0,1.0,0.0,0.0,0.0412145863545295
5,10,transformer,3767327,198280,True,True,True,0.027417633060223878,0.023594492292208075,0.023976805826959775,0.023875182121990083,112.0648295459996,51.52632971799994,0.8542764650001118,164.45015845200032,1,gpu_full_lru,1,3167149568,11089739776,0.9950121040952189,0.19773317364838855,0.2019841515496156,0.19976865555178777,0.9942662522796868,0.9950121040952189,0.9946025426201975,0.0001574700503700841,0.20978055433273735,1.0,1.0,1.0,0.0,0.0,0.021470317730688752
6,1,gru,29942,1578,True,True,True,0.7775511965867266,0.7936890483674907,0.7920752446475166,0.7483941709761963,0.33929983799953334,0.13015003000055003,0.004784546999871964,0.4775407079996512,0,gpu_full_lru,1,2812891136,12673089536,0.876425855513308,0.025777231044509057,0.029411764705882353,0.02747481971512009,0.7681222802122338,0.876425855513308,0.8187078407125329,0.029411764705882353,0.20588235294117646,1.0,1.0,1.0,0.0,0.0,0.7666870701600088
6,2,gru,2101011,110578,True,True,True,0.35898266416640107,0.3521481426600787,0.35283158710398277,0.3165523648660502,18.730647137000233,8.698626417000014,0.20599656400008826,27.637977423999473,0,gpu_full_lru,1,2830346240,12673089536,0.914024489500624,0.26941370870364256,0.23444702857461336,0.2302478376031015,0.8924717762714313,0.914024489500624,0.8969686191859145,0.0029220053619828756,0.3832000302489161,0.9952070032013601,1.0,0.9975977445994578,1.0,0.0,0.30920809651020975
6,3,gru,3542026,186424,True,True,True,0.19641061299785184,0.1909527798726006,0.19149855870726584,0.17750356133778933,31.639427914000407,14.92811441899994,0.3521609509998598,46.92438637699979,0,gpu_full_lru,1,2840988160,12842958848,0.9503443762605673,0.16559481592815326,0.150932715770698,0.1479003701571677,0.9347630079223841,0.9503443762605673,0.9391480730103161,0.0017180093089793436,0.5843614018763608,0.9896116116332645,0.9962273395394414,0.9929084555951038,0.702633504023409,0.00377266046055855,0.1713823649711117
6,4,gru,1824241,96013,True,True,True,0.15089280968297497,0.1508821585313424,0.15088322034323906,0.12761059120523527,16.64116935600032,7.576103901999886,0.2097319240001525,24.43026186499992,0,gpu_full_lru,1,2840988160,12924747776,0.9602762125962109,0.07617778308255599,0.07779126067579209,0.07694032503890944,0.9505876069807673,0.9602762125962109,0.9553240685472252,0.00267667112187171,0.1280910922653844,1.0,1.0,1.0,0.0,0.0,0.12836473853860472
6,5,gru,2405287,126594,True,True,True,0.1074188565992772,0.11058704153913815,0.11027022039223511,0.09569453784462945,21.50193113200021,9.92428942800052,0.24126278499988985,31.671005195999896,0,gpu_full_lru,1,2840988160,12924747776,0.9767998483340443,0.09971078239640287,0.08743647490664977,0.09030523005492937,0.9617177349247297,0.9767998483340442,0.9685019414020959,0.0013390469396033667,0.3243282309757032,1.0,1.0,1.0,0.0,0.0,0.1025238259433231
6,6,transformer,2552285,134332,True,True,True,0.010557241558257494,0.009629807232469995,0.009722550437961133,0.007972190143208624,73.48900543199943,34.120022529999915,0.5688317290005216,108.18163061900032,0,gpu_full_lru,1,2932430336,13040091136,0.9976922847869458,0.09787111099049449,0.07434153835910967,0.08086977779085419,0.9973066617751044,0.9976922847869457,0.9973425909011384,0.00033588732942067085,0.07271728517030208,1.0,1.0,1.0,0.0,0.0,0.008876056801254301
6,7,transformer,1733726,91249,True,True,True,0.06736357621998607,0.04150433285640396,0.04409025631535676,0.03808029717907537,51.78353115800019,23.87980884799981,0.3981930989993998,76.06655698600025,1,gpu_full_lru,1,2813130240,11507073024,0.9905094850354524,0.1569943176233467,0.16129691085454378,0.15868402716533,0.9880277183898311,0.9905094850354524,0.9891397132304993,0.00068160338995859,0.1622325009101621,1.0,1.0,1.0,0.0,0.0,0.03726988576515
6,8,transformer,12121531,637978,True,True,True,0.2789786306419653,0.2637554541208149,0.26527776565778094,0.27799358469752855,360.67520722800055,164.31990888699966,2.7449312600001576,527.7449364599997,1,gpu_full_lru,1,3221413376,12408848384,0.891152986466618,0.36717451447709815,0.31309132825794195,0.31782389634380304,0.8655188397874138,0.891152986466618,0.8501697588598529,0.00396163362546945,0.5104380835067639,0.9986677878186165,0.9870975817353427,0.9928489774541351,0.020341342683304113,0.012902418264657288,0.2641495586187514
6,9,transformer,4136478,217714,True,True,True,0.059445396011878024,0.04260944715576181,0.04429304106132841,0.04902983027461253,119.71217658799924,55.176085787000375,0.9326718579995941,175.82485298400024,0,gpu_full_lru,1,2942707200,13184794624,0.9877132384688169,0.25924695038829526,0.24972023862812462,0.2405650726608797,0.9857328049572784,0.987713238468817,0.9849187242808154,0.0004707995760194406,0.3091032907836401,1.0,1.0,1.0,0.0,0.0,0.03758792854526644
6,10,transformer,3767327,198280,True,True,True,0.024297371115651556,0.021553417092752544,0.021827811969585977,0.022124254954099375,111.45998400100052,51.04095476800012,0.8518941199999972,163.35737147200052,1,gpu_full_lru,1,3221413376,12824084480,0.995652612467218,0.1991870902361101,0.20331178455209506,0.20116622028683875,0.994881030555059,0.995652612467218,0.9952355215253749,0.00013815818119651,0.2084529213302579,1.0,1.0,1.0,0.0,0.0,0.019142354844599835
7,1,gru,29942,1578,True,True,True,0.7370506533599555,0.7496315711295148,0.748373460557846,0.7123602539565678,0.3265461849996427,0.13483221599926765,0.005973676999929012,0.4711367820000305,0,gpu_full_lru,1,2812891136,13186891776,0.876425855513308,0.025777231044509057,0.029411764705882353,0.02747481971512009,0.7681222802122338,0.876425855513308,0.8187078407125329,0.029411764705882353,0.20588235294117646,1.0,1.0,1.0,0.0,0.0,0.7269090382318533
7,2,gru,2101011,110578,True,True,True,0.31069300579469106,0.3005932099543905,0.301603182740579,0.27634166959781503,18.096191098999952,8.493796204999853,0.20151952800006256,26.79455932700057,0,gpu_full_lru,1,2830346240,13186891776,0.9226337969578036,0.26941353072757257,0.245664621227226,0.24230536012963738,0.902873891907015,0.9226337969578036,0.9080559808724936,0.002597296730401432,0.37198243759630345,0.9952070032013601,1.0,0.9975977445994578,1.0,0.0,0.2696235993537028
7,3,gru,3542026,186424,True,True,True,0.17759411656314336,0.17140587223294873,0.1720246927967868,0.1624852451293211,30.7092054929999,14.521584740000435,0.3827528589999929,45.616697967999244,0,gpu_full_lru,1,2840988160,13356761088,0.9536433077286186,0.17414636041140258,0.16057225211944806,0.1569162926174845,0.9408390955655798,0.9536433077286186,0.9443064182574789,0.001542223999761099,0.5747218655276107,0.9912370127757413,0.9951331046872448,0.9931812378090856,0.5910753474762254,0.004866895312755185,0.15720484351242672
7,4,gru,1824241,96013,True,True,True,0.1199123330832073,0.12056152806317587,0.12049660571668701,0.10240094905285693,15.986196529000154,7.640417882000293,0.19478516100025445,23.82406549100051,0,gpu_full_lru,1,2840988160,13438550016,0.9735869101059231,0.0802054215724893,0.0830433412310853,0.08156222160269781,0.9639275915903069,0.9735869101059231,0.9686340434039971,0.0016657990109976884,0.12283901171009116,1.0,1.0,1.0,0.0,0.0,0.09876008490172186
7,5,gru,2405287,126594,True,True,True,0.09882860786901149,0.0997707469232358,0.09967653045839237,0.08868810624879318,21.35628154599999,10.119321554000635,0.24471861100028036,31.7231429630001,0,gpu_full_lru,1,2840988160,13438550016,0.9783402056969525,0.09644363939130998,0.09383737063675426,0.09496735863784501,0.9648092283624579,0.9783402056969523,0.9714452657867743,0.0012195658608300602,0.3179273352455987,1.0,1.0,1.0,0.0,0.0,0.0936918781146946
7,6,transformer,2552285,134332,True,True,True,0.007920110191194124,0.008336832877699119,0.008295160406169507,0.007024838406123481,73.15250255199953,33.92173511300007,0.5617309139997815,107.63964764899993,0,gpu_full_lru,1,2932430336,13553893376,0.9982059375279159,0.09767818660771636,0.0829578543030437,0.08850271873672733,0.9979114223911182,0.998205937527916,0.998005479252733,0.00025200236867518313,0.06410096922636806,1.0,1.0,1.0,0.0,0.0,0.007408302731742559
7,7,transformer,1733726,91249,True,True,True,0.05898494987574602,0.03763315233397045,0.03976833124126204,0.034484995689016994,51.3297383070003,23.632509816000493,0.3946267210003498,75.36266822699963,1,gpu_full_lru,1,2867394048,13241417728,0.991221821609004,0.15907885362386076,0.16251698113294763,0.16029544867971807,0.9886381351375209,0.9912218216090039,0.9897825881567979,0.0005848656085101364,0.16101243063175824,1.0,1.0,1.0,0.0,0.0,0.03299814538670746
7,8,transformer,12121531,637978,True,True,True,0.2732714399111486,0.2618707044502591,0.26301077194911004,0.2753899830801249,359.1156439660008,165.95573450999927,2.755142641999555,527.8310054419999,1,gpu_full_lru,1,3275677184,14143193088,0.8911310421362492,0.38425375389666383,0.3149030083663582,0.3187921357689656,0.8301937540720608,0.8911310421362492,0.8489887630268067,0.003963116730763541,0.5086264033983479,0.9994634194232013,0.9854319998664864,0.9923981149072917,0.00817263071052903,0.014568000133513576,0.26103310569341115
7,9,transformer,4136478,217714,True,True,True,0.05221958324854699,0.04017199019108428,0.04137674856574799,0.04251081948751119,119.08669759799977,55.124504855999476,0.908713920000082,175.12366864500018,0,gpu_full_lru,1,2942707200,13698596864,0.9875754430123924,0.2601589799497854,0.2504691796637662,0.24161181097480408,0.986042659020922,0.9875754430123924,0.985011865770356,0.0003966319208150207,0.3083543497479985,1.0,1.0,1.0,0.0,0.0,0.03747630982960576
7,10,transformer,3767327,198280,True,True,True,0.02244597415379188,0.020018447246050074,0.020261199464948493,0.022102495691289963,111.50374270700013,51.13822095900014,0.8504562349999105,163.49734764000004,1,gpu_full_lru,1,3275677184,14558429184,0.9957534799273754,0.1987495103510564,0.2039197683122883,0.20116664503259768,0.9950850424342139,0.9957534799273754,0.9953638664147,0.0001322889995526301,0.20784493757006461,1.0,1.0,1.0,0.0,0.0,0.019183582905285393
8,1,gru,29942,1578,True,True,True,0.6979269111302181,0.7106600014609696,0.7093866821536479,0.6780148192132358,0.3091477410007428,0.12268429999949149,0.004256096000062826,0.43871383799978503,0,gpu_full_lru,1,2812891136,13700694016,0.876425855513308,0.025777231044509057,0.029411764705882353,0.02747481971512009,0.7681222802122338,0.876425855513308,0.8187078407125329,0.029411764705882353,0.20588235294117646,1.0,1.0,1.0,0.0,0.0,0.6922947617084808
8,2,gru,2101011,110578,True,True,True,0.27423555878974293,0.26573027236947755,0.2665807945536725,0.2507392819842962,18.48425386300005,8.710566701000062,0.21099720700021862,27.408711568999934,0,gpu_full_lru,1,2830346240,13700694016,0.9327804807466223,0.28648514409434706,0.26487986932787083,0.2652569435676345,0.9172426262453962,0.9327804807466221,0.9220865999183989,0.002230330250814719,0.3527671894956586,0.9952070032013601,1.0,0.9975977445994578,1.0,0.0,0.24096291831072522
8,3,gru,3542026,186424,True,True,True,0.1599484517458901,0.1567714506711522,0.15708914733874635,0.14976538822105423,31.32046145499953,14.661247529999855,0.35454101799950877,46.33971362200009,0,gpu_full_lru,1,2840988160,13870563328,0.9568242286400893,0.20599137340694473,0.1663641008896873,0.16614283145807282,0.9465678237790607,0.9568242286400893,0.9475991443308261,0.0014749074795740497,0.5689300167573714,0.9913045363865036,0.9954815177745114,0.99338863627721,0.5866861741038771,0.004518482225488595,0.14327899565886582
8,4,gru,1824241,96013,True,True,True,0.09342216850006618,0.09470401657869428,0.09457582968011043,0.08148426967090987,16.202761538999766,7.651481558999876,0.18033240599925193,24.037456399999428,0,gpu_full_lru,1,2840988160,13952352256,0.9815129201253997,0.08312475916058754,0.0859803332168702,0.08451493145761776,0.9714489884096247,0.9815129201253996,0.9763942050741359,0.0012861195333114233,0.11990201972430625,1.0,1.0,1.0,0.0,0.0,0.07838187795051113
8,5,gru,2405287,126594,True,True,True,0.0915922347091645,0.0919827228604097,0.09194367194857243,0.08332108417079437,21.340150674999677,10.064677645000302,0.24452241000017239,31.65207606200056,0,gpu_full_lru,1,2840988160,13952352256,0.9789721471791712,0.09619363499245598,0.09670378165456543,0.09608313764288481,0.9666462738479692,0.9789721471791712,0.9726550410928206,0.001125480651000913,0.3150609242277875,1.0,1.0,1.0,0.0,0.0,0.08626837150291905
8,6,transformer,2552285,134332,True,True,True,0.0074060311835346705,0.00747124435502544,0.007464722862882799,0.00659767693452083,73.4907758270001,33.972348872999646,0.5634417179999218,108.02981488200021,0,gpu_full_lru,1,2932430336,14067695616,0.998354822380371,0.09881758815947608,0.08177927590673209,0.0872031086383979,0.9979870315217518,0.9983548223803709,0.9980935783208766,0.00024032226838864029,0.06527954762267967,1.0,1.0,1.0,0.0,0.0,0.006639212639639913
8,7,transformer,1733726,91249,True,True,True,0.04752075766708773,0.034385208379221426,0.035698762556862246,0.05424275513010954,51.76024929899995,23.875284988000203,0.39700925200031634,76.03730709200045,1,gpu_full_lru,1,2921657856,14975762432,0.976383302830716,0.13040367473896233,0.12538682777037777,0.12019692792196261,0.9782326228292989,0.9763833028307161,0.975914777739273,0.001931597838973571,0.1981425839943281,1.0,1.0,1.0,0.0,0.0,0.07954100819315016
8,8,transformer,12121531,637978,True,True,True,0.26973584201488654,0.26042675911366064,0.26135766146265366,0.26970009723518185,361.58509233400036,164.60478875600074,2.7493805240001166,529.2006932840004,1,gpu_full_lru,1,3329940992,15372124160,0.891486853778657,0.355768521504504,0.3168335043733521,0.3217829276907903,0.8237357327164191,0.8914868537786569,0.849909834467124,0.003951530517864158,0.5066959073913537,0.9991934256581951,0.9861863515746258,0.9926472811570832,0.012297617819944312,0.013813648425374254,0.25881293890139434
8,9,transformer,4136478,217714,True,True,True,0.045339943357447045,0.03788703938999244,0.038632328927989124,0.03751010105865428,119.51846238800044,54.93180752399985,0.9181715929998973,175.37282385699928,0,gpu_full_lru,1,2942707200,14212399104,0.9881128452924479,0.27522294045213513,0.2525003188965512,0.2460394511572226,0.9877190196628036,0.9881128452924478,0.9856091176287924,0.00037263826361636637,0.3063232105152135,1.0,1.0,1.0,0.0,0.0,0.03509755413304608
8,10,transformer,3767327,198280,True,True,True,0.020719983270502076,0.018854099009657753,0.01904068700747076,0.02001708076776504,112.26021082199986,51.51251408600001,0.8531294489994252,164.63038292799956,1,gpu_full_lru,1,3329940992,15372124160,0.9960560823078475,0.19922381917925655,0.20421335365207038,0.20157186489339016,0.9953386196336456,0.9960560823078476,0.9956501707296141,0.00012369282147938797,0.20755135223028254,1.0,1.0,1.0,0.0,0.0,0.01739918699501947
9,1,gru,29942,1578,True,True,True,0.668035164683466,0.6776925134687479,0.676726754805295,0.650225692119908,0.32256058099937945,0.12693892099923687,0.004903531000309158,0.45776692399977037,0,gpu_full_lru,1,2812891136,14214496256,0.876425855513308,0.025777231044509057,0.029411764705882353,0.02747481971512009,0.7681222802122338,0.876425855513308,0.8187078407125329,0.029411764705882353,0.20588235294117646,1.0,1.0,1.0,0.0,0.0,0.6622810599468507
9,2,gru,2101011,110578,True,True,True,0.24927692499714374,0.23959942141795962,0.2405671660089347,0.22851752706559242,18.911066105999453,8.667671821000113,0.20920673399996303,27.790613914999994,0,gpu_full_lru,1,2830346240,14214496256,0.9416430031290131,0.2920218177808785,0.28224802228935475,0.27995903206937867,0.9266580494622869,0.941643003129013,0.9322680089960907,0.0019239786492964489,0.3353990365341747,0.9952070032013601,1.0,0.9975977445994578,1.0,0.0,0.21673924156871047
9,3,gru,3542026,186424,True,True,True,0.1469830236367904,0.14454280122132293,0.1447868202952511,0.13838669964352518,31.158660729000076,14.588133999000092,0.34677288199964096,46.09699414499937,0,gpu_full_lru,1,2840988160,14384365568,0.9595009226279878,0.20875961973654492,0.17708936285260013,0.1771574497512455,0.9502997056166897,0.9595009226279878,0.951653508062145,0.0013478152438596356,0.5582047547944589,0.9926572495393796,0.9942838477870325,0.9934698828604143,0.49414776883686906,0.0057161522129675,0.13249211296242858
9,4,gru,1824241,96013,True,True,True,0.07920874281369099,0.07944174105590379,0.07941843939674156,0.07179461093187535,16.261250303000452,7.450582171999486,0.18094834499970602,23.89573928399932,0,gpu_full_lru,1,2840988160,14466154496,0.983929259579432,0.08385106689202182,0.08674974334144353,0.08526510734705092,0.973835431473244,0.9839292595794318,0.9787861799815291,0.001075647724381167,0.11913260959973293,1.0,1.0,1.0,0.0,0.0,0.06898892430644417
9,5,gru,2405287,126594,True,True,True,0.08522918707165367,0.08498538924030613,0.0850097670795323,0.07792431310861676,21.279600185999698,9.973984203000327,0.27339475700046023,31.529756306999843,0,gpu_full_lru,1,2840988160,14466154496,0.9796751820781395,0.1234188993031142,0.09903810653056279,0.09800496406790431,0.9718885916610749,0.9796751820781395,0.9737988653438612,0.0010786006458216283,0.3127265993517902,1.0,1.0,1.0,0.0,0.0,0.07943214839544617
9,6,transformer,2552285,134332,True,True,True,0.006789044955606477,0.0069290465168048015,0.006915046195937011,0.006331002126992107,73.58753861599962,34.16349559599985,0.5634194869999192,108.31919277700035,0,gpu_full_lru,1,2933085696,14560526336,0.9984590417770896,0.0998918290416732,0.0812721107629082,0.08646404289279762,0.9980760140690376,0.9984590417770897,0.9981698814144162,0.00022870777758026721,0.06578671276650357,1.0,1.0,1.0,0.0,0.0,0.006298227774146419
9,7,transformer,1733726,91249,True,True,True,0.04121143377896955,0.03180186639374458,0.0327428224123529,0.03224270838190099,51.83976742699997,23.83684378399994,0.39433215300050506,76.07675337199998,1,gpu_full_lru,1,2975921664,6209667072,0.992241010860393,0.20530099293730084,0.17121313410975916,0.17332302150275056,0.9912776141648469,0.992241010860393,0.9909909760416868,0.0004730433974619788,0.15231627765494668,1.0,1.0,1.0,0.0,0.0,0.030520788666190474
9,8,transformer,12121531,637978,True,True,True,0.26581299383168866,0.25913279184688626,0.25980080584791054,0.2706716000275756,360.4263577639995,165.43034794300002,2.760735697999735,528.6218986240001,1,gpu_full_lru,1,3384204800,7111442432,0.8920903228637979,0.3527132485955518,0.3260068993421968,0.328938227697992,0.8249103019488865,0.8920903228637979,0.8520322071410253,0.003928952740522273,0.49752251242250917,0.9977853601358088,0.9887698392830321,0.993257142282345,0.03390223780550686,0.011230160716967906,0.25567520358014617
9,9,transformer,4136478,217714,True,True,True,0.04274531927012973,0.03629445303321727,0.036939538814655025,0.036270583137860406,119.55869835800058,55.07929387100012,0.906269797999812,175.54833147600039,0,gpu_full_lru,1,2941863936,14705229824,0.9886548407543841,0.27170366552916014,0.25455722039770146,0.2484473798863292,0.9878518425103394,0.9886548407543843,0.9863602184074792,0.00039840591489843577,0.30426630901406326,1.0,1.0,1.0,0.0,0.0,0.03303378219380577
9,10,transformer,3767327,198280,True,True,True,0.019594904431561727,0.017897014777018175,0.018066803330231588,0.018391591659745743,112.30788056900019,51.485886465000476,0.8543834609999976,164.65274513000077,1,gpu_full_lru,1,3384204800,7505707008,0.9959854750857373,0.19954286574430982,0.20405618782486773,0.20170493516277094,0.9952096447566168,0.9959854750857373,0.9955629325278327,0.00012709604121734398,0.20770851805748525,1.0,1.0,1.0,0.0,0.0,0.01641001275227463
10,1,gru,29942,1578,True,True,True,0.6408221789531021,0.6499937454124195,0.6490765802050137,0.6267108577349312,0.32787200399980065,0.130950490000032,0.004320805999668664,0.4667179699999906,0,gpu_full_lru,1,2812891136,14707326976,0.876425855513308,0.025777231044509057,0.029411764705882353,0.02747481971512009,0.7681222802122338,0.876425855513308,0.8187078407125329,0.029411764705882353,0.20588235294117646,1.0,1.0,1.0,0.0,0.0,0.6383982938354309
10,2,gru,2101011,110578,True,True,True,0.22711738778689924,0.2190534632261582,0.21985985026338922,0.21165063872996348,18.62876159999996,8.750417971999923,0.2134231309992174,27.5954239269995,0,gpu_full_lru,1,2829459968,14707326976,0.9457306154931361,0.2940241932882164,0.28938124827026435,0.28523625042455103,0.9307452119264199,0.9457306154931361,0.9365785568286097,0.0017809345382980837,0.32826581055326504,0.9952070032013601,1.0,0.9975977445994578,1.0,0.0,0.19940865855860018
10,3,gru,3542026,186424,True,True,True,0.13679267264776176,0.13440147668241442,0.13464059320395066,0.12998371743944268,31.31129311299992,14.67924204100018,0.3512705040002402,46.344615449999765,0,gpu_full_lru,1,2841512448,14707326976,0.9627515770501652,0.22894933284485652,0.1863801631923779,0.1913932406291255,0.9548965035954173,0.9627515770501652,0.9555335093249465,0.0012744876620928113,0.5489139544546809,0.9924208310501788,0.995829930861778,0.9941224582960835,0.5109729334308705,0.004170069138222004,0.12450755385146685
10,4,gru,1824241,96013,True,True,True,0.07027037593309363,0.070927793251219,0.07086204975017553,0.06578816105692487,16.293727033999858,7.586578496000584,0.20347850499911146,24.086538088999987,0,gpu_full_lru,1,2841512448,14707326976,0.9850020309749722,0.08416851311071276,0.08709852099353382,0.08559676219454974,0.9749087064924787,0.9850020309749721,0.9798480059508015,0.0009769129341823542,0.11878383194764265,1.0,1.0,1.0,0.0,0.0,0.06348331157323837
10,5,gru,2405287,126594,True,True,True,0.07850944129403245,0.07867394458184482,0.0786574924505472,0.07237553571261797,21.45354562400007,10.03295001799961,0.24060313000063616,31.72987436599942,0,gpu_full_lru,1,2841512448,14707326976,0.9799437572080826,0.11508558289093154,0.10089978628539702,0.10011560279770844,0.9712528307379402,0.9799437572080826,0.9746216154558476,0.0010701468522654328,0.31086491959695595,1.0,1.0,1.0,0.0,0.0,0.07358232086607146
10,6,transformer,2552285,134332,True,True,True,0.006816343407585247,0.006555684811870062,0.006581750511283661,0.005934927987153511,73.33476172000064,34.12034547799976,0.5619759659994088,108.0206550540006,0,gpu_full_lru,1,2932233728,14801698816,0.9985037072328261,0.09956996037151836,0.08418714241562032,0.08983383937880243,0.9982104887365528,0.9985037072328261,0.9983020867253184,0.00020440474292533455,0.06287168111379143,1.0,1.0,1.0,0.0,0.0,0.005867245646346538
10,7,transformer,1733726,91249,True,True,True,0.036968780423144415,0.029802458614083094,0.03051909012285612,0.028483396594567528,51.82408037699952,23.814898835999884,0.3952801730001738,76.04035392300011,1,gpu_full_lru,1,3030185472,7925137408,0.9924930684171881,0.21629744880717905,0.1688047855880355,0.1672859134087786,0.9917019663517583,0.9924930684171881,0.9911853303762637,0.00045848664421098466,0.15472462617667038,1.0,1.0,1.0,0.0,0.0,0.027024676492130813
10,8,transformer,12121531,637978,True,True,True,0.2637892002676572,0.2579618454244011,0.2585445749508816,0.26431914391265465,361.48629406300006,164.52726911100035,2.75833202099966,528.7764091029994,1,gpu_full_lru,1,3438468608,8826912768,0.8921655605679193,0.3823045783180825,0.3281561166275621,0.3295185605378328,0.8317750877502382,0.8921655605679193,0.8517760308461669,0.0039267927752377335,0.4953732951371438,0.9982383117463304,0.9882274403778434,0.993207650974403,0.026941322058368567,0.011772559622156578,0.2548856260838638
10,9,transformer,4136478,217714,True,True,True,0.03973403587054581,0.03502558340147992,0.03549642781788848,0.03459804025309838,119.76483030299914,55.2124304959998,0.9169153919992823,175.89765780200014,0,gpu_full_lru,1,2944488960,14873001984,0.9887926362108087,0.2705857755425608,0.25696685724518825,0.25276975654821987,0.9878834597580087,0.9887926362108087,0.9869078079358372,0.00035230009855371526,0.30185667216657647,1.0,1.0,1.0,0.0,0.0,0.03327481760233658
10,10,transformer,3767327,198280,True,True,True,0.01882734645612434,0.017076167481598372,0.01725128499173644,0.018289063550363565,111.48683544100095,51.034341480000876,0.8470000859997526,163.3726929200002,1,gpu_full_lru,1,3438468608,9198108672,0.9960409521888239,0.198432665966479,0.2043984292281638,0.20124797453409093,0.9953469579367837,0.996040952188824,0.9956401410517388,0.00012276856203374814,0.2073662766541891,1.0,1.0,1.0,0.0,0.0,0.016522303665992843
