round,mean_hard_loss,mean_proximal_loss,mean_soft_loss,mean_total_loss,selection_threshold_accuracy,selected_clients_current,selected_clients_next,round_seconds,communication_bytes_round,communication_mib_round,communication_bytes_cumulative,communication_mib_cumulative,predicted_gpu_0_seconds,predicted_gpu_1_seconds,actual_gpu_0_seconds,actual_gpu_1_seconds,worker_idle_seconds,peak_allocated_gpu0_bytes,peak_allocated_gpu1_bytes,peak_reserved_gpu0_bytes,peak_reserved_gpu1_bytes
1,0.4896911951714535,0.13737794222059796,0.5019467963444207,0.5095567900300385,,"[1, 2, 3, 4, 5, 6, 7, 8, 9, 10]","[1, 2, 3, 4, 5, 6, 7, 8, 9, 10]",357.20698458499965,5680800,5.417633056640625,5680800,5.417633056640625,345.83541096878054,345.8965316352844,340.66393163700013,333.045178629,7.6187530080001125,3303682560,3627763712,5727322112,4861198336
2,0.4586347512781349,0.07744884872345485,0.46680823985978825,0.4704663805368994,,"[1, 2, 3, 4, 5, 6, 7, 8, 9, 10]","[1, 2, 3, 4, 5, 6, 7, 8, 9, 10]",368.314032324,5680800,5.417633056640625,11361600,10.83526611328125,345.83541096878054,345.8965316352844,351.9703150569999,344.0002532550002,7.970061801999691,3440155648,3691885056,8229224448,6507462656
3,0.4149740074988595,0.03811711661613804,0.38834496555575804,0.40547119823808275,,"[1, 2, 3, 4, 5, 6, 7, 8, 9, 10]","[1, 2, 3, 4, 5, 6, 7, 8, 9, 10]",364.01873914800035,5680800,5.417633056640625,17042400,16.252899169921875,345.83541096878054,345.8965316352844,347.674062132,338.70274564500005,8.971316486999967,3566771200,3746148864,10294919168,7719616512
4,0.34922362369849114,0.02109870158020875,0.24610350273383805,0.2997734333372655,,"[1, 2, 3, 4, 5, 6, 7, 8, 9, 10]","[1, 2, 3, 4, 5, 6, 7, 8, 9, 10]",367.23096374600027,5680800,5.417633056640625,22723200,21.6705322265625,345.83541096878054,345.8965316352844,350.9337484110001,342.13507902799984,8.798669383000288,3693386752,3800412672,12360613888,8931770368
5,0.31957078005692313,0.017092666183968167,0.2004458564884394,0.2617175848503337,,"[1, 2, 3, 4, 5, 6, 7, 8, 9, 10]","[1, 2, 3, 4, 5, 6, 7, 8, 9, 10]",369.708416599,5680800,5.417633056640625,28404000,27.088165283203125,345.83541096878054,345.8965316352844,353.42895860900035,344.4071566020002,9.021802007000133,3725046272,3854676480,13111394304,10143924224
6,0.3016257908949261,0.013565668605381663,0.17561151285535423,0.23997521865759824,,"[1, 2, 3, 4, 5, 6, 7, 8, 9, 10]","[1, 2, 3, 4, 5, 6, 7, 8, 9, 10]",370.79106570600015,5680800,5.417633056640625,34084800,32.50579833984375,345.83541096878054,345.8965316352844,354.49523037700055,345.63658490499984,8.858645472000717,3725046272,3908940288,13390315520,11356078080
7,0.28987037647005814,0.011843448790041337,0.16157269744578567,0.22690588183573035,,"[1, 2, 3, 4, 5, 6, 7, 8, 9, 10]","[1, 2, 3, 4, 5, 6, 7, 8, 9, 10]",373.04867657999966,5680800,5.417633056640625,39765600,37.923431396484375,345.83541096878054,345.8965316352844,356.7194787469998,348.02521480699943,8.694263940000383,3725046272,3963204096,13669236736,12568231936
8,0.2822377345613324,0.010684630757210621,0.1527767459674724,0.21857570332735868,,"[1, 2, 3, 4, 5, 6, 7, 8, 9, 10]","[1, 2, 3, 4, 5, 6, 7, 8, 9, 10]",367.91793128800055,5680800,5.417633056640625,45446400,43.341064453125,345.83541096878054,345.8965316352844,351.63995776199954,342.2102154939994,9.429742268000155,3725046272,4017467904,13948157952,13780385792
9,0.27724671690364344,0.009824228247667006,0.14744612823335565,0.21332884543201944,,"[1, 2, 3, 4, 5, 6, 7, 8, 9, 10]","[1, 2, 3, 4, 5, 6, 7, 8, 9, 10]",371.6698172100005,5680800,5.417633056640625,51127200,48.758697509765625,345.83541096878054,345.8965316352844,355.3088887980002,346.6849913770002,8.623897421000038,3725863936,4071731712,14229176320,14992539648
10,0.2741128035268225,0.009119471387266062,0.1440968575919659,0.21001677770888938,,"[1, 2, 3, 4, 5, 6, 7, 8, 9, 10]","[1, 2, 3, 4, 5, 6, 7, 8, 9, 10]",377.5529845359997,5680800,5.417633056640625,56808000,54.17633056640625,345.83541096878054,345.8965316352844,361.20267176699963,353.7074168680001,7.495254898999519,3725863936,4125995520,14420017152,15462301696
