method,scenario,run_name,round,model_scope,client_id,checkpoint_relative_path,test_examples,accuracy,macro_precision,micro_precision,weighted_precision,macro_recall,micro_recall,weighted_recall,macro_f1,micro_f1,weighted_f1,confusion_matrix_relative_path
fedcaps,10_clients_gru,task10_fedcaps_10c_gru,10,client,1,checkpoints/round_010/client_01.pt,9003649,0.0020872648411771715,6.139014238756386e-05,0.0020872648411771715,4.356674517214363e-06,0.029411764705882353,0.0020872648411771715,0.0020872648411771715,0.00012252454360308374,0.0020872648411771715,8.695199849495863e-06,metrics/confusion_matrices/round_010/client_01.npy
fedcaps,10_clients_gru,task10_fedcaps_10c_gru,10,client,2,checkpoints/round_010/client_02.pt,9003649,0.4526515860402821,0.12296928436436225,0.4526515860402821,0.3327493536493462,0.20260588901636886,0.4526515860402821,0.4526515860402821,0.1423191493336505,0.4526515860402821,0.36548800724304453,metrics/confusion_matrices/round_010/client_02.npy
fedcaps,10_clients_gru,task10_fedcaps_10c_gru,10,client,3,checkpoints/round_010/client_03.pt,9003649,0.20696197730497934,0.07610699542120804,0.20696197730497934,0.08737624328291402,0.17403162013259663,0.20696197730497934,0.20696197730497937,0.09115765762329137,0.20696197730497934,0.11052453605799678,metrics/confusion_matrices/round_010/client_03.npy
fedcaps,10_clients_gru,task10_fedcaps_10c_gru,10,client,4,checkpoints/round_010/client_04.pt,9003649,0.10697240640989003,0.008157426045412834,0.10697240640989003,0.014875261497040554,0.0801545240087867,0.10697240640989003,0.10697240640989003,0.013592288601367127,0.10697240640989003,0.025611437715120717,metrics/confusion_matrices/round_010/client_04.npy
fedcaps,10_clients_gru,task10_fedcaps_10c_gru,10,client,5,checkpoints/round_010/client_05.pt,9003649,0.2008036963679948,0.022025207206688813,0.2008036963679948,0.07094071054118535,0.06311230581873836,0.2008036963679948,0.20080369636799483,0.031121831088719434,0.2008036963679948,0.10156970252706257,metrics/confusion_matrices/round_010/client_05.npy
fedcaps,10_clients_gru,task10_fedcaps_10c_gru,10,client,6,checkpoints/round_010/client_06.pt,9003649,0.23769174031550985,0.01441819429126416,0.23769174031550985,0.06443382727935183,0.05853752346439003,0.23769174031550985,0.23769174031550988,0.022664943629682775,0.23769174031550985,0.09964676902906283,metrics/confusion_matrices/round_010/client_06.npy
fedcaps,10_clients_gru,task10_fedcaps_10c_gru,10,client,7,checkpoints/round_010/client_07.pt,9003649,0.07818818792247455,0.016345486742489722,0.07818818792247455,0.0122578038546652,0.046178974006596624,0.07818818792247455,0.07818818792247455,0.011970410546709415,0.07818818792247455,0.017242533762831788,metrics/confusion_matrices/round_010/client_07.npy
fedcaps,10_clients_gru,task10_fedcaps_10c_gru,10,client,8,checkpoints/round_010/client_08.pt,9003649,0.40862965670918533,0.15329645446908233,0.40862965670918533,0.30405820738298933,0.1904754302993452,0.40862965670918533,0.4086296567091854,0.15254041577272565,0.40862965670918533,0.3230898530857428,metrics/confusion_matrices/round_010/client_08.npy
fedcaps,10_clients_gru,task10_fedcaps_10c_gru,10,client,9,checkpoints/round_010/client_09.pt,9003649,0.2709491451743621,0.04067930162499916,0.2709491451743621,0.16216089363374828,0.12864304270279764,0.2709491451743621,0.27094914517436214,0.0511961440314426,0.2709491451743621,0.17981983045077604,metrics/confusion_matrices/round_010/client_09.npy
fedcaps,10_clients_gru,task10_fedcaps_10c_gru,10,client,10,checkpoints/round_010/client_10.pt,9003649,0.3377605013256292,0.08508645654713178,0.3377605013256292,0.207373918987715,0.15083257643514708,0.3377605013256292,0.3377605013256292,0.09966251893793443,0.3377605013256292,0.23161073801140725,metrics/confusion_matrices/round_010/client_10.npy
