round,client_id,model_family,local_epoch,train_examples,validation_examples,optimizer_steps,sampler_padding_rows,bn_singleton_fallback_batches,hard_loss,soft_loss,proximal_loss,total_loss,epoch_seconds,gpu_id,stream_count,cache_mode,test_accuracy,test_macro_precision,test_micro_precision,test_weighted_precision,test_macro_recall,test_micro_recall,test_weighted_recall,test_macro_f1,test_micro_f1,test_weighted_f1
1,1,gru,1,31520,0,31,0,0,3.157904581612137,0.0,0.0,3.157904581612137,0.13470454100024654,0,1,gpu_full,0.0020872648411771715,6.139014238756386e-05,0.0020872648411771715,4.356674517214363e-06,0.029411764705882353,0.0020872648411771715,0.0020872648411771715,0.00012252454360308374,0.0020872648411771715,8.695199849495863e-06
1,2,gru,1,2211589,0,2160,0,0,1.8316528062894186,0.0,0.0,1.8316528062894186,7.951117843999782,0,1,gpu_full,0.1881267250644711,0.02368530198608597,0.1881267250644711,0.07593382510670592,0.05487221318945532,0.1881267250644711,0.1881267250644711,0.022630580603495053,0.1881267250644711,0.0769157857312109
1,3,gru,1,3728450,0,3642,0,0,0.873716607183431,0.0,0.0,0.873716607183431,13.252959072000522,1,1,gpu_full,0.14312996874933706,0.01782191266992371,0.14312996874933706,0.03345336295005366,0.05402924156262516,0.14312996874933706,0.14312996874933706,0.015155790918198339,0.14312996874933706,0.049747392272077945
1,4,gru,1,1920254,0,1876,0,0,0.6879897177461689,0.0,0.0,0.6879897177461689,7.1022049309995055,0,1,gpu_full,0.08788148005325397,0.003536878417109357,0.08788148005325397,0.010221369604062166,0.03300351825343058,0.08788148005325397,0.08788148005325397,0.0063466640530000324,0.08788148005325397,0.0183024051177485
1,5,gru,1,2531881,0,2473,0,0,0.4064194902900012,0.0,0.0,0.4064194902900012,9.178489965000153,0,1,gpu_full,0.19246385548792494,0.0172372498014651,0.19246385548792494,0.05439371001243672,0.0560927033405393,0.19246385548792494,0.19246385548792494,0.024878270810704095,0.19246385548792494,0.07974252891875815
1,6,gru,1,2686617,0,2624,0,0,0.17648430604814255,0.0,0.0,0.17648430604814255,9.60633930199947,0,1,gpu_full,0.23747194054321755,0.014355601305221413,0.23747194054321755,0.06403072127845252,0.058496285322069436,0.23747194054321755,0.23747194054321755,0.022601513279842337,0.23747194054321755,0.09920136075429174
1,7,gru,1,1824975,0,1783,0,0,0.6591710174138743,0.0,0.0,0.6591710174138743,6.707338301999698,1,1,gpu_full,0.07653885663468223,0.025780549541106323,0.07653885663468223,0.07467966830842765,0.029411916595556982,0.07653885663468223,0.07653885663468223,0.004182480988530637,0.07653885663468223,0.01088419345864393
1,8,gru,1,12759509,0,12461,0,0,1.1768504203725982,0.0,0.0,1.1768504203725982,46.40802000500025,1,1,gpu_full,0.33000620081924564,0.06492930200196724,0.33000620081924564,0.20122182737221336,0.12276856489882011,0.33000620081924564,0.3300062008192456,0.07571112173691064,0.33000620081924564,0.2246070291977832
1,9,gru,1,4354192,0,4253,0,0,0.6465902558067118,0.0,0.0,0.6465902558067118,16.246030160999908,0,1,gpu_full,0.24874803537987764,0.02728818537198887,0.24874803537987764,0.12450067446488544,0.07693377106497365,0.24874803537987764,0.24874803537987766,0.034912419764766826,0.24874803537987764,0.15044510313657852
1,10,gru,1,3965607,0,3873,0,0,0.9441799248733215,0.0,0.0,0.9441799248733215,14.096422157000234,0,1,gpu_full,0.29652644166826136,0.048090646024003605,0.29652644166826136,0.1836100041687067,0.11180201647966725,0.29652644166826136,0.2965264416682614,0.05938672230557566,0.29652644166826136,0.20618845897787164
2,1,gru,1,31520,0,31,0,0,2.1986593344489935,0.0,0.0,2.1986593344489935,0.1302112989997113,0,1,gpu_full,0.0020872648411771715,6.139014238756386e-05,0.0020872648411771715,4.356674517214363e-06,0.029411764705882353,0.0020872648411771715,0.0020872648411771715,0.00012252454360308374,0.0020872648411771715,8.695199849495863e-06
2,2,gru,1,2211589,0,2160,0,0,1.4275250280053566,0.0,0.0,1.4275250280053566,7.944848115000241,0,1,gpu_full,0.25003540231299554,0.03344926488437445,0.25003540231299554,0.1043360507282726,0.07627940570724516,0.25003540231299554,0.25003540231299554,0.04224932452652895,0.25003540231299554,0.13426268308223943
2,3,gru,1,3728450,0,3642,0,0,0.5590634735700174,0.0,0.0,0.5590634735700174,13.071029744000043,1,1,gpu_full,0.15883093621264,0.016902744376166436,0.15883093621264,0.03699495888138607,0.06320894052328403,0.15883093621264,0.15883093621264,0.02234154204970629,0.15883093621264,0.05753713579427541
2,4,gru,1,1920254,0,1876,0,0,0.4524487617318349,0.0,0.0,0.4524487617318349,6.948483360999489,0,1,gpu_full,0.09904650880992806,0.005990865404661213,0.09904650880992806,0.012871513712571924,0.054130665778872114,0.09904650880992806,0.09904650880992807,0.010563541732312491,0.09904650880992806,0.022648075351510456
2,5,gru,1,2531881,0,2473,0,0,0.24161022394282022,0.0,0.0,0.24161022394282022,9.124851854000553,0,1,gpu_full,0.1932927416428606,0.018101843800387735,0.1932927416428606,0.05688757822216539,0.05633804631851096,0.1932927416428606,0.1932927416428606,0.02565828785106645,0.1932927416428606,0.08197339451738393
2,6,gru,1,2686617,0,2624,0,0,0.026594192172257284,0.0,0.0,0.026594192172257284,10.006741793000401,0,1,gpu_full,0.23757312174208478,0.014316561794463974,0.23757312174208478,0.06375232099673483,0.058515038338233405,0.23757312174208478,0.2375731217420848,0.022571613642416628,0.23757312174208478,0.09893416584127909
2,7,gru,1,1824975,0,1783,0,0,0.5480957409160709,0.0,0.0,0.5480957409160709,6.547107019000578,1,1,gpu_full,0.07654085582412197,0.026410984659752387,0.07654085582412197,0.07652357811925783,0.02941259539164251,0.07654085582412197,0.07654085582412197,0.00418423928365842,0.07654085582412197,0.01088923456950281
2,8,gru,1,12759509,0,12461,0,0,0.769908781586574,0.0,0.0,0.769908781586574,46.692727173000094,1,1,gpu_full,0.33564769128605526,0.09119382291386043,0.33564769128605526,0.2497894173777169,0.12860591067735327,0.33564769128605526,0.33564769128605526,0.08011862215256733,0.33564769128605526,0.22724647269402223
2,9,gru,1,4354192,0,4253,0,0,0.43228305797477434,0.0,0.0,0.43228305797477434,15.933605064000403,0,1,gpu_full,0.2493782243177183,0.032426557428601746,0.2493782243177183,0.15300028696991086,0.07724903171830609,0.2493782243177183,0.24937822431771828,0.03751645891297642,0.2493782243177183,0.16698627879489905
2,10,gru,1,3965607,0,3873,0,0,0.4070904780157969,0.0,0.0,0.4070904780157969,14.421155687999999,0,1,gpu_full,0.32125597077362744,0.05512710449657821,0.32125597077362744,0.18616963544603243,0.1308273123476482,0.32125597077362744,0.3212559707736275,0.07078050517098619,0.32125597077362744,0.2136674067754895
3,1,gru,1,31520,0,31,0,0,1.285612486582722,0.0,0.0,1.285612486582722,0.13368691599953308,0,1,gpu_full,0.0020872648411771715,6.139014238756386e-05,0.0020872648411771715,4.356674517214363e-06,0.029411764705882353,0.0020872648411771715,0.0020872648411771715,0.00012252454360308374,0.0020872648411771715,8.695199849495863e-06
3,2,gru,1,2211589,0,2160,0,0,1.3164973580766082,0.0,0.0,1.3164973580766082,7.8758359510002265,0,1,gpu_full,0.25565701195148766,0.03954303696754258,0.25565701195148766,0.12072687476005539,0.09312697379648832,0.25565701195148766,0.2556570119514877,0.0512369762967804,0.25565701195148766,0.15463614812750295
3,3,gru,1,3728450,0,3642,0,0,0.4631453543390117,0.0,0.0,0.4631453543390117,13.153433735999897,1,1,gpu_full,0.16448419968392816,0.02136455453178414,0.16448419968392816,0.03815431451921689,0.09036280733672539,0.16448419968392816,0.16448419968392813,0.03230365740495783,0.16448419968392816,0.060079761392718034
3,4,gru,1,1920254,0,1876,0,0,0.41838367700498313,0.0,0.0,0.41838367700498313,7.118172501000117,0,1,gpu_full,0.09921399645854698,0.006254485327911963,0.09921399645854698,0.012999279394313288,0.05497619351868127,0.09921399645854698,0.09921399645854698,0.010969353598616489,0.09921399645854698,0.022842383349653557
3,5,gru,1,2531881,0,2473,0,0,0.2261904902682832,0.0,0.0,0.2261904902682832,9.45457992699994,0,1,gpu_full,0.1953826720699574,0.01866279778601187,0.1953826720699574,0.058530842253872686,0.05700881369015248,0.1953826720699574,0.1953826720699574,0.02627657115040519,0.1953826720699574,0.08378947807446757
3,6,gru,1,2686617,0,2624,0,0,0.025172121883306853,0.0,0.0,0.025172121883306853,9.918156509000255,0,1,gpu_full,0.23761399405951963,0.014308275591162283,0.23761399405951963,0.0636906908272469,0.05852263964069406,0.23761399405951963,0.23761399405951966,0.02256606258858369,0.23761399405951963,0.09887787477207832
3,7,gru,1,1824975,0,1783,0,0,0.535586468898936,0.0,0.0,0.535586468898936,7.006078024999624,1,1,gpu_full,0.07677609378153236,0.034244001364922234,0.07677609378153236,0.0826435432962508,0.0341259797894336,0.07677609378153236,0.07677609378153236,0.009395317594904572,0.07677609378153236,0.011175137597405137
3,8,gru,1,12759509,0,12461,0,0,0.7287029350347214,0.0,0.0,0.7287029350347214,46.96811537099984,1,1,gpu_full,0.33623378699014145,0.0770818031687552,0.33623378699014145,0.211613808902141,0.13011418899394525,0.33623378699014145,0.3362337869901415,0.08143468199096994,0.33623378699014145,0.22795118306301965
3,9,gru,1,4354192,0,4253,0,0,0.3221215793838319,0.0,0.0,0.3221215793838319,16.328383754000242,0,1,gpu_full,0.25374500938452843,0.03386072002478235,0.25374500938452843,0.15831270392529273,0.08538300702107307,0.25374500938452843,0.2537450093845285,0.038941394042573484,0.25374500938452843,0.17037296016206624
3,10,gru,1,3965607,0,3873,0,0,0.23875269472083172,0.0,0.0,0.23875269472083172,14.379451693000192,0,1,gpu_full,0.3324505431075778,0.06335709944054409,0.3324505431075778,0.19637700060384958,0.13882321874569142,0.3324505431075778,0.3324505431075778,0.08039434675215618,0.3324505431075778,0.22326101287885622
4,1,gru,1,31520,0,31,0,0,0.9802717087837646,0.0,0.0,0.9802717087837646,0.14170066699989547,0,1,gpu_full,0.0020872648411771715,6.139014238756386e-05,0.0020872648411771715,4.356674517214363e-06,0.029411764705882353,0.0020872648411771715,0.0020872648411771715,0.00012252454360308374,0.0020872648411771715,8.695199849495863e-06
4,2,gru,1,2211589,0,2160,0,0,1.1641472822608459,0.0,0.0,1.1641472822608459,8.229465060999246,0,1,gpu_full,0.3370823318412346,0.07858981955879173,0.3370823318412346,0.2994014480234828,0.11572669521770308,0.3370823318412346,0.3370823318412346,0.0749836673759132,0.3370823318412346,0.2635767548759413
4,3,gru,1,3728450,0,3642,0,0,0.41448644404015234,0.0,0.0,0.41448644404015234,13.452518667000732,1,1,gpu_full,0.16531819487854313,0.021578513299985228,0.16531819487854313,0.03825112883648041,0.09380786721378064,0.16531819487854313,0.16531819487854316,0.03318827788325948,0.16531819487854313,0.060358220812360204
4,4,gru,1,1920254,0,1876,0,0,0.3370820430423616,0.0,0.0,0.3370820430423616,7.033432159000768,0,1,gpu_full,0.10146108538882402,0.006818742748917059,0.10146108538882402,0.013905271858142049,0.06557740837516313,0.10146108538882402,0.10146108538882403,0.01215131126054932,0.10146108538882402,0.02429154815923691
4,5,gru,1,2531881,0,2473,0,0,0.209865297401677,0.0,0.0,0.209865297401677,9.249972771999637,0,1,gpu_full,0.1992969739269045,0.018941025145362327,0.1992969739269045,0.05938095180441455,0.05830550207457858,0.1992969739269045,0.1992969739269045,0.0268194557987855,0.1992969739269045,0.08543703069039033
4,6,gru,1,2686617,0,2624,0,0,0.024291325723410362,0.0,0.0,0.024291325723410362,9.776785887999722,0,1,gpu_full,0.23762676665871804,0.014325559558172336,0.23762676665871804,0.06380889262527073,0.05852507640220203,0.23762676665871804,0.237626766658718,0.022581572676729417,0.23762676665871804,0.09900050907189165
4,7,gru,1,1824975,0,1783,0,0,0.5207412448035725,0.0,0.0,0.5207412448035725,6.683926374999828,1,1,gpu_full,0.07679830699752956,0.030969460718591107,0.07679830699752956,0.07311616664429745,0.03490745490571936,0.07679830699752956,0.07679830699752956,0.009866966357155954,0.07679830699752956,0.011251160398607914
4,8,gru,1,12759509,0,12461,0,0,0.7129053900085386,0.0,0.0,0.7129053900085386,46.71688113299933,1,1,gpu_full,0.33417428866896076,0.08416602041113119,0.33417428866896076,0.2338326648039309,0.13207007277459315,0.33417428866896076,0.3341742886689608,0.08547200311355149,0.33417428866896076,0.23556237070951053
4,9,gru,1,4354192,0,4253,0,0,0.2726526989594191,0.0,0.0,0.2726526989594191,15.925195712000459,0,1,gpu_full,0.2600244634147777,0.033642929312381845,0.2600244634147777,0.15672085485344706,0.08692272677111429,0.2600244634147777,0.26002446341477775,0.03951719220180173,0.2600244634147777,0.17255242005316299
4,10,gru,1,3965607,0,3873,0,0,0.1836087477012677,0.0,0.0,0.1836087477012677,14.449415735000002,0,1,gpu_full,0.3349076579951084,0.07008738595731942,0.3349076579951084,0.20230963910749994,0.14110235053470574,0.3349076579951084,0.33490765799510847,0.08595048437205177,0.3349076579951084,0.22719393753655884
5,1,gru,1,31520,0,31,0,0,0.8872871231911751,0.0,0.0,0.8872871231911751,0.1291584270002204,0,1,gpu_full,0.0020872648411771715,6.139014238756386e-05,0.0020872648411771715,4.356674517214363e-06,0.029411764705882353,0.0020872648411771715,0.0020872648411771715,0.00012252454360308374,0.0020872648411771715,8.695199849495863e-06
5,2,gru,1,2211589,0,2160,0,0,1.0307990789910646,0.0,0.0,1.0307990789910646,7.91085629600002,0,1,gpu_full,0.4148911180344769,0.0832340141487047,0.4148911180344769,0.3026681255307018,0.13304659967891524,0.4148911180344769,0.414891118034477,0.094112259085015,0.4148911180344769,0.32698617628488386
5,3,gru,1,3728450,0,3642,0,0,0.3743502345784263,0.0,0.0,0.3743502345784263,13.27894961399943,1,1,gpu_full,0.16974440029814578,0.059860439636299716,0.16974440029814578,0.061456565586780226,0.10367431108080567,0.16974440029814578,0.1697444002981458,0.047117854916669234,0.16974440029814578,0.06736396334211166
5,4,gru,1,1920254,0,1876,0,0,0.22910591324344545,0.0,0.0,0.22910591324344545,7.2097630550006215,0,1,gpu_full,0.10313229669437358,0.007134549314405869,0.10313229669437358,0.0143366880580422,0.07189308670215094,0.10313229669437358,0.10313229669437357,0.01273372218516255,0.10313229669437358,0.024965083057445044
5,5,gru,1,2531881,0,2473,0,0,0.19595930166922654,0.0,0.0,0.19595930166922654,9.140565683000204,0,1,gpu_full,0.1998990631465087,0.01886868039439336,0.1998990631465087,0.05918086478427048,0.05850726606828644,0.1998990631465087,0.19989906314650874,0.026806894899168994,0.1998990631465087,0.08541841076944826
5,6,gru,1,2686617,0,2624,0,0,0.02348925338230781,0.0,0.0,0.02348925338230781,9.759792757000469,0,1,gpu_full,0.2376467585531155,0.014329004222089606,0.2376467585531155,0.0638305378541896,0.058528883229559965,0.2376467585531155,0.23764675855311554,0.022585367683995026,0.2376467585531155,0.09902578446997935
5,7,gru,1,1824975,0,1783,0,0,0.5022096095098829,0.0,0.0,0.5022096095098829,6.548669940999389,1,1,gpu_full,0.07689260209943768,0.03340759738047938,0.07689260209943768,0.08012522764414108,0.03567453459086603,0.07689260209943768,0.07689260209943768,0.010028624960930972,0.07689260209943768,0.011480636723058803
5,8,gru,1,12759509,0,12461,0,0,0.7035320253676124,0.0,0.0,0.7035320253676124,46.77236517599977,1,1,gpu_full,0.3393813996969451,0.12904791136092114,0.3393813996969451,0.28346318551588273,0.1347899590270322,0.3393813996969451,0.33938139969694514,0.08877437289320181,0.3393813996969451,0.24394872562793662
5,9,gru,1,4354192,0,4253,0,0,0.2508605684019409,0.0,0.0,0.2508605684019409,16.432198129000426,0,1,gpu_full,0.26221435331386195,0.03559571871857308,0.26221435331386195,0.15451350008423773,0.08834954654229338,0.26221435331386195,0.26221435331386195,0.04094191668247447,0.26221435331386195,0.17234784944863635
5,10,gru,1,3965607,0,3873,0,0,0.15730747214125526,0.0,0.0,0.15730747214125526,14.242014800000106,0,1,gpu_full,0.33594712543769756,0.07467590876682118,0.33594712543769756,0.20475385278278221,0.14339921479049017,0.33594712543769756,0.33594712543769756,0.09135229299827126,0.33594712543769756,0.2292364275391631
6,1,gru,1,31520,0,31,0,0,0.8350245466692193,0.0,0.0,0.8350245466692193,0.14619026600030338,0,1,gpu_full,0.0020872648411771715,6.139014238756386e-05,0.0020872648411771715,4.356674517214363e-06,0.029411764705882353,0.0020872648411771715,0.0020872648411771715,0.00012252454360308374,0.0020872648411771715,8.695199849495863e-06
6,2,gru,1,2211589,0,2160,0,0,0.9124723062058205,0.0,0.0,0.9124723062058205,8.0842580919998,0,1,gpu_full,0.42960493017886414,0.08907868226906444,0.42960493017886414,0.30877255546662435,0.14108515136169042,0.42960493017886414,0.4296049301788642,0.10288066800099216,0.42960493017886414,0.3433802058336659
6,3,gru,1,3728450,0,3642,0,0,0.3398839177181006,0.0,0.0,0.3398839177181006,13.316585128000042,1,1,gpu_full,0.17779824602225164,0.05201706820621874,0.17779824602225164,0.06043169501334878,0.12478380657281128,0.17779824602225164,0.17779824602225164,0.05541555725288462,0.17779824602225164,0.0743983665701992
6,4,gru,1,1920254,0,1876,0,0,0.20069748636949225,0.0,0.0,0.20069748636949225,6.979327035000097,0,1,gpu_full,0.10534173422353536,0.00739631960597259,0.10534173422353536,0.014564247143484315,0.07659950433260544,0.10534173422353536,0.10534173422353538,0.013213444646181365,0.10534173422353536,0.025342865498214674
6,5,gru,1,2531881,0,2473,0,0,0.18672805818551988,0.0,0.0,0.18672805818551988,9.258684194000125,0,1,gpu_full,0.19980510124284054,0.018824933183698187,0.19980510124284054,0.05905451278311971,0.058475189342100053,0.19980510124284054,0.19980510124284054,0.026762110485257312,0.19980510124284054,0.08528989113091047
6,6,gru,1,2686617,0,2624,0,0,0.0228024069269912,0.0,0.0,0.0228024069269912,9.739846689999467,0,1,gpu_full,0.23765464424479452,0.014354302355110718,0.23765464424479452,0.06400353396669714,0.058530431214405355,0.23765464424479452,0.23765464424479454,0.02260768675262271,0.23765464424479452,0.09920331885146888
6,7,gru,1,1824975,0,1783,0,0,0.48818716530881584,0.0,0.0,0.48818716530881584,6.682230089000768,1,1,gpu_full,0.07749313639392207,0.00868852058899869,0.07749313639392207,0.009062989776162714,0.040339294606928304,0.07749313639392207,0.07749313639392207,0.011431651712273888,0.07749313639392207,0.015976228731183408
6,8,gru,1,12759509,0,12461,0,0,0.6961903344742684,0.0,0.0,0.6961903344742684,46.539079315999516,1,1,gpu_full,0.3856681885311167,0.15123281213256518,0.3856681885311167,0.3011268109199947,0.16225157269790305,0.3856681885311167,0.38566818853111673,0.12633003607739404,0.3856681885311167,0.3038250690907668
6,9,gru,1,4354192,0,4253,0,0,0.2357002264365129,0.0,0.0,0.2357002264365129,15.906703333000223,0,1,gpu_full,0.2638430263107769,0.034728037446180436,0.2638430263107769,0.15214886271802378,0.09196711563960194,0.2638430263107769,0.2638430263107769,0.04213474039389152,0.2638430263107769,0.17191992335276363
6,10,gru,1,3965607,0,3873,0,0,0.14187229985377944,0.0,0.0,0.14187229985377944,14.618398800999785,0,1,gpu_full,0.33624222801222037,0.0758472099046,0.33624222801222037,0.20522995556860682,0.14349574452434566,0.33624222801222037,0.33624222801222037,0.09230546668045131,0.33624222801222037,0.2296776415738761
7,1,gru,1,31520,0,31,0,0,0.7927587592662289,0.0,0.0,0.7927587592662289,0.14228596399971138,0,1,gpu_full,0.0020872648411771715,6.139014238756386e-05,0.0020872648411771715,4.356674517214363e-06,0.029411764705882353,0.0020872648411771715,0.0020872648411771715,0.00012252454360308374,0.0020872648411771715,8.695199849495863e-06
7,2,gru,1,2211589,0,2160,0,0,0.8439188739948631,0.0,0.0,0.8439188739948631,8.236809403000734,0,1,gpu_full,0.43946570995826245,0.10652391887119297,0.43946570995826245,0.3190813076521716,0.16866934584288168,0.43946570995826245,0.4394657099582625,0.11889796615269796,0.43946570995826245,0.3523849625868271
7,3,gru,1,3728450,0,3642,0,0,0.3125017120183872,0.0,0.0,0.3125017120183872,13.217325573999915,1,1,gpu_full,0.18126839462533467,0.05127090408391938,0.18126839462533467,0.06353973036546381,0.13375435117503698,0.18126839462533467,0.1812683946253347,0.056659406791449075,0.18126839462533467,0.07993962563770357
7,4,gru,1,1920254,0,1876,0,0,0.1860977780928982,0.0,0.0,0.1860977780928982,6.919535482000356,0,1,gpu_full,0.10621060416726597,0.007514366809670346,0.10621060416726597,0.014633228769530686,0.07834668581934097,0.10621060416726597,0.10621060416726597,0.013428516355325782,0.10621060416726597,0.02546177071758103
7,5,gru,1,2531881,0,2473,0,0,0.17846064664604758,0.0,0.0,0.17846064664604758,9.017923297999914,0,1,gpu_full,0.19981543038827923,0.01879906335361995,0.19981543038827923,0.05898048611651646,0.05847870160103599,0.19981543038827923,0.19981543038827926,0.026741076030345708,0.19981543038827923,0.08523089846010823
7,6,gru,1,2686617,0,2624,0,0,0.02219173602618576,0.0,0.0,0.02219173602618576,9.671774227999776,0,1,gpu_full,0.23766475125807326,0.01437623486153858,0.23766475125807326,0.06415224894901465,0.05853238923900848,0.23766475125807326,0.2376647512580733,0.022627206438438855,0.23766475125807326,0.0993562905827402
7,7,gru,1,1824975,0,1783,0,0,0.47685235132953757,0.0,0.0,0.47685235132953757,6.6506327649995,1,1,gpu_full,0.07765695886190144,0.020840876815362973,0.07765695886190144,0.013469617281535652,0.041599913588975974,0.07765695886190144,0.07765695886190142,0.01173896864749685,0.07765695886190144,0.016756891632404545
7,8,gru,1,12759509,0,12461,0,0,0.6896583856930047,0.0,0.0,0.6896583856930047,46.45557830300004,1,1,gpu_full,0.3949683067387456,0.1505626831645804,0.3949683067387456,0.30193715215448524,0.170849490390295,0.3949683067387456,0.3949683067387456,0.13606682661839528,0.3949683067387456,0.31228458630886424
7,9,gru,1,4354192,0,4253,0,0,0.22480192524148526,0.0,0.0,0.22480192524148526,15.99542884999937,0,1,gpu_full,0.2653730726286642,0.03754051358082673,0.2653730726286642,0.15385958058839758,0.09819636495880057,0.2653730726286642,0.2653730726286642,0.04596494145123092,0.2653730726286642,0.17365322424026153
7,10,gru,1,3965607,0,3873,0,0,0.13122653572240076,0.0,0.0,0.13122653572240076,14.486235591999503,0,1,gpu_full,0.33651234071874636,0.0784154913881538,0.33651234071874636,0.20556783473199958,0.14366704299534702,0.33651234071874636,0.33651234071874636,0.09284060735047472,0.33651234071874636,0.22992101202452703
8,1,gru,1,31520,0,31,0,0,0.755647365695934,0.0,0.0,0.755647365695934,0.12797982399933971,0,1,gpu_full,0.0020872648411771715,6.139014238756386e-05,0.0020872648411771715,4.356674517214363e-06,0.029411764705882353,0.0020872648411771715,0.0020872648411771715,0.00012252454360308374,0.0020872648411771715,8.695199849495863e-06
8,2,gru,1,2211589,0,2160,0,0,0.8007327388605457,0.0,0.0,0.8007327388605457,8.10373166699992,0,1,gpu_full,0.4449164999657361,0.12045053881514522,0.4449164999657361,0.32665971743085187,0.18578556093672052,0.4449164999657361,0.4449164999657362,0.13446956806741017,0.4449164999657361,0.35876246373578125
8,3,gru,1,3728450,0,3642,0,0,0.2918428264531638,0.0,0.0,0.2918428264531638,13.309467473999575,1,1,gpu_full,0.18245857873846483,0.05439303610307646,0.18245857873846483,0.06605786975239003,0.13686527306628338,0.18245857873846483,0.1824585787384648,0.05770311078256306,0.18245857873846483,0.08315244865050123
8,4,gru,1,1920254,0,1876,0,0,0.17553926990491928,0.0,0.0,0.17553926990491928,6.987585979000869,0,1,gpu_full,0.10653547245122505,0.007556946608003216,0.10653547245122505,0.014718946109476362,0.07962193335819093,0.10653547245122505,0.10653547245122506,0.013505319588851776,0.10653547245122505,0.0255889047349244
8,5,gru,1,2531881,0,2473,0,0,0.1690623324988273,0.0,0.0,0.1690623324988273,9.210127170000305,0,1,gpu_full,0.19982864725179758,0.018798537041816166,0.19982864725179758,0.05897912448438376,0.05848318196685781,0.19982864725179758,0.19982864725179755,0.02674170820834113,0.19982864725179758,0.0852330250114097
8,6,gru,1,2686617,0,2624,0,0,0.021678654659708304,0.0,0.0,0.021678654659708304,9.791440662999776,0,1,gpu_full,0.2376699713638326,0.014399286349599446,0.2376699713638326,0.06430824153007413,0.05853337529442153,0.2376699713638326,0.2376699713638326,0.02264753951450423,0.2376699713638326,0.09951571142387414
8,7,gru,1,1824975,0,1783,0,0,0.46527972684897606,0.0,0.0,0.46527972684897606,6.4284972730001755,1,1,gpu_full,0.07769394386653677,0.01965124586008905,0.07769394386653677,0.01310169390162223,0.04192507628333446,0.07769394386653677,0.07769394386653679,0.011756051385602612,0.07769394386653677,0.016795222173208026
8,8,gru,1,12759509,0,12461,0,0,0.6841618357790433,0.0,0.0,0.6841618357790433,47.08319484900039,1,1,gpu_full,0.40171101738861653,0.15054487655938806,0.40171101738861653,0.302772744783333,0.17990728667252642,0.40171101738861653,0.40171101738861653,0.1443321260411383,0.40171101738861653,0.31772717458391597
8,9,gru,1,4354192,0,4253,0,0,0.2164924575760264,0.0,0.0,0.2164924575760264,15.835652450999987,0,1,gpu_full,0.2682323577918242,0.039618005303362624,0.2682323577918242,0.15890769186769016,0.1124047745941264,0.2682323577918242,0.2682323577918242,0.04939405658851545,0.2682323577918242,0.1771061952071508
8,10,gru,1,3965607,0,3873,0,0,0.12277519316659877,0.0,0.0,0.12277519316659877,14.761741321000045,0,1,gpu_full,0.3369220634878148,0.08155801090996238,0.3369220634878148,0.20625097808252393,0.14402629680008264,0.3369220634878148,0.33692206348781484,0.09386915214409591,0.3369220634878148,0.23026193909822767
9,1,gru,1,31520,0,31,0,0,0.7224350749538635,0.0,0.0,0.7224350749538635,0.1415666909997526,0,1,gpu_full,0.0020872648411771715,6.139014238756386e-05,0.0020872648411771715,4.356674517214363e-06,0.029411764705882353,0.0020872648411771715,0.0020872648411771715,0.00012252454360308374,0.0020872648411771715,8.695199849495863e-06
9,2,gru,1,2211589,0,2160,0,0,0.769193743894165,0.0,0.0,0.769193743894165,8.204960541999753,0,1,gpu_full,0.4465566127688896,0.12066590611920885,0.4465566127688896,0.32911505612815845,0.19392355993895774,0.4465566127688896,0.44655661276888964,0.1381811354078413,0.4465566127688896,0.3602507037875246
9,3,gru,1,3728450,0,3642,0,0,0.26507012367732924,0.0,0.0,0.26507012367732924,13.212807689000329,1,1,gpu_full,0.18307466228414723,0.050959065388330324,0.18307466228414723,0.06655082678696868,0.1385654232001041,0.18307466228414723,0.18307466228414723,0.05819569066639256,0.18307466228414723,0.08422705962116922
9,4,gru,1,1920254,0,1876,0,0,0.1673866250325095,0.0,0.0,0.1673866250325095,6.785255597000287,0,1,gpu_full,0.10684512468222607,0.007586697373627717,0.10684512468222607,0.014678619832127664,0.07937229836070198,0.10684512468222607,0.10684512468222605,0.013560113094531532,0.10684512468222607,0.02554281205716952
9,5,gru,1,2531881,0,2473,0,0,0.15816580177411252,0.0,0.0,0.15816580177411252,9.241098667000188,0,1,gpu_full,0.1999293841863449,0.019080190341122794,0.1999293841863449,0.059959226084005064,0.058851322448100235,0.1999293841863449,0.19992938418634487,0.027177511757294607,0.1999293841863449,0.08672155354314492
9,6,gru,1,2686617,0,2624,0,0,0.02124262931682185,0.0,0.0,0.02124262931682185,9.62299437099955,0,1,gpu_full,0.2376849652846307,0.0144022984229969,0.2376849652846307,0.06432714944058171,0.05853622209568723,0.2376849652846307,0.23768496528463073,0.022650771835619993,0.2376849652846307,0.09953735108121485
9,7,gru,1,1824975,0,1783,0,0,0.45119928798555803,0.0,0.0,0.45119928798555803,6.698621995000394,1,1,gpu_full,0.0778081197967624,0.019457873317206616,0.0778081197967624,0.013218502906700135,0.042864027119934534,0.0778081197967624,0.0778081197967624,0.011910299738594721,0.0778081197967624,0.017135895984321237
9,8,gru,1,12759509,0,12461,0,0,0.679811215890022,0.0,0.0,0.679811215890022,45.98466155400001,1,1,gpu_full,0.40630337766387825,0.15452356228277375,0.40630337766387825,0.30364306841286665,0.18764622728396105,0.40630337766387825,0.4063033776638783,0.15052638228812998,0.40630337766387825,0.3215663635429185
9,9,gru,1,4354192,0,4253,0,0,0.20979922246358834,0.0,0.0,0.20979922246358834,15.870200461000422,0,1,gpu_full,0.26948840409038605,0.039870242025758854,0.26948840409038605,0.161005103156913,0.11916832711731766,0.26948840409038605,0.269488404090386,0.049839090845692914,0.26948840409038605,0.17861845053105854
9,10,gru,1,3965607,0,3873,0,0,0.11538600676984856,0.0,0.0,0.11538600676984856,14.172857827999906,0,1,gpu_full,0.3371918429961008,0.09260616323917284,0.3371918429961008,0.20866383307920303,0.14745525812061924,0.3371918429961008,0.33719184299610083,0.09661931372263609,0.3371918429961008,0.23068254297784505
10,1,gru,1,31520,0,31,0,0,0.6935833011786949,0.0,0.0,0.6935833011786949,0.1385666490004951,0,1,gpu_full,0.0020872648411771715,6.139014238756386e-05,0.0020872648411771715,4.356674517214363e-06,0.029411764705882353,0.0020872648411771715,0.0020872648411771715,0.00012252454360308374,0.0020872648411771715,8.695199849495863e-06
10,2,gru,1,2211589,0,2160,0,0,0.7476200873026106,0.0,0.0,0.7476200873026106,7.944135134999669,0,1,gpu_full,0.4526515860402821,0.12296928436436225,0.4526515860402821,0.3327493536493462,0.20260588901636886,0.4526515860402821,0.4526515860402821,0.1423191493336505,0.4526515860402821,0.36548800724304453
10,3,gru,1,3728450,0,3642,0,0,0.22082421392966928,0.0,0.0,0.22082421392966928,12.978843317999235,1,1,gpu_full,0.20696197730497934,0.07610699542120804,0.20696197730497934,0.08737624328291402,0.17403162013259663,0.20696197730497934,0.20696197730497937,0.09115765762329137,0.20696197730497934,0.11052453605799678
10,4,gru,1,1920254,0,1876,0,0,0.16029743527343993,0.0,0.0,0.16029743527343993,6.725035986999501,0,1,gpu_full,0.10697240640989003,0.008157426045412834,0.10697240640989003,0.014875261497040554,0.0801545240087867,0.10697240640989003,0.10697240640989003,0.013592288601367127,0.10697240640989003,0.025611437715120717
10,5,gru,1,2531881,0,2473,0,0,0.146917230755641,0.0,0.0,0.146917230755641,9.009988556999815,0,1,gpu_full,0.2008036963679948,0.022025207206688813,0.2008036963679948,0.07094071054118535,0.06311230581873836,0.2008036963679948,0.20080369636799483,0.031121831088719434,0.2008036963679948,0.10156970252706257
10,6,gru,1,2686617,0,2624,0,0,0.020876822552324394,0.0,0.0,0.020876822552324394,9.684591472000648,0,1,gpu_full,0.23769174031550985,0.01441819429126416,0.23769174031550985,0.06443382727935183,0.05853752346439003,0.23769174031550985,0.23769174031550988,0.022664943629682775,0.23769174031550985,0.09964676902906283
10,7,gru,1,1824975,0,1783,0,0,0.43349617640860016,0.0,0.0,0.43349617640860016,6.612976838000577,1,1,gpu_full,0.07818818792247455,0.016345486742489722,0.07818818792247455,0.0122578038546652,0.046178974006596624,0.07818818792247455,0.07818818792247455,0.011970410546709415,0.07818818792247455,0.017242533762831788
10,8,gru,1,12759509,0,12461,0,0,0.6762953689117728,0.0,0.0,0.6762953689117728,45.98069556599967,1,1,gpu_full,0.40862965670918533,0.15329645446908233,0.40862965670918533,0.30405820738298933,0.1904754302993452,0.40862965670918533,0.4086296567091854,0.15254041577272565,0.40862965670918533,0.3230898530857428
10,9,gru,1,4354192,0,4253,0,0,0.20473187689009137,0.0,0.0,0.20473187689009137,15.822416536000674,0,1,gpu_full,0.2709491451743621,0.04067930162499916,0.2709491451743621,0.16216089363374828,0.12864304270279764,0.2709491451743621,0.27094914517436214,0.0511961440314426,0.2709491451743621,0.17981983045077604
10,10,gru,1,3965607,0,3873,0,0,0.10860719496783194,0.0,0.0,0.10860719496783194,14.246742867999274,0,1,gpu_full,0.3377605013256292,0.08508645654713178,0.3377605013256292,0.207373918987715,0.15083257643514708,0.3377605013256292,0.3377605013256292,0.09966251893793443,0.3377605013256292,0.23161073801140725
