round,client_id,train_examples,selected_for_global_update,train_seconds,enhanced_cross_entropy_loss,original_cross_entropy_loss,local_total_loss,proxy_cross_entropy_loss
1,1,31520,True,1.2783536289999802,1.151080147384992,1.092309028364075,1.098186104612302,0.6764631394807458
1,2,2211589,True,79.52723333199992,1.659567916066671,0.90838093451307,0.9834996148663671,1.2551196980720847
1,3,3728450,True,133.77233970500004,0.7848786380543283,0.4476298779126575,0.4813547451316373,0.4373949074331289
1,4,1920254,True,71.40386738899997,0.558622067584907,0.21206390706818176,0.24671971922789016,0.36261728119425507
1,5,2531881,True,93.82637730500005,0.30561785891322685,0.2084709474415977,0.218185634384851,0.195175445884637
1,6,2686617,True,99.36038142100006,0.10097076056849906,0.06386490100737487,0.06757548559577292,0.028311848241751276
1,7,1824975,True,66.198450117,0.5017756681025578,0.3169796733706926,0.33545926620702904,0.30863939059718193
1,8,12759509,True,463.78492915800007,0.8561863327843283,0.4830266358102566,0.5203425960423163,0.45518515975799456
1,9,4354192,True,161.33409649299995,0.5946588664857647,0.3371128072174971,0.36286740640225434,0.21775691733383262
1,10,3965607,True,146.22186185400005,0.8512144987626921,0.3296240736510223,0.38178311021964423,0.20543563350596444
2,1,31520,True,1.171628370999997,0.6158098041103576,0.5683349034507867,0.5730823767971871,0.5612556586410794
2,2,2211589,True,81.35109888300008,0.9308466812526845,0.35680075432450503,0.4142053407520981,0.5008642919555245
2,3,3728450,True,135.1436113919999,0.45631840156016357,0.21083618445293967,0.23538440210828293,0.27028961679941177
2,4,1920254,True,70.70467327100005,0.31459834841219964,0.10296121773052402,0.12412492907843496,0.17248151876371162
2,5,2531881,True,93.21946726700003,0.2257608813048252,0.09512971634426826,0.10819283126635897,0.10651464279101817
2,6,2686617,True,98.90278831799992,0.04933550881166747,0.02156658688896666,0.024343478670145392,0.02498255115033777
2,7,1824975,True,66.0980889299999,0.29695345273056944,0.1336602590456414,0.1499895759862368,0.0982087583632152
2,8,12759509,True,463.431249257,0.42878717606538425,0.28698767987732215,0.30116762280072784,0.3429479714912423
2,9,4354192,True,160.4826553590001,0.21907119120780924,0.08851926191259653,0.10157445333024845,0.13881421622630943
2,10,3965607,True,146.180923613,0.19780200963847536,0.044449582496211726,0.05978482459037647,0.06286772742143798
3,1,31520,True,1.1837096549998023,0.5322872931582069,0.5165208241056065,0.5180974557315032,0.5072480509728949
3,2,2211589,True,81.95831369500002,0.32185216366775016,0.19681484539239405,0.20931857304090798,0.20171078078844215
3,3,3728450,True,135.65710191800008,0.23988021812639723,0.1608692410515686,0.1687703352110336,0.17070811588469176
3,4,1920254,True,70.82354022799973,0.1607584532271891,0.07790805465439914,0.0861930930261373,0.10847310779588423
3,5,2531881,True,93.95984419199976,0.12634869974811147,0.08071168350693238,0.08527538333373719,0.07147027254279528
3,6,2686617,True,99.14048978799974,0.04500902706255653,0.01600026450179009,0.018901140498777835,0.021376133313365527
3,7,1824975,True,66.23352791399975,0.12374567800338866,0.06320844013232942,0.06926216268830639,0.062250460346722304
3,8,12759509,True,462.9317719800001,0.32058826455290873,0.2758928783373348,0.280362410660548,0.2991825328150581
3,9,4354192,True,160.49547256300002,0.12096207166811328,0.05710007939680779,0.0634862774592918,0.05604994356444803
3,10,3965607,True,145.72108336700012,0.06257192536986818,0.03196929373798027,0.03502955628861113,0.04035961366385091
4,1,31520,True,1.176197812999817,0.4961183147987133,0.4893618808482504,0.49003751529049755,0.48159139017163194
4,2,2211589,True,82.05724260699981,0.18826814169539702,0.15204051986912295,0.15566327873171928,0.14967662102604332
4,3,3728450,True,135.54319920399985,0.15240227932202627,0.12520379792339617,0.12792364325016717,0.12137315268153565
4,4,1920254,True,71.08216187400012,0.09592307733371608,0.06615628918133826,0.06913296660285496,0.06608702610052289
4,5,2531881,True,93.9423648359998,0.08137506946378084,0.0718824127262764,0.07283167679199608,0.06381547419577728
4,6,2686617,True,99.75697344499986,0.02688035926729464,0.012750601650395444,0.01416357717661023,0.011327433114151316
4,7,1824975,True,66.20228719499983,0.08266890474601266,0.05382031273845083,0.05670517083085714,0.050837057562707656
4,8,12759509,True,463.60066971100014,0.29418218991416484,0.269513236601838,0.2719801257062399,0.28428610440370256
4,9,4354192,True,160.9786362279997,0.07943258551216588,0.048248334036152425,0.05136675820749902,0.04876634691141114
4,10,3965607,True,145.93211934800001,0.04021990050211111,0.02633955653696633,0.027727590360643376,0.02772471199507195
5,1,31520,True,1.1808622300000025,0.472956327435934,0.4721060913528888,0.4721911057300374,0.46333210873724845
5,2,2211589,True,81.31235864099972,0.14957763337237684,0.13766901449571292,0.13885987338175873,0.13565361709293056
5,3,3728450,True,134.85245029199996,0.12310951500808931,0.11323668394259288,0.11422396444492136,0.11075654104112401
5,4,1920254,True,70.62605409700018,0.06713372247019883,0.05819360044611638,0.059087611317181495,0.05643194794656647
5,5,2531881,True,93.13579909599957,0.08918399533410225,0.08945505811261192,0.08942794985099801,0.054765182195147456
5,6,2686617,True,98.8252838620001,0.01157073308729876,0.01046682845577328,0.01057721866774664,0.00939384602113375
5,7,1824975,True,66.00282461900042,0.058384462923918294,0.046661098457591275,0.047833433758522705,0.041162460090258986
5,8,12759509,True,462.0200861489993,0.2867311107622492,0.2664917966056091,0.2685157218143286,0.2873527586110392
5,9,4354192,True,160.0498588419996,0.054857403144927076,0.04368281733733862,0.044800274932174165,0.04358328786523458
5,10,3965607,True,145.56287855000028,0.028767797294261068,0.023075190106302677,0.0236444502882687,0.02370025677500063
6,1,31520,True,1.161031962999914,0.46150875351755755,0.4598010775098946,0.4599718381608198,0.45288571089052304
6,2,2211589,True,81.44002740300039,0.13881058162279977,0.12916506001631065,0.130129609122017,0.1274975123935838
6,3,3728450,True,135.00179466899954,0.11426133074468557,0.10549221440406542,0.10636912341777716,0.12920908212842788
6,4,1920254,True,70.64761325699965,0.0849849561538423,0.07447803476550817,0.07552872510272997,0.0857104031806713
6,5,2531881,True,92.99916725499952,0.05915501119307366,0.05886862732863119,0.05889726431377724,0.04949252689983814
6,6,2686617,True,98.52088588100014,0.009451607962956379,0.00885085349761948,0.008910928735072817,0.007880588992492443
6,7,1824975,True,66.04720558000008,0.05008243524398105,0.04052796568674685,0.04148341170727125,0.036102855334171416
6,8,12759509,True,462.0321866059994,0.2760539149739579,0.26413716546936256,0.26532883436012,0.277197899333108
6,9,4354192,True,159.79310818700014,0.05323938068040915,0.04117286742319058,0.04237951780454217,0.04085317329085064
6,10,3965607,True,145.52893378699991,0.024673533955270978,0.020859227897873204,0.021240658024017086,0.021259638225493763
7,1,31520,True,1.1617917160001525,0.4508828923786957,0.4498279526148956,0.44993343419835047,0.4424832971568035
7,2,2211589,True,81.26444018599977,0.12998202435767586,0.12357713971988472,0.1242176253199548,0.12175133954988272
7,3,3728450,True,134.5609129910008,0.10750374514503215,0.10082074157803435,0.10148903951785826,0.09772287499888406
7,4,1920254,True,70.52493368400064,0.07201227240657902,0.0670789326143654,0.06757226504277972,0.05616937982978549
7,5,2531881,True,92.65942189799989,0.07930038942523372,0.07228320413762983,0.07298492105998661,0.05482490315045162
7,6,2686617,True,98.24231486700046,0.00796986219187722,0.007788073561965338,0.007806252241667504,0.007092719499424042
7,7,1824975,True,65.95267159200012,0.04098914807535885,0.035727395815511855,0.036253570222296035,0.03406918807859073
7,8,12759509,True,461.7694255920005,0.27200506179231515,0.2619479585528706,0.26295366287229766,0.2764297990400339
7,9,4354192,True,160.6654756429998,0.043422811222892634,0.03897946283551753,0.03942379674560114,0.03872556210453941
7,10,3965607,True,146.02754085099969,0.02195245721350609,0.019283744949518684,0.019550615731482982,0.019426171572954322
8,1,31520,True,1.4532524500000363,0.44257030523367946,0.44130189542843,0.44142872597360366,0.43425285096095906
8,2,2211589,True,81.63946119699995,0.12205659384831943,0.119365320592439,0.1196344451344364,0.11814695055574469
8,3,3728450,True,134.7949459299998,0.09987187573342209,0.09633972555924496,0.09669293833529653,0.17231103412950166
8,4,1920254,True,70.09300365699983,0.05780289549256586,0.05610520167041847,0.05627496977880328,0.05255071860717035
8,5,2531881,True,92.15489180399982,0.05532901041602793,0.051238760255663984,0.05164778402268087,0.045115728211428716
8,6,2686617,True,97.40048818600008,0.007481144800481487,0.007099989960514053,0.007138105276697139,0.006434655340521574
8,7,1824975,True,65.4109769380002,0.035785574724547124,0.03327883919119903,0.03352951196708879,0.03200312265265568
8,8,12759509,True,456.08114126500004,0.264214243511248,0.26015015595007923,0.2605565588543573,0.2842377207793608
8,9,4354192,True,157.6648103970001,0.03935145811999758,0.03727124676451352,0.037479267051972055,0.0373594774539859
8,10,3965607,True,143.81629255299958,0.019516392240348353,0.01814706820910285,0.01828400020899977,0.018248123743405887
9,1,31520,True,1.1488794980004968,0.43566386890290354,0.4330094866341141,0.4332749138628771,0.42777999161463703
9,2,2211589,True,80.36698390000038,0.11997918362121597,0.11598195066031745,0.11638167107181727,0.11488148861692984
9,3,3728450,True,132.9763362249996,0.10388490016983991,0.09952296627485623,0.09995915735615515,0.10234541769273117
9,4,1920254,True,69.43640397400031,0.05870081317803034,0.05209537187832944,0.052755914768690015,0.04832327972499263
9,5,2531881,True,91.84531308199985,0.04627442398041477,0.0439484027295883,0.044181003851736525,0.041153112820617545
9,6,2686617,True,97.58292796000023,0.007074894589377749,0.006658386915668102,0.006700037524764871,0.006066084621413527
9,7,1824975,True,65.06904987500002,0.05018814185106099,0.03126067500503197,0.03315342103362304,0.029733638847796
9,8,12759509,True,456.66862814700016,0.2721268045921972,0.25941328610669734,0.26068463201194864,0.26685428914958803
9,9,4354192,True,157.94588821200068,0.04548191915540096,0.0360463933377487,0.03698994509055309,0.03603300906382204
9,10,3965607,True,143.86178550800014,0.01964778216877313,0.017214598532791985,0.01745791649377557,0.017538782008141424
10,1,31520,True,1.1506761009995898,0.42691428104633,0.42438159999508546,0.4246348575892182,0.4190884191977796
10,2,2211589,True,80.33574474899979,0.11598892434204837,0.1135369463550717,0.11378214130946003,0.11261396280643152
10,3,3728450,True,133.547621101,0.09388465213959518,0.09051947056570536,0.09085598655081302,0.09093313970373432
10,4,1920254,True,69.7169976719997,0.14073032411440783,0.13382128887763556,0.1345121890745316,0.10629887152977549
10,5,2531881,True,92.30908749800074,0.04235080957218019,0.04079235584709628,0.040948200268406176,0.0392656154980288
10,6,2686617,True,97.88425567900049,0.007074232530104026,0.006303581493893106,0.006380646454554938,0.005913124112716213
10,7,1824975,True,65.45046512200042,0.03092035774095264,0.028668800577684422,0.028893955626942643,0.028434118218380596
10,8,12759509,True,458.23481287100003,0.2618977053372666,0.25775810990617776,0.25817206349475136,0.2689594510910949
10,9,4354192,True,158.64583663600024,0.03664896245489848,0.034953161881867756,0.03512274114546745,0.03510310680244625
10,10,3965607,True,144.16476683900146,0.01782010862015271,0.01652968480780867,0.01665872679767475,0.01681890788063157
