client_id,class_id,label,examples
1,0,BACKDOOR_MALWARE,0
1,1,BENIGN,0
1,2,BROWSERHIJACKING,413
1,3,COMMANDINJECTION,0
1,4,DDOS-ACK_FRAGMENTATION,95
1,5,DDOS-HTTP_FLOOD,0
1,6,DDOS-ICMP_FLOOD,0
1,7,DDOS-ICMP_FRAGMENTATION,0
1,8,DDOS-PSHACK_FLOOD,0
1,9,DDOS-RSTFINFLOOD,0
1,10,DDOS-SLOWLORIS,0
1,11,DDOS-SYNONYMOUSIP_FLOOD,0
1,12,DDOS-SYN_FLOOD,0
1,13,DDOS-TCP_FLOOD,0
1,14,DDOS-UDP_FLOOD,0
1,15,DDOS-UDP_FRAGMENTATION,0
1,16,DICTIONARYBRUTEFORCE,125
1,17,DNS_SPOOFING,0
1,18,DOS-HTTP_FLOOD,0
1,19,DOS-SYN_FLOOD,0
1,20,DOS-TCP_FLOOD,0
1,21,DOS-UDP_FLOOD,983
1,22,MIRAI-GREETH_FLOOD,0
1,23,MIRAI-GREIP_FLOOD,2192
1,24,MIRAI-UDPPLAIN,0
1,25,MITM-ARPSPOOFING,0
1,26,RECON-HOSTDISCOVERY,54
1,27,RECON-OSSCAN,27656
1,28,RECON-PINGSWEEP,0
1,29,RECON-PORTSCAN,0
1,30,SQLINJECTION,0
1,31,UPLOADING_ATTACK,0
1,32,VULNERABILITYSCAN,2
1,33,XSS,0
2,0,BACKDOOR_MALWARE,0
2,1,BENIGN,10608
2,2,BROWSERHIJACKING,0
2,3,COMMANDINJECTION,0
2,4,DDOS-ACK_FRAGMENTATION,20031
2,5,DDOS-HTTP_FLOOD,0
2,6,DDOS-ICMP_FLOOD,55369
2,7,DDOS-ICMP_FRAGMENTATION,0
2,8,DDOS-PSHACK_FLOOD,532342
2,9,DDOS-RSTFINFLOOD,147137
2,10,DDOS-SLOWLORIS,14449
2,11,DDOS-SYNONYMOUSIP_FLOOD,23009
2,12,DDOS-SYN_FLOOD,382191
2,13,DDOS-TCP_FLOOD,0
2,14,DDOS-UDP_FLOOD,519111
2,15,DDOS-UDP_FRAGMENTATION,156454
2,16,DICTIONARYBRUTEFORCE,5200
2,17,DNS_SPOOFING,0
2,18,DOS-HTTP_FLOOD,11654
2,19,DOS-SYN_FLOOD,130
2,20,DOS-TCP_FLOOD,0
2,21,DOS-UDP_FLOOD,0
2,22,MIRAI-GREETH_FLOOD,709
2,23,MIRAI-GREIP_FLOOD,0
2,24,MIRAI-UDPPLAIN,274824
2,25,MITM-ARPSPOOFING,26804
2,26,RECON-HOSTDISCOVERY,19269
2,27,RECON-OSSCAN,0
2,28,RECON-PINGSWEEP,853
2,29,RECON-PORTSCAN,0
2,30,SQLINJECTION,0
2,31,UPLOADING_ATTACK,263
2,32,VULNERABILITYSCAN,11106
2,33,XSS,76
3,0,BACKDOOR_MALWARE,1501
3,1,BENIGN,54689
3,2,BROWSERHIJACKING,3319
3,3,COMMANDINJECTION,2902
3,4,DDOS-ACK_FRAGMENTATION,165304
3,5,DDOS-HTTP_FLOOD,11669
3,6,DDOS-ICMP_FLOOD,0
3,7,DDOS-ICMP_FRAGMENTATION,26963
3,8,DDOS-PSHACK_FLOOD,0
3,9,DDOS-RSTFINFLOOD,0
3,10,DDOS-SLOWLORIS,3
3,11,DDOS-SYNONYMOUSIP_FLOOD,0
3,12,DDOS-SYN_FLOOD,0
3,13,DDOS-TCP_FLOOD,0
3,14,DDOS-UDP_FLOOD,1774100
3,15,DDOS-UDP_FRAGMENTATION,50
3,16,DICTIONARYBRUTEFORCE,119
3,17,DNS_SPOOFING,18172
3,18,DOS-HTTP_FLOOD,15625
3,19,DOS-SYN_FLOOD,1450758
3,20,DOS-TCP_FLOOD,0
3,21,DOS-UDP_FLOOD,0
3,22,MIRAI-GREETH_FLOOD,44098
3,23,MIRAI-GREIP_FLOOD,15112
3,24,MIRAI-UDPPLAIN,17
3,25,MITM-ARPSPOOFING,3
3,26,RECON-HOSTDISCOVERY,6229
3,27,RECON-OSSCAN,7
3,28,RECON-PINGSWEEP,752
3,29,RECON-PORTSCAN,0
3,30,SQLINJECTION,219
3,31,UPLOADING_ATTACK,178
3,32,VULNERABILITYSCAN,135220
3,33,XSS,1441
4,0,BACKDOOR_MALWARE,0
4,1,BENIGN,0
4,2,BROWSERHIJACKING,0
4,3,COMMANDINJECTION,0
4,4,DDOS-ACK_FRAGMENTATION,0
4,5,DDOS-HTTP_FLOOD,1469
4,6,DDOS-ICMP_FLOOD,0
4,7,DDOS-ICMP_FRAGMENTATION,0
4,8,DDOS-PSHACK_FLOOD,1594735
4,9,DDOS-RSTFINFLOOD,0
4,10,DDOS-SLOWLORIS,0
4,11,DDOS-SYNONYMOUSIP_FLOOD,0
4,12,DDOS-SYN_FLOOD,0
4,13,DDOS-TCP_FLOOD,0
4,14,DDOS-UDP_FLOOD,0
4,15,DDOS-UDP_FRAGMENTATION,0
4,16,DICTIONARYBRUTEFORCE,0
4,17,DNS_SPOOFING,0
4,18,DOS-HTTP_FLOOD,4134
4,19,DOS-SYN_FLOOD,0
4,20,DOS-TCP_FLOOD,0
4,21,DOS-UDP_FLOOD,0
4,22,MIRAI-GREETH_FLOOD,3353
4,23,MIRAI-GREIP_FLOOD,106803
4,24,MIRAI-UDPPLAIN,0
4,25,MITM-ARPSPOOFING,198184
4,26,RECON-HOSTDISCOVERY,1
4,27,RECON-OSSCAN,0
4,28,RECON-PINGSWEEP,0
4,29,RECON-PORTSCAN,11575
4,30,SQLINJECTION,0
4,31,UPLOADING_ATTACK,0
4,32,VULNERABILITYSCAN,0
4,33,XSS,0
5,0,BACKDOOR_MALWARE,461
5,1,BENIGN,0
5,2,BROWSERHIJACKING,723
5,3,COMMANDINJECTION,0
5,4,DDOS-ACK_FRAGMENTATION,653
5,5,DDOS-HTTP_FLOOD,0
5,6,DDOS-ICMP_FLOOD,11299
5,7,DDOS-ICMP_FRAGMENTATION,0
5,8,DDOS-PSHACK_FLOOD,0
5,9,DDOS-RSTFINFLOOD,616498
5,10,DDOS-SLOWLORIS,0
5,11,DDOS-SYNONYMOUSIP_FLOOD,0
5,12,DDOS-SYN_FLOOD,0
5,13,DDOS-TCP_FLOOD,0
5,14,DDOS-UDP_FLOOD,1850447
5,15,DDOS-UDP_FRAGMENTATION,3646
5,16,DICTIONARYBRUTEFORCE,0
5,17,DNS_SPOOFING,17843
5,18,DOS-HTTP_FLOOD,0
5,19,DOS-SYN_FLOOD,0
5,20,DOS-TCP_FLOOD,0
5,21,DOS-UDP_FLOOD,0
5,22,MIRAI-GREETH_FLOOD,0
5,23,MIRAI-GREIP_FLOOD,0
5,24,MIRAI-UDPPLAIN,366
5,25,MITM-ARPSPOOFING,10568
5,26,RECON-HOSTDISCOVERY,0
5,27,RECON-OSSCAN,0
5,28,RECON-PINGSWEEP,0
5,29,RECON-PORTSCAN,11150
5,30,SQLINJECTION,0
5,31,UPLOADING_ATTACK,32
5,32,VULNERABILITYSCAN,6752
5,33,XSS,1443
6,0,BACKDOOR_MALWARE,0
6,1,BENIGN,0
6,2,BROWSERHIJACKING,0
6,3,COMMANDINJECTION,0
6,4,DDOS-ACK_FRAGMENTATION,230
6,5,DDOS-HTTP_FLOOD,0
6,6,DDOS-ICMP_FLOOD,406912
6,7,DDOS-ICMP_FRAGMENTATION,0
6,8,DDOS-PSHACK_FLOOD,0
6,9,DDOS-RSTFINFLOOD,2274996
6,10,DDOS-SLOWLORIS,1615
6,11,DDOS-SYNONYMOUSIP_FLOOD,0
6,12,DDOS-SYN_FLOOD,0
6,13,DDOS-TCP_FLOOD,0
6,14,DDOS-UDP_FLOOD,0
6,15,DDOS-UDP_FRAGMENTATION,0
6,16,DICTIONARYBRUTEFORCE,0
6,17,DNS_SPOOFING,0
6,18,DOS-HTTP_FLOOD,0
6,19,DOS-SYN_FLOOD,0
6,20,DOS-TCP_FLOOD,0
6,21,DOS-UDP_FLOOD,0
6,22,MIRAI-GREETH_FLOOD,0
6,23,MIRAI-GREIP_FLOOD,2864
6,24,MIRAI-UDPPLAIN,0
6,25,MITM-ARPSPOOFING,0
6,26,RECON-HOSTDISCOVERY,0
6,27,RECON-OSSCAN,0
6,28,RECON-PINGSWEEP,0
6,29,RECON-PORTSCAN,0
6,30,SQLINJECTION,0
6,31,UPLOADING_ATTACK,0
6,32,VULNERABILITYSCAN,0
6,33,XSS,0
7,0,BACKDOOR_MALWARE,0
7,1,BENIGN,0
7,2,BROWSERHIJACKING,2
7,3,COMMANDINJECTION,0
7,4,DDOS-ACK_FRAGMENTATION,0
7,5,DDOS-HTTP_FLOOD,3491
7,6,DDOS-ICMP_FLOOD,0
7,7,DDOS-ICMP_FRAGMENTATION,12005
7,8,DDOS-PSHACK_FLOOD,7061
7,9,DDOS-RSTFINFLOOD,0
7,10,DDOS-SLOWLORIS,0
7,11,DDOS-SYNONYMOUSIP_FLOOD,1577672
7,12,DDOS-SYN_FLOOD,0
7,13,DDOS-TCP_FLOOD,143819
7,14,DDOS-UDP_FLOOD,0
7,15,DDOS-UDP_FRAGMENTATION,0
7,16,DICTIONARYBRUTEFORCE,0
7,17,DNS_SPOOFING,63786
7,18,DOS-HTTP_FLOOD,14087
7,19,DOS-SYN_FLOOD,0
7,20,DOS-TCP_FLOOD,0
7,21,DOS-UDP_FLOOD,1096
7,22,MIRAI-GREETH_FLOOD,0
7,23,MIRAI-GREIP_FLOOD,0
7,24,MIRAI-UDPPLAIN,0
7,25,MITM-ARPSPOOFING,0
7,26,RECON-HOSTDISCOVERY,1906
7,27,RECON-OSSCAN,0
7,28,RECON-PINGSWEEP,50
7,29,RECON-PORTSCAN,0
7,30,SQLINJECTION,0
7,31,UPLOADING_ATTACK,0
7,32,VULNERABILITYSCAN,0
7,33,XSS,0
8,0,BACKDOOR_MALWARE,498
8,1,BENIGN,775753
8,2,BROWSERHIJACKING,0
8,3,COMMANDINJECTION,1229
8,4,DDOS-ACK_FRAGMENTATION,31899
8,5,DDOS-HTTP_FLOOD,5449
8,6,DDOS-ICMP_FLOOD,3116185
8,7,DDOS-ICMP_FRAGMENTATION,3
8,8,DDOS-PSHACK_FLOOD,48451
8,9,DDOS-RSTFINFLOOD,59592
8,10,DDOS-SLOWLORIS,1283
8,11,DDOS-SYNONYMOUSIP_FLOOD,1071571
8,12,DDOS-SYN_FLOOD,2726649
8,13,DDOS-TCP_FLOOD,0
8,14,DDOS-UDP_FLOOD,1117
8,15,DDOS-UDP_FRAGMENTATION,0
8,16,DICTIONARYBRUTEFORCE,1242
8,17,DNS_SPOOFING,11975
8,18,DOS-HTTP_FLOOD,9536
8,19,DOS-SYN_FLOOD,89079
8,20,DOS-TCP_FLOOD,2046555
8,21,DOS-UDP_FLOOD,2133918
8,22,MIRAI-GREETH_FLOOD,24
8,23,MIRAI-GREIP_FLOOD,0
8,24,MIRAI-UDPPLAIN,406890
8,25,MITM-ARPSPOOFING,2
8,26,RECON-HOSTDISCOVERY,51041
8,27,RECON-OSSCAN,12700
8,28,RECON-PINGSWEEP,70
8,29,RECON-PORTSCAN,23335
8,30,SQLINJECTION,0
8,31,UPLOADING_ATTACK,482
8,32,VULNERABILITYSCAN,132981
8,33,XSS,0
9,0,BACKDOOR_MALWARE,0
9,1,BENIGN,0
9,2,BROWSERHIJACKING,0
9,3,COMMANDINJECTION,0
9,4,DDOS-ACK_FRAGMENTATION,0
9,5,DDOS-HTTP_FLOOD,0
9,6,DDOS-ICMP_FLOOD,391890
9,7,DDOS-ICMP_FRAGMENTATION,0
9,8,DDOS-PSHACK_FLOOD,13670
9,9,DDOS-RSTFINFLOOD,0
9,10,DDOS-SLOWLORIS,20
9,11,DDOS-SYNONYMOUSIP_FLOOD,84249
9,12,DDOS-SYN_FLOOD,0
9,13,DDOS-TCP_FLOOD,3300973
9,14,DDOS-UDP_FLOOD,0
9,15,DDOS-UDP_FRAGMENTATION,23574
9,16,DICTIONARYBRUTEFORCE,3332
9,17,DNS_SPOOFING,23748
9,18,DOS-HTTP_FLOOD,0
9,19,DOS-SYN_FLOOD,13740
9,20,DOS-TCP_FLOOD,0
9,21,DOS-UDP_FLOOD,6535
9,22,MIRAI-GREETH_FLOOD,85
9,23,MIRAI-GREIP_FLOOD,448710
9,24,MIRAI-UDPPLAIN,5
9,25,MITM-ARPSPOOFING,0
9,26,RECON-HOSTDISCOVERY,24436
9,27,RECON-OSSCAN,0
9,28,RECON-PINGSWEEP,4
9,29,RECON-PORTSCAN,16923
9,30,SQLINJECTION,2292
9,31,UPLOADING_ATTACK,2
9,32,VULNERABILITYSCAN,0
9,33,XSS,4
10,0,BACKDOOR_MALWARE,2
10,1,BENIGN,0
10,2,BROWSERHIJACKING,47
10,3,COMMANDINJECTION,3
10,4,DDOS-ACK_FRAGMENTATION,0
10,5,DDOS-HTTP_FLOOD,0
10,6,DDOS-ICMP_FLOOD,1532902
10,7,DDOS-ICMP_FRAGMENTATION,307521
10,8,DDOS-PSHACK_FLOOD,940006
10,9,DDOS-RSTFINFLOOD,0
10,10,DDOS-SLOWLORIS,549
10,11,DDOS-SYNONYMOUSIP_FLOOD,0
10,12,DDOS-SYN_FLOOD,0
10,13,DDOS-TCP_FLOOD,0
10,14,DDOS-UDP_FLOOD,0
10,15,DDOS-UDP_FRAGMENTATION,36179
10,16,DICTIONARYBRUTEFORCE,0
10,17,DNS_SPOOFING,1646
10,18,DOS-HTTP_FLOOD,0
10,19,DOS-SYN_FLOOD,0
10,20,DOS-TCP_FLOOD,0
10,21,DOS-UDP_FLOOD,399242
10,22,MIRAI-GREETH_FLOOD,711189
10,23,MIRAI-GREIP_FLOOD,0
10,24,MIRAI-UDPPLAIN,0
10,25,MITM-ARPSPOOFING,0
10,26,RECON-HOSTDISCOVERY,5
10,27,RECON-OSSCAN,34810
10,28,RECON-PINGSWEEP,0
10,29,RECON-PORTSCAN,0
10,30,SQLINJECTION,1506
10,31,UPLOADING_ATTACK,0
10,32,VULNERABILITYSCAN,0
10,33,XSS,0
