round,client_id,train_examples,selected_for_global_update,train_seconds,hard_loss,soft_loss,proximal_loss,total_loss
1,1,31520,True,0.6398336620000009,2.002280867644373,0.24088146678800812,0.032759110629558566,1.12485708004327
1,2,2211589,True,16.73577470600003,0.6671957863514237,0.44524255806180324,0.4373619332609922,0.5999553655423578
1,3,3728450,True,26.019317985000043,0.5123553801155201,0.4589370776567478,0.30966018960951963,0.5166122477154416
1,4,1920254,True,13.097954208999909,0.4712879228694624,0.4721387445031535,0.18688216110968792,0.4904015496288701
1,5,2531881,True,17.697447955000143,0.42447497373386656,0.45552503424356183,0.12525963137511528,0.45252596741045403
1,6,2686617,True,18.53147931600006,0.351502513627329,0.4678406989756728,0.07957138247895862,0.4176287444570918
1,7,1824975,True,11.758793782000112,0.45955523804868137,0.4647875517408894,0.13575239883154036,0.4757466346989524
1,8,12759509,True,89.67912120100004,0.7247392835463865,0.45506333956505346,0.4189850183915231,0.6317998131858559
1,9,4354192,True,30.120544408000114,0.44275897531799,0.46873151342906744,0.2688466706942597,0.4826299111602804
1,10,3965607,True,27.34713121799996,0.4086385560808833,0.4674491509315926,0.2780633136795479,0.4658501851253604
2,1,31520,True,0.2878135440000733,1.746791208758572,0.24582848628878895,0.026009406269466514,0.9989107949479582
2,2,2211589,True,15.611458367000068,0.5384890810750311,0.41941447421408445,0.24194009190186397,0.5031457868005508
2,3,3728450,True,25.645915613999932,0.4521550238192426,0.46147494856204574,0.15937087620493967,0.4727520737476444
2,4,1920254,True,12.881146026000124,0.3874057217637912,0.42129972678108435,0.0956445115932706,0.4139171756111154
2,5,2531881,True,17.98461604099998,0.37670565602086775,0.45526241349939506,0.07338043879361882,0.4233220784673291
2,6,2686617,True,17.709809178999876,0.3220589013768131,0.44749726999259953,0.02380571227408956,0.3871586572507026
2,7,1824975,True,12.357216834000155,0.38721851337416374,0.43057559699103853,0.09425666470225393,0.4183227215841516
2,8,12759509,True,87.2327317029999,0.6267124677321219,0.4140988825747005,0.17274322457670818,0.5376799975997704
2,9,4354192,True,29.13612200800003,0.3993499470122106,0.4534918154426156,0.15812524311287088,0.4422334059788441
2,10,3965607,True,26.057980188999863,0.351403512562479,0.41329009930236854,0.1350485468604009,0.39585166050784126
3,1,31520,True,0.21817274299996825,1.6489123586470706,0.26947917645504027,0.016971624382596633,0.9608929192959355
3,2,2211589,True,15.233223434000138,0.448470558481717,0.37829310586054127,0.11256113746049505,0.42463794561286966
3,3,3728450,True,24.955997901000046,0.4310161738243884,0.4840972254700844,0.08742794043469233,0.466299493962109
3,4,1920254,True,13.293822711000075,0.29637724836475593,0.27371391998058614,0.04246727746125241,0.2892923117431589
3,5,2531881,True,17.431941900000083,0.36394280161707016,0.476117737070805,0.035355014959891594,0.4235657705369266
3,6,2686617,True,18.6505771300001,0.2711116253940743,0.3108407810732458,0.012432446007843493,0.2922194478968475
3,7,1824975,True,12.253641591000132,0.34537578124818996,0.4026141166189918,0.047654546864627674,0.3787604033345057
3,8,12759509,True,89.73467508900012,0.5716510069117278,0.35396673459885414,0.07450047088116808,0.4702589178475273
3,9,4354192,True,29.984378732000096,0.3766630540673848,0.4733729073545321,0.08031411158210336,0.43304939189486447
3,10,3965607,True,26.76439499299977,0.2886240008975872,0.3145774295268981,0.0605338595295989,0.30765410125232784
4,1,31520,True,0.25801233499987575,1.4603171801204005,0.2816362639444734,0.015445779483330431,0.8725213041765436
4,2,2211589,True,16.43664929200031,0.3844383463052734,0.30006745592345185,0.06186932214603441,0.3484398331540649
4,3,3728450,True,26.150963162999687,0.4004603996041727,0.43146231527364876,0.06162132850712466,0.4221234900993046
4,4,1920254,True,13.375858210999922,0.21943098364070535,0.16147395418104565,0.03032101756463372,0.19348457117628318
4,5,2531881,True,17.426990853000007,0.3296846234354003,0.38201219554506055,0.02319126296319865,0.35816753580875266
4,6,2686617,True,19.045715942000243,0.19203723999905284,0.15427832279211123,0.01104788465316352,0.17426256968378334
4,7,1824975,True,11.745607586000006,0.31784881524656633,0.35653869441735303,0.03377840928116983,0.34057159595761305
4,8,12759509,True,88.82956975699972,0.5057014758776214,0.23069805796008122,0.039510734198608295,0.372150840440124
4,9,4354192,True,29.351732326000274,0.3676453889183533,0.4871109632544069,0.048086679052673734,0.4321868437561223
4,10,3965607,True,26.362466847000178,0.22305532071531536,0.21172568232314382,0.03787007911885905,0.22117750947498827
5,1,31520,True,0.26507551700024123,1.324814276556073,0.32462084890924736,0.01449550147957835,0.8261671128006756
5,2,2211589,True,15.731009221000022,0.34024083898871593,0.2535924594535747,0.04809476134026545,0.3017261252375105
5,3,3728450,True,25.91660596199972,0.39488429113088486,0.4403529999060748,0.04792898236665912,0.42241154415765175
5,4,1920254,True,13.228042950000145,0.18382914499993497,0.12765896177905983,0.024220082925865118,0.15816606174547007
5,5,2531881,True,17.896620987000006,0.3205806515697191,0.39952514684797386,0.018469314212699907,0.36189983013543814
5,6,2686617,True,17.95819539399963,0.14375639446608016,0.08491411142126687,0.008764615992118065,0.11521171451940662
5,7,1824975,True,12.067580858999918,0.2849739806415672,0.2933541909073684,0.029506901061075674,0.29211477576975126
5,8,12759509,True,88.16844772600007,0.43991404232864656,0.12672993755036552,0.025334041781633423,0.28585539409275573
5,9,4354192,True,29.659997617000045,0.3593535559620406,0.4868660471577277,0.03516333869065022,0.4266261351750643
5,10,3965607,True,26.74477075599998,0.1836156670549328,0.16317955635438589,0.031308432056563064,0.1765284549749222
6,1,31520,True,0.2068089559998043,1.2677651051034782,0.32736369571104873,0.012893389907623003,0.7988537298846365
6,2,2211589,True,15.980158461999963,0.31665676427281136,0.23111814252488433,0.03921073419256098,0.2778085267332836
6,3,3728450,True,26.16331355400007,0.38983261185549,0.43777910356195865,0.037284911926932944,0.4175343492810628
6,4,1920254,True,13.406999852999888,0.16221701857374018,0.10842778035224546,0.019629260935318173,0.13728532566490811
6,5,2531881,True,17.815496020999944,0.3173565373875409,0.40815802952672864,0.015433524683297496,0.364300635862898
6,6,2686617,True,18.100899909999953,0.12326178318397685,0.06853444926521364,0.010978730695825261,0.09699598934816626
6,7,1824975,True,12.895217316000071,0.26578885483285164,0.2597721762978153,0.02467831097247866,0.26524834707700434
6,8,12759509,True,89.85526024799992,0.40668329441065415,0.09023586991534845,0.020353589472800308,0.25049494117437615
6,9,4354192,True,30.378009676000147,0.3550080545059746,0.4850617368161305,0.027690359154383483,0.42280393158461227
6,10,3965607,True,26.732858047000263,0.16329805237040051,0.1424375261463727,0.022748981604990396,0.15514268736252781
7,1,31520,True,0.22959009400028663,1.2042512687027151,0.3326131398000088,0.01323497894640804,0.7697557007298251
7,2,2211589,True,15.476818121999713,0.29548179596901214,0.2039623184885934,0.03277091750922454,0.2529991488896769
7,3,3728450,True,25.649872209000023,0.3811979832222905,0.4166048937611765,0.030698078210956957,0.4019712462661543
7,4,1920254,True,13.324622531000387,0.14834877512393918,0.09619232759488185,0.01700852571352662,0.12397140402755417
7,5,2531881,True,18.059555164999892,0.307954877326531,0.3875043696089443,0.013424313111757135,0.3490720551131394
7,6,2686617,True,18.330162253999788,0.10617304886486208,0.0482654557591504,0.006663288239544141,0.077885580899463
7,7,1824975,True,12.9344404819999,0.24662008444900116,0.2251790997685353,0.018647306669145665,0.2377643224909661
7,8,12759509,True,89.38656871499961,0.38540426848217746,0.0693383896431535,0.014841237112318962,0.22885545270233865
7,9,4354192,True,30.12535364600035,0.3480062710104183,0.47534554843196464,0.024802079567240495,0.4141561177259335
7,10,3965607,True,26.294059698000183,0.15163819240479873,0.1290937950787265,0.02014331026797241,0.14238032472785678
8,1,31520,True,0.2250833150001199,1.1544091454314702,0.3356280055142901,0.012490159638112572,0.7462675913033752
8,2,2211589,True,15.404786279000291,0.28438917759644256,0.1918237129875112,0.027512268498547907,0.24085767217663273
8,3,3728450,True,25.67199263700013,0.3720788637733358,0.39707611943958965,0.026225836423192067,0.387200074925451
8,4,1920254,True,12.932270211999821,0.13970930124095862,0.08974735894973271,0.01521941541889609,0.11625027159067336
8,5,2531881,True,17.659963769000115,0.2993235426482228,0.36863121734151966,0.011824015618253941,0.3351597816082895
8,6,2686617,True,18.476053542000045,0.09814536377055022,0.04113848131765131,0.006169126768343694,0.07025883523650668
8,7,1824975,True,12.825445621999734,0.23591421841426238,0.2076412841362696,0.0157556402280319,0.22335331541584538
8,8,12759509,True,90.1908246490002,0.3714942996879746,0.05879878632038432,0.012781135713729989,0.21642465645707873
8,9,4354192,True,30.03125259000035,0.3405351772271799,0.45635148739410397,0.020573152576583115,0.40050064753643627
8,10,3965607,True,27.09381230500003,0.142184828921951,0.1166208412662284,0.01758754704695579,0.13116158987156265
9,1,31520,True,0.25138450099984766,1.1021484664551497,0.3353914141125485,0.012115505938110921,0.7199814921103154
9,2,2211589,True,15.768956603999868,0.27352822593242093,0.17688700219689743,0.024920026078464483,0.2276996167720852
9,3,3728450,True,25.543402228000105,0.36384678552361716,0.3769960504346878,0.02295457630029683,0.3727168752818636
9,4,1920254,True,12.880988992000312,0.131515523606706,0.08220239724491037,0.013640189213496811,0.10822297948488788
9,5,2531881,True,17.23658651300002,0.29050498632194843,0.34629021776240554,0.010867523912529034,0.31948435452748575
9,6,2686617,True,18.510001937999732,0.0933596152293771,0.03708368983494634,0.005851002874892021,0.06580675273581733
9,7,1824975,True,12.496783108999807,0.23109460940395185,0.20022860760612782,0.014109181778518942,0.2170725265422059
9,8,12759509,True,90.23948130500003,0.3639955894348476,0.054630843687502,0.011727246435691388,0.21048594119937478
9,9,4354192,True,30.122759535000114,0.33316616330505394,0.433966838210544,0.019345294496960565,0.3855010302181519
9,10,3965607,True,27.17391652499964,0.13497187739565977,0.10623640307129927,0.016264119160665575,0.1222305521712519
10,1,31520,True,0.23082113000009485,1.0743174245514846,0.34435977919150124,0.012191627306986582,0.7105577726654595
10,2,2211589,True,15.248974355000428,0.2662992386878984,0.17076871885355663,0.02403188460145511,0.22093716736673039
10,3,3728450,True,25.226148177999676,0.3551593906640684,0.3562017283841983,0.02105016654197175,0.357785575854492
10,4,1920254,True,13.195728356000018,0.1260852057253123,0.07823158774879128,0.01325817756792034,0.10348421452270548
10,5,2531881,True,17.500182697000128,0.28110983244574655,0.31960921154326694,0.01003336492572119,0.3013628585497232
10,6,2686617,True,18.487204554000073,0.08975028619209707,0.03517266822666452,0.005801672919625461,0.06304164448492462
10,7,1824975,True,12.521621475999837,0.22829928581802061,0.19624530548156863,0.013034133275447201,0.21357570926008698
10,8,12759509,True,91.12475895399984,0.35825667955438356,0.051712861882047184,0.010936000090163064,0.20607837065687973
10,9,4354192,True,31.216716439000265,0.32820919260352044,0.42319357939508,0.017849243225386103,0.37748631065693455
10,10,3965607,True,26.580007104999822,0.12928164098196698,0.09813002976670161,0.01527943241496537,0.11523377858835683
