client_id,class_id,class_name,total_count,train_count,validation_count
1,0,BACKDOOR_MALWARE,0,0,0
1,1,BENIGN,0,0,0
1,2,BROWSERHIJACKING,413,392,21
1,3,COMMANDINJECTION,0,0,0
1,4,DDOS-ACK_FRAGMENTATION,95,90,5
1,5,DDOS-HTTP_FLOOD,0,0,0
1,6,DDOS-ICMP_FLOOD,0,0,0
1,7,DDOS-ICMP_FRAGMENTATION,0,0,0
1,8,DDOS-PSHACK_FLOOD,0,0,0
1,9,DDOS-RSTFINFLOOD,0,0,0
1,10,DDOS-SLOWLORIS,0,0,0
1,11,DDOS-SYNONYMOUSIP_FLOOD,0,0,0
1,12,DDOS-SYN_FLOOD,0,0,0
1,13,DDOS-TCP_FLOOD,0,0,0
1,14,DDOS-UDP_FLOOD,0,0,0
1,15,DDOS-UDP_FRAGMENTATION,0,0,0
1,16,DICTIONARYBRUTEFORCE,125,119,6
1,17,DNS_SPOOFING,0,0,0
1,18,DOS-HTTP_FLOOD,0,0,0
1,19,DOS-SYN_FLOOD,0,0,0
1,20,DOS-TCP_FLOOD,0,0,0
1,21,DOS-UDP_FLOOD,983,934,49
1,22,MIRAI-GREETH_FLOOD,0,0,0
1,23,MIRAI-GREIP_FLOOD,2192,2082,110
1,24,MIRAI-UDPPLAIN,0,0,0
1,25,MITM-ARPSPOOFING,0,0,0
1,26,RECON-HOSTDISCOVERY,54,51,3
1,27,RECON-OSSCAN,27656,26273,1383
1,28,RECON-PINGSWEEP,0,0,0
1,29,RECON-PORTSCAN,0,0,0
1,30,SQLINJECTION,0,0,0
1,31,UPLOADING_ATTACK,0,0,0
1,32,VULNERABILITYSCAN,2,1,1
1,33,XSS,0,0,0
2,0,BACKDOOR_MALWARE,0,0,0
2,1,BENIGN,10608,10078,530
2,2,BROWSERHIJACKING,0,0,0
2,3,COMMANDINJECTION,0,0,0
2,4,DDOS-ACK_FRAGMENTATION,20031,19029,1002
2,5,DDOS-HTTP_FLOOD,0,0,0
2,6,DDOS-ICMP_FLOOD,55369,52601,2768
2,7,DDOS-ICMP_FRAGMENTATION,0,0,0
2,8,DDOS-PSHACK_FLOOD,532342,505725,26617
2,9,DDOS-RSTFINFLOOD,147137,139780,7357
2,10,DDOS-SLOWLORIS,14449,13727,722
2,11,DDOS-SYNONYMOUSIP_FLOOD,23009,21859,1150
2,12,DDOS-SYN_FLOOD,382191,363081,19110
2,13,DDOS-TCP_FLOOD,0,0,0
2,14,DDOS-UDP_FLOOD,519111,493155,25956
2,15,DDOS-UDP_FRAGMENTATION,156454,148631,7823
2,16,DICTIONARYBRUTEFORCE,5200,4940,260
2,17,DNS_SPOOFING,0,0,0
2,18,DOS-HTTP_FLOOD,11654,11071,583
2,19,DOS-SYN_FLOOD,130,124,6
2,20,DOS-TCP_FLOOD,0,0,0
2,21,DOS-UDP_FLOOD,0,0,0
2,22,MIRAI-GREETH_FLOOD,709,674,35
2,23,MIRAI-GREIP_FLOOD,0,0,0
2,24,MIRAI-UDPPLAIN,274824,261083,13741
2,25,MITM-ARPSPOOFING,26804,25464,1340
2,26,RECON-HOSTDISCOVERY,19269,18306,963
2,27,RECON-OSSCAN,0,0,0
2,28,RECON-PINGSWEEP,853,810,43
2,29,RECON-PORTSCAN,0,0,0
2,30,SQLINJECTION,0,0,0
2,31,UPLOADING_ATTACK,263,250,13
2,32,VULNERABILITYSCAN,11106,10551,555
2,33,XSS,76,72,4
3,0,BACKDOOR_MALWARE,1501,1426,75
3,1,BENIGN,54689,51955,2734
3,2,BROWSERHIJACKING,3319,3153,166
3,3,COMMANDINJECTION,2902,2757,145
3,4,DDOS-ACK_FRAGMENTATION,165304,157039,8265
3,5,DDOS-HTTP_FLOOD,11669,11086,583
3,6,DDOS-ICMP_FLOOD,0,0,0
3,7,DDOS-ICMP_FRAGMENTATION,26963,25615,1348
3,8,DDOS-PSHACK_FLOOD,0,0,0
3,9,DDOS-RSTFINFLOOD,0,0,0
3,10,DDOS-SLOWLORIS,3,2,1
3,11,DDOS-SYNONYMOUSIP_FLOOD,0,0,0
3,12,DDOS-SYN_FLOOD,0,0,0
3,13,DDOS-TCP_FLOOD,0,0,0
3,14,DDOS-UDP_FLOOD,1774100,1685395,88705
3,15,DDOS-UDP_FRAGMENTATION,50,48,2
3,16,DICTIONARYBRUTEFORCE,119,113,6
3,17,DNS_SPOOFING,18172,17263,909
3,18,DOS-HTTP_FLOOD,15625,14844,781
3,19,DOS-SYN_FLOOD,1450758,1378220,72538
3,20,DOS-TCP_FLOOD,0,0,0
3,21,DOS-UDP_FLOOD,0,0,0
3,22,MIRAI-GREETH_FLOOD,44098,41893,2205
3,23,MIRAI-GREIP_FLOOD,15112,14356,756
3,24,MIRAI-UDPPLAIN,17,16,1
3,25,MITM-ARPSPOOFING,3,2,1
3,26,RECON-HOSTDISCOVERY,6229,5918,311
3,27,RECON-OSSCAN,7,6,1
3,28,RECON-PINGSWEEP,752,714,38
3,29,RECON-PORTSCAN,0,0,0
3,30,SQLINJECTION,219,208,11
3,31,UPLOADING_ATTACK,178,169,9
3,32,VULNERABILITYSCAN,135220,128459,6761
3,33,XSS,1441,1369,72
4,0,BACKDOOR_MALWARE,0,0,0
4,1,BENIGN,0,0,0
4,2,BROWSERHIJACKING,0,0,0
4,3,COMMANDINJECTION,0,0,0
4,4,DDOS-ACK_FRAGMENTATION,0,0,0
4,5,DDOS-HTTP_FLOOD,1469,1396,73
4,6,DDOS-ICMP_FLOOD,0,0,0
4,7,DDOS-ICMP_FRAGMENTATION,0,0,0
4,8,DDOS-PSHACK_FLOOD,1594735,1514998,79737
4,9,DDOS-RSTFINFLOOD,0,0,0
4,10,DDOS-SLOWLORIS,0,0,0
4,11,DDOS-SYNONYMOUSIP_FLOOD,0,0,0
4,12,DDOS-SYN_FLOOD,0,0,0
4,13,DDOS-TCP_FLOOD,0,0,0
4,14,DDOS-UDP_FLOOD,0,0,0
4,15,DDOS-UDP_FRAGMENTATION,0,0,0
4,16,DICTIONARYBRUTEFORCE,0,0,0
4,17,DNS_SPOOFING,0,0,0
4,18,DOS-HTTP_FLOOD,4134,3927,207
4,19,DOS-SYN_FLOOD,0,0,0
4,20,DOS-TCP_FLOOD,0,0,0
4,21,DOS-UDP_FLOOD,0,0,0
4,22,MIRAI-GREETH_FLOOD,3353,3185,168
4,23,MIRAI-GREIP_FLOOD,106803,101463,5340
4,24,MIRAI-UDPPLAIN,0,0,0
4,25,MITM-ARPSPOOFING,198184,188275,9909
4,26,RECON-HOSTDISCOVERY,1,1,0
4,27,RECON-OSSCAN,0,0,0
4,28,RECON-PINGSWEEP,0,0,0
4,29,RECON-PORTSCAN,11575,10996,579
4,30,SQLINJECTION,0,0,0
4,31,UPLOADING_ATTACK,0,0,0
4,32,VULNERABILITYSCAN,0,0,0
4,33,XSS,0,0,0
5,0,BACKDOOR_MALWARE,461,438,23
5,1,BENIGN,0,0,0
5,2,BROWSERHIJACKING,723,687,36
5,3,COMMANDINJECTION,0,0,0
5,4,DDOS-ACK_FRAGMENTATION,653,620,33
5,5,DDOS-HTTP_FLOOD,0,0,0
5,6,DDOS-ICMP_FLOOD,11299,10734,565
5,7,DDOS-ICMP_FRAGMENTATION,0,0,0
5,8,DDOS-PSHACK_FLOOD,0,0,0
5,9,DDOS-RSTFINFLOOD,616498,585673,30825
5,10,DDOS-SLOWLORIS,0,0,0
5,11,DDOS-SYNONYMOUSIP_FLOOD,0,0,0
5,12,DDOS-SYN_FLOOD,0,0,0
5,13,DDOS-TCP_FLOOD,0,0,0
5,14,DDOS-UDP_FLOOD,1850447,1757925,92522
5,15,DDOS-UDP_FRAGMENTATION,3646,3464,182
5,16,DICTIONARYBRUTEFORCE,0,0,0
5,17,DNS_SPOOFING,17843,16951,892
5,18,DOS-HTTP_FLOOD,0,0,0
5,19,DOS-SYN_FLOOD,0,0,0
5,20,DOS-TCP_FLOOD,0,0,0
5,21,DOS-UDP_FLOOD,0,0,0
5,22,MIRAI-GREETH_FLOOD,0,0,0
5,23,MIRAI-GREIP_FLOOD,0,0,0
5,24,MIRAI-UDPPLAIN,366,348,18
5,25,MITM-ARPSPOOFING,10568,10040,528
5,26,RECON-HOSTDISCOVERY,0,0,0
5,27,RECON-OSSCAN,0,0,0
5,28,RECON-PINGSWEEP,0,0,0
5,29,RECON-PORTSCAN,11150,10592,558
5,30,SQLINJECTION,0,0,0
5,31,UPLOADING_ATTACK,32,30,2
5,32,VULNERABILITYSCAN,6752,6414,338
5,33,XSS,1443,1371,72
6,0,BACKDOOR_MALWARE,0,0,0
6,1,BENIGN,0,0,0
6,2,BROWSERHIJACKING,0,0,0
6,3,COMMANDINJECTION,0,0,0
6,4,DDOS-ACK_FRAGMENTATION,230,218,12
6,5,DDOS-HTTP_FLOOD,0,0,0
6,6,DDOS-ICMP_FLOOD,406912,386566,20346
6,7,DDOS-ICMP_FRAGMENTATION,0,0,0
6,8,DDOS-PSHACK_FLOOD,0,0,0
6,9,DDOS-RSTFINFLOOD,2274996,2161246,113750
6,10,DDOS-SLOWLORIS,1615,1534,81
6,11,DDOS-SYNONYMOUSIP_FLOOD,0,0,0
6,12,DDOS-SYN_FLOOD,0,0,0
6,13,DDOS-TCP_FLOOD,0,0,0
6,14,DDOS-UDP_FLOOD,0,0,0
6,15,DDOS-UDP_FRAGMENTATION,0,0,0
6,16,DICTIONARYBRUTEFORCE,0,0,0
6,17,DNS_SPOOFING,0,0,0
6,18,DOS-HTTP_FLOOD,0,0,0
6,19,DOS-SYN_FLOOD,0,0,0
6,20,DOS-TCP_FLOOD,0,0,0
6,21,DOS-UDP_FLOOD,0,0,0
6,22,MIRAI-GREETH_FLOOD,0,0,0
6,23,MIRAI-GREIP_FLOOD,2864,2721,143
6,24,MIRAI-UDPPLAIN,0,0,0
6,25,MITM-ARPSPOOFING,0,0,0
6,26,RECON-HOSTDISCOVERY,0,0,0
6,27,RECON-OSSCAN,0,0,0
6,28,RECON-PINGSWEEP,0,0,0
6,29,RECON-PORTSCAN,0,0,0
6,30,SQLINJECTION,0,0,0
6,31,UPLOADING_ATTACK,0,0,0
6,32,VULNERABILITYSCAN,0,0,0
6,33,XSS,0,0,0
7,0,BACKDOOR_MALWARE,0,0,0
7,1,BENIGN,0,0,0
7,2,BROWSERHIJACKING,2,1,1
7,3,COMMANDINJECTION,0,0,0
7,4,DDOS-ACK_FRAGMENTATION,0,0,0
7,5,DDOS-HTTP_FLOOD,3491,3316,175
7,6,DDOS-ICMP_FLOOD,0,0,0
7,7,DDOS-ICMP_FRAGMENTATION,12005,11405,600
7,8,DDOS-PSHACK_FLOOD,7061,6708,353
7,9,DDOS-RSTFINFLOOD,0,0,0
7,10,DDOS-SLOWLORIS,0,0,0
7,11,DDOS-SYNONYMOUSIP_FLOOD,1577672,1498788,78884
7,12,DDOS-SYN_FLOOD,0,0,0
7,13,DDOS-TCP_FLOOD,143819,136628,7191
7,14,DDOS-UDP_FLOOD,0,0,0
7,15,DDOS-UDP_FRAGMENTATION,0,0,0
7,16,DICTIONARYBRUTEFORCE,0,0,0
7,17,DNS_SPOOFING,63786,60597,3189
7,18,DOS-HTTP_FLOOD,14087,13383,704
7,19,DOS-SYN_FLOOD,0,0,0
7,20,DOS-TCP_FLOOD,0,0,0
7,21,DOS-UDP_FLOOD,1096,1041,55
7,22,MIRAI-GREETH_FLOOD,0,0,0
7,23,MIRAI-GREIP_FLOOD,0,0,0
7,24,MIRAI-UDPPLAIN,0,0,0
7,25,MITM-ARPSPOOFING,0,0,0
7,26,RECON-HOSTDISCOVERY,1906,1811,95
7,27,RECON-OSSCAN,0,0,0
7,28,RECON-PINGSWEEP,50,48,2
7,29,RECON-PORTSCAN,0,0,0
7,30,SQLINJECTION,0,0,0
7,31,UPLOADING_ATTACK,0,0,0
7,32,VULNERABILITYSCAN,0,0,0
7,33,XSS,0,0,0
8,0,BACKDOOR_MALWARE,498,473,25
8,1,BENIGN,775753,736965,38788
8,2,BROWSERHIJACKING,0,0,0
8,3,COMMANDINJECTION,1229,1168,61
8,4,DDOS-ACK_FRAGMENTATION,31899,30304,1595
8,5,DDOS-HTTP_FLOOD,5449,5177,272
8,6,DDOS-ICMP_FLOOD,3116185,2960376,155809
8,7,DDOS-ICMP_FRAGMENTATION,3,2,1
8,8,DDOS-PSHACK_FLOOD,48451,46028,2423
8,9,DDOS-RSTFINFLOOD,59592,56612,2980
8,10,DDOS-SLOWLORIS,1283,1219,64
8,11,DDOS-SYNONYMOUSIP_FLOOD,1071571,1017992,53579
8,12,DDOS-SYN_FLOOD,2726649,2590317,136332
8,13,DDOS-TCP_FLOOD,0,0,0
8,14,DDOS-UDP_FLOOD,1117,1061,56
8,15,DDOS-UDP_FRAGMENTATION,0,0,0
8,16,DICTIONARYBRUTEFORCE,1242,1180,62
8,17,DNS_SPOOFING,11975,11376,599
8,18,DOS-HTTP_FLOOD,9536,9059,477
8,19,DOS-SYN_FLOOD,89079,84625,4454
8,20,DOS-TCP_FLOOD,2046555,1944227,102328
8,21,DOS-UDP_FLOOD,2133918,2027222,106696
8,22,MIRAI-GREETH_FLOOD,24,23,1
8,23,MIRAI-GREIP_FLOOD,0,0,0
8,24,MIRAI-UDPPLAIN,406890,386546,20344
8,25,MITM-ARPSPOOFING,2,1,1
8,26,RECON-HOSTDISCOVERY,51041,48489,2552
8,27,RECON-OSSCAN,12700,12065,635
8,28,RECON-PINGSWEEP,70,66,4
8,29,RECON-PORTSCAN,23335,22168,1167
8,30,SQLINJECTION,0,0,0
8,31,UPLOADING_ATTACK,482,458,24
8,32,VULNERABILITYSCAN,132981,126332,6649
8,33,XSS,0,0,0
9,0,BACKDOOR_MALWARE,0,0,0
9,1,BENIGN,0,0,0
9,2,BROWSERHIJACKING,0,0,0
9,3,COMMANDINJECTION,0,0,0
9,4,DDOS-ACK_FRAGMENTATION,0,0,0
9,5,DDOS-HTTP_FLOOD,0,0,0
9,6,DDOS-ICMP_FLOOD,391890,372296,19594
9,7,DDOS-ICMP_FRAGMENTATION,0,0,0
9,8,DDOS-PSHACK_FLOOD,13670,12986,684
9,9,DDOS-RSTFINFLOOD,0,0,0
9,10,DDOS-SLOWLORIS,20,19,1
9,11,DDOS-SYNONYMOUSIP_FLOOD,84249,80037,4212
9,12,DDOS-SYN_FLOOD,0,0,0
9,13,DDOS-TCP_FLOOD,3300973,3135924,165049
9,14,DDOS-UDP_FLOOD,0,0,0
9,15,DDOS-UDP_FRAGMENTATION,23574,22395,1179
9,16,DICTIONARYBRUTEFORCE,3332,3165,167
9,17,DNS_SPOOFING,23748,22561,1187
9,18,DOS-HTTP_FLOOD,0,0,0
9,19,DOS-SYN_FLOOD,13740,13053,687
9,20,DOS-TCP_FLOOD,0,0,0
9,21,DOS-UDP_FLOOD,6535,6208,327
9,22,MIRAI-GREETH_FLOOD,85,81,4
9,23,MIRAI-GREIP_FLOOD,448710,426274,22436
9,24,MIRAI-UDPPLAIN,5,4,1
9,25,MITM-ARPSPOOFING,0,0,0
9,26,RECON-HOSTDISCOVERY,24436,23214,1222
9,27,RECON-OSSCAN,0,0,0
9,28,RECON-PINGSWEEP,4,3,1
9,29,RECON-PORTSCAN,16923,16077,846
9,30,SQLINJECTION,2292,2177,115
9,31,UPLOADING_ATTACK,2,1,1
9,32,VULNERABILITYSCAN,0,0,0
9,33,XSS,4,3,1
10,0,BACKDOOR_MALWARE,2,1,1
10,1,BENIGN,0,0,0
10,2,BROWSERHIJACKING,47,45,2
10,3,COMMANDINJECTION,3,2,1
10,4,DDOS-ACK_FRAGMENTATION,0,0,0
10,5,DDOS-HTTP_FLOOD,0,0,0
10,6,DDOS-ICMP_FLOOD,1532902,1456257,76645
10,7,DDOS-ICMP_FRAGMENTATION,307521,292145,15376
10,8,DDOS-PSHACK_FLOOD,940006,893006,47000
10,9,DDOS-RSTFINFLOOD,0,0,0
10,10,DDOS-SLOWLORIS,549,522,27
10,11,DDOS-SYNONYMOUSIP_FLOOD,0,0,0
10,12,DDOS-SYN_FLOOD,0,0,0
10,13,DDOS-TCP_FLOOD,0,0,0
10,14,DDOS-UDP_FLOOD,0,0,0
10,15,DDOS-UDP_FRAGMENTATION,36179,34370,1809
10,16,DICTIONARYBRUTEFORCE,0,0,0
10,17,DNS_SPOOFING,1646,1564,82
10,18,DOS-HTTP_FLOOD,0,0,0
10,19,DOS-SYN_FLOOD,0,0,0
10,20,DOS-TCP_FLOOD,0,0,0
10,21,DOS-UDP_FLOOD,399242,379280,19962
10,22,MIRAI-GREETH_FLOOD,711189,675630,35559
10,23,MIRAI-GREIP_FLOOD,0,0,0
10,24,MIRAI-UDPPLAIN,0,0,0
10,25,MITM-ARPSPOOFING,0,0,0
10,26,RECON-HOSTDISCOVERY,5,4,1
10,27,RECON-OSSCAN,34810,33070,1740
10,28,RECON-PINGSWEEP,0,0,0
10,29,RECON-PORTSCAN,0,0,0
10,30,SQLINJECTION,1506,1431,75
10,31,UPLOADING_ATTACK,0,0,0
10,32,VULNERABILITYSCAN,0,0,0
10,33,XSS,0,0,0
