,pred_BACKDOOR_MALWARE,pred_BENIGN,pred_BROWSERHIJACKING,pred_COMMANDINJECTION,pred_DDOS-ACK_FRAGMENTATION,pred_DDOS-HTTP_FLOOD,pred_DDOS-ICMP_FLOOD,pred_DDOS-ICMP_FRAGMENTATION,pred_DDOS-PSHACK_FLOOD,pred_DDOS-RSTFINFLOOD,pred_DDOS-SLOWLORIS,pred_DDOS-SYNONYMOUSIP_FLOOD,pred_DDOS-SYN_FLOOD,pred_DDOS-TCP_FLOOD,pred_DDOS-UDP_FLOOD,pred_DDOS-UDP_FRAGMENTATION,pred_DICTIONARYBRUTEFORCE,pred_DNS_SPOOFING,pred_DOS-HTTP_FLOOD,pred_DOS-SYN_FLOOD,pred_DOS-TCP_FLOOD,pred_DOS-UDP_FLOOD,pred_MIRAI-GREETH_FLOOD,pred_MIRAI-GREIP_FLOOD,pred_MIRAI-UDPPLAIN,pred_MITM-ARPSPOOFING,pred_RECON-HOSTDISCOVERY,pred_RECON-OSSCAN,pred_RECON-PINGSWEEP,pred_RECON-PORTSCAN,pred_SQLINJECTION,pred_UPLOADING_ATTACK,pred_VULNERABILITYSCAN,pred_XSS
true_BACKDOOR_MALWARE,0,308,0,0,0,0,0,0,0,0,0,0,0,0,0,0,0,4,0,0,0,0,0,0,0,0,64,0,0,0,0,0,240,0
true_BENIGN,0,181088,0,0,9,0,17,0,0,8,0,0,2,0,0,1,0,1172,24,0,37,30,1,0,3,0,1170,0,0,3,0,0,26698,0
true_BROWSERHIJACKING,0,792,0,0,3,0,0,0,0,0,0,0,0,0,0,0,0,26,0,0,0,2,0,0,1,0,25,0,0,0,0,0,277,0
true_COMMANDINJECTION,0,492,0,0,1,0,1,0,0,0,0,0,0,0,0,0,0,169,0,0,1,0,0,0,0,0,68,0,0,0,0,0,302,0
true_DDOS-ACK_FRAGMENTATION,0,150,0,0,53394,5,6,0,6,56,0,0,41,0,0,4,0,0,141,0,467,274,2,0,5,0,0,0,0,1,0,0,1,0
true_DDOS-HTTP_FLOOD,0,12,0,0,13,2003,0,0,38,14,0,0,745,0,0,1,0,5,1944,0,671,62,0,0,0,0,2,0,0,2,0,0,7,0
true_DDOS-ICMP_FLOOD,0,152,0,0,175,21,1377053,0,0,3,0,0,8,0,0,9,0,0,111,0,449,625,0,0,31,0,1,0,0,0,0,0,1,0
true_DDOS-ICMP_FRAGMENTATION,0,107,0,0,830,99,83690,253,0,0,0,0,19,0,0,20,0,8,213,0,621,725,0,0,17,0,0,0,0,0,0,0,21,0
true_DDOS-PSHACK_FLOOD,0,43,0,0,38,4,4,0,779242,215,0,0,484,0,0,23,0,0,45,0,3692,267,0,0,9,0,1,0,0,0,0,0,0,0
true_DDOS-RSTFINFLOOD,0,70,0,0,44,19,0,0,113,768258,0,0,2513,0,0,6,0,1,150,0,2979,387,0,0,11,0,0,0,0,0,0,0,5,0
true_DDOS-SLOWLORIS,0,442,0,0,31,312,0,0,134,38,0,0,310,0,0,5,0,24,1088,1,1925,149,0,0,16,0,0,0,0,0,0,0,5,0
true_DDOS-SYNONYMOUSIP_FLOOD,0,72,0,0,69,6,2,0,1,3,0,301631,386551,0,0,14,0,0,40,0,426,298,0,0,11,0,1,0,0,0,0,0,0,0
true_DDOS-SYN_FLOOD,0,35,0,0,21,35,4,0,61,33,0,230193,545540,0,0,10,0,0,120,1,726,405,0,0,8,0,10,0,0,3,0,0,5,0
true_DDOS-TCP_FLOOD,0,53,0,0,73,24,1,0,110,87,0,22,1659,0,0,13,0,0,147,9,858627,364,0,0,5,0,1,0,0,0,0,0,3,0
true_DDOS-UDP_FLOOD,0,66,0,0,49,15,89,0,0,0,0,0,4,0,1,19,0,4,120,0,484,1035333,0,0,7,0,0,0,0,0,0,0,3,0
true_DDOS-UDP_FRAGMENTATION,0,148,0,0,404,8,25,0,1,4,0,0,2,0,0,6452,0,41,50,0,281,766,3,0,46785,0,0,0,0,0,0,0,6,0
true_DICTIONARYBRUTEFORCE,0,1373,0,0,3,0,1,0,0,0,0,0,2,0,0,0,0,29,0,0,0,0,0,0,0,0,224,0,0,19,0,0,853,0
true_DNS_SPOOFING,0,15924,0,0,55,0,6,0,4,7,0,0,10,0,0,4,0,9012,13,0,33,672,0,0,85,0,939,0,0,0,0,0,7529,0
true_DOS-HTTP_FLOOD,0,88,0,0,99,479,0,0,481,32,0,0,2488,0,0,0,0,1,9152,10,753,133,0,0,0,0,0,0,0,2,0,0,41,0
true_DOS-SYN_FLOOD,0,67,0,0,45,148,2,0,841,110,0,71337,311139,0,0,22,0,8,294,11,3164,1140,0,0,86,0,8,0,0,2,0,0,3,0
true_DOS-TCP_FLOOD,0,86,0,0,63,34,1,0,330,152,0,8,782,0,0,7,0,1,100,4,509770,215,0,0,19,0,0,0,0,0,0,0,67,0
true_DOS-UDP_FLOOD,0,84,0,0,54,33,1768,0,3,1,0,0,3,0,0,32,0,29,203,0,418,632757,0,0,55,0,0,0,0,0,0,0,3,0
true_MIRAI-GREETH_FLOOD,0,170,0,0,99,6,53,0,0,12,0,0,2,0,0,31,0,2,75,0,220,13011,45,133825,42312,0,0,0,0,0,0,0,1,0
true_MIRAI-GREIP_FLOOD,0,105,0,0,113,29,49,0,0,12,0,0,14,0,0,5,0,13,18,0,700,50973,49,87823,3967,0,0,0,0,0,0,0,50,0
true_MIRAI-UDPPLAIN,0,50,0,0,32,10,22,0,4,0,0,0,9,0,0,63,0,82,36,0,256,167374,2,4,2576,0,1,0,0,0,0,0,5,0
true_MITM-ARPSPOOFING,0,45061,0,0,29,0,12,0,11,13,0,0,22,0,0,7,0,7400,8,0,18,1210,0,0,415,0,498,0,0,2,0,0,4184,0
true_RECON-HOSTDISCOVERY,0,5943,0,0,4,0,21,0,0,1,0,6,7,0,0,0,0,74,16,1,6,5,0,0,0,0,14758,0,0,375,0,0,4518,0
true_RECON-OSSCAN,0,7995,0,0,10,0,5,0,3,16,0,2,30,0,0,0,0,133,59,0,23,9,1,0,0,0,1955,0,0,2071,0,0,6481,0
true_RECON-PINGSWEEP,0,211,0,0,0,0,3,0,0,0,0,0,0,0,0,0,0,4,0,0,0,0,0,0,0,0,5,0,0,1,0,0,208,0
true_RECON-PORTSCAN,0,4847,0,0,3,0,3,0,10,12,0,2,22,0,0,0,0,125,43,1,18,6,0,0,0,0,2495,0,0,2587,0,0,5572,0
true_SQLINJECTION,0,258,0,0,0,0,0,0,0,0,0,0,0,0,0,0,0,9,0,0,0,0,0,0,0,0,12,0,0,0,0,0,725,0
true_UPLOADING_ATTACK,0,124,0,0,0,0,0,0,0,0,0,0,0,0,0,0,0,4,0,0,0,0,0,0,0,0,15,0,0,0,0,0,96,0
true_VULNERABILITYSCAN,0,21024,0,0,10,0,20,0,2,2,0,0,4,0,0,1,0,878,79,0,8,8,1,0,4,0,3525,0,0,158,0,0,45791,0
true_XSS,0,395,0,0,0,0,0,0,0,0,0,0,0,0,0,0,0,5,0,0,0,0,0,0,0,0,74,0,0,0,0,0,267,0
