phase,round,client_id,local_epoch,selected_for_global_update,received_global_state,train_examples,optimizer_steps,sampler_padding_rows,hard_loss,soft_loss,proximal_loss,total_loss,cross_entropy_loss,distillation_kl_loss,lambda,temperature,epoch_seconds,gpu_id,concurrent_streams,gpu_cache_mode
federated_self_distillation,1,1,1,True,True,29942,30,0,1.473210000150166,0.37782449101121335,0.0,1.851034485237145,1.473210000150166,0.37782449101121335,1.0,1.0,0.16687309265136718,0,1,full_gpu
federated_self_distillation,1,2,1,True,True,2101011,2052,0,0.3570265191431353,0.09101978561392052,0.0,0.44804630464714174,0.3570265191431353,0.09101978561392052,1.0,1.0,10.220611328125,0,1,full_gpu
federated_self_distillation,1,3,1,True,True,3542026,3460,0,0.46100216027676444,0.19111727418926713,0.0,0.6521194339313522,0.46100216027676444,0.19111727418926713,1.0,1.0,17.364509765625,1,1,full_gpu
federated_self_distillation,1,4,1,True,True,1824241,1782,0,0.15829812598727278,0.06658863826901522,0.0,0.22488676414656572,0.15829812598727278,0.06658863826901522,1.0,1.0,8.829181640625,0,1,full_gpu
federated_self_distillation,1,5,1,True,True,2405287,2349,0,0.19297988397588545,0.07790168159516375,0.0,0.27088156541733155,0.19297988397588545,0.07790168159516375,1.0,1.0,11.8309755859375,1,1,full_gpu
federated_self_distillation,1,6,1,True,True,2552285,2493,0,0.033214745233830105,0.01462004612091655,0.0,0.04783479136427486,0.033214745233830105,0.01462004612091655,1.0,1.0,12.7479013671875,1,1,full_gpu
federated_self_distillation,1,7,1,True,True,1733726,1694,0,0.4160860435768183,0.199894007209778,0.0,0.6159800506037145,0.4160860435768183,0.199894007209778,1.0,1.0,8.65071484375,1,1,full_gpu
federated_self_distillation,1,8,1,True,True,12121531,11838,0,0.49337644857137636,0.09813129828168361,0.0,0.5915077470759553,0.49337644857137636,0.09813129828168361,1.0,1.0,58.986203125,0,1,full_gpu
federated_self_distillation,1,9,1,True,True,4136478,4040,0,0.2929814515509964,0.11394891252018129,0.0,0.4069303641243128,0.2929814515509964,0.11394891252018129,1.0,1.0,20.131375,1,1,full_gpu
federated_self_distillation,1,10,1,True,True,3767327,3680,0,0.17022221521363945,0.06361792041920161,0.0,0.2338401356698,0.17022221521363945,0.06361792041920161,1.0,1.0,17.557984375,1,1,full_gpu
federated_self_distillation,2,1,1,True,True,29942,30,0,1.0375933793748708,0.19074803939739007,0.0,1.2283414269359991,1.0375933793748708,0.19074803939739007,1.0,1.0,0.16796467590332032,0,1,full_gpu
federated_self_distillation,2,2,1,True,True,2101011,2052,0,0.26856931525292815,0.03716106642374179,0.0,0.30573038169203554,0.26856931525292815,0.03716106642374179,1.0,1.0,10.153564453125,0,1,full_gpu
federated_self_distillation,2,3,1,True,True,3542026,3460,0,0.28511361424504666,0.06741153761234002,0.0,0.35252515187787037,0.28511361424504666,0.06741153761234002,1.0,1.0,17.25751953125,1,1,full_gpu
federated_self_distillation,2,4,1,False,False,1824241,1782,0,0.09159756215142414,0.020306468766643312,0.0,0.1119040308438482,0.09159756215142414,0.020306468766643312,1.0,1.0,8.819677734375,0,1,full_gpu
federated_self_distillation,2,5,1,False,False,2405287,2349,0,0.1086632728883222,0.029939402244838,0.0,0.1386026749879067,0.1086632728883222,0.029939402244838,1.0,1.0,11.9626884765625,1,1,full_gpu
federated_self_distillation,2,6,1,False,False,2552285,2493,0,0.017995961949357583,0.004877255875014291,0.0,0.02287321781872353,0.017995961949357583,0.004877255875014291,1.0,1.0,12.478359375,1,1,full_gpu
federated_self_distillation,2,7,1,False,False,1733726,1694,0,0.208515092052352,0.07269478997395698,0.0,0.2812098815518546,0.208515092052352,0.07269478997395698,1.0,1.0,8.504828125,1,1,full_gpu
federated_self_distillation,2,8,1,True,True,12121531,11838,0,0.3997319612411461,0.03974920703161873,0.0,0.4394811684368619,0.3997319612411461,0.03974920703161873,1.0,1.0,58.7666328125,0,1,full_gpu
federated_self_distillation,2,9,1,False,False,4136478,4040,0,0.16483937406961033,0.04467017896253746,0.0,0.20950955304975802,0.16483937406961033,0.04467017896253746,1.0,1.0,19.803658203125,1,1,full_gpu
federated_self_distillation,2,10,1,False,False,3767327,3680,0,0.09536617130953887,0.02398192128956757,0.0,0.11934809263568567,0.09536617130953887,0.02398192128956757,1.0,1.0,17.729623046875,1,1,full_gpu
federated_self_distillation,3,1,1,True,True,29942,30,0,0.8474264927370165,0.22351867099971956,0.0,1.0709451690926342,0.8474264927370165,0.22351867099971956,1.0,1.0,0.16252998352050782,0,1,full_gpu
federated_self_distillation,3,2,1,True,True,2101011,2052,0,0.22158196246110773,0.02085966687222866,0.0,0.24244162935875546,0.22158196246110773,0.02085966687222866,1.0,1.0,10.566041015625,0,1,full_gpu
federated_self_distillation,3,3,1,True,True,3542026,3460,0,0.20445306109602332,0.03181745633696079,0.0,0.23627051748685948,0.20445306109602332,0.03181745633696079,1.0,1.0,17.587443359375,1,1,full_gpu
federated_self_distillation,3,4,1,False,False,1824241,1782,0,0.0658022745188516,0.008512252544112583,0.0,0.07431452713295118,0.0658022745188516,0.008512252544112583,1.0,1.0,8.6645908203125,0,1,full_gpu
federated_self_distillation,3,5,1,False,False,2405287,2349,0,0.07232879234571907,0.013758972157350901,0.0,0.08608776452740886,0.07232879234571907,0.013758972157350901,1.0,1.0,11.813080078125,1,1,full_gpu
federated_self_distillation,3,6,1,False,False,2552285,2493,0,0.011723817391724293,0.001950403987370202,0.0,0.013674221384401018,0.011723817391724293,0.001950403987370202,1.0,1.0,12.4177822265625,1,1,full_gpu
federated_self_distillation,3,7,1,False,False,1733726,1694,0,0.11948521134884443,0.03217851874854228,0.0,0.1516637300432132,0.11948521134884443,0.03217851874854228,1.0,1.0,8.666171875,1,1,full_gpu
federated_self_distillation,3,8,1,True,True,12121531,11838,0,0.3545442854444923,0.020747404832865177,0.0,0.3752916904079279,0.3545442854444923,0.020747404832865177,1.0,1.0,59.02276953125,0,1,full_gpu
federated_self_distillation,3,9,1,False,False,4136478,4040,0,0.10777959330003521,0.020824707919645292,0.0,0.12860430130803965,0.10777959330003521,0.020824707919645292,1.0,1.0,20.278505859375,1,1,full_gpu
federated_self_distillation,3,10,1,False,False,3767327,3680,0,0.06281317274534738,0.010863275711145553,0.0,0.07367644846150019,0.06281317274534738,0.010863275711145553,1.0,1.0,17.47887109375,1,1,full_gpu
federated_self_distillation,4,1,1,True,True,29942,30,0,0.7698461645455806,0.2482551982691389,0.0,1.0181013530990053,0.7698461645455806,0.2482551982691389,1.0,1.0,0.1477145233154297,0,1,full_gpu
federated_self_distillation,4,2,1,True,True,2101011,2052,0,0.19746570798635,0.01545963648078907,0.0,0.21292534428889034,0.19746570798635,0.01545963648078907,1.0,1.0,9.9105224609375,0,1,full_gpu
federated_self_distillation,4,3,1,True,True,3542026,3460,0,0.16873210428921948,0.02041751791601434,0.0,0.1891496222011662,0.16873210428921948,0.02041751791601434,1.0,1.0,17.006875,1,1,full_gpu
federated_self_distillation,4,4,1,False,False,1824241,1782,0,0.05356810745327975,0.004059636581809242,0.0,0.05762774402154677,0.05356810745327975,0.004059636581809242,1.0,1.0,8.8282685546875,0,1,full_gpu
federated_self_distillation,4,5,1,False,False,2405287,2349,0,0.054642401610060766,0.00668689965242128,0.0,0.06132930124426612,0.054642401610060766,0.00668689965242128,1.0,1.0,11.7379521484375,1,1,full_gpu
federated_self_distillation,4,6,1,False,False,2552285,2493,0,0.008679684036079592,0.0008256535033642838,0.0,0.009505337539679007,0.008679684036079592,0.0008256535033642838,1.0,1.0,12.53044921875,1,1,full_gpu
federated_self_distillation,4,7,1,False,False,1733726,1694,0,0.07734966138486779,0.015681632005447303,0.0,0.09303129335037578,0.07734966138486779,0.015681632005447303,1.0,1.0,8.3799384765625,1,1,full_gpu
federated_self_distillation,4,8,1,True,True,12121531,11838,0,0.33159441367175796,0.01324421514635993,0.0,0.3448386287760806,0.33159441367175796,0.01324421514635993,1.0,1.0,58.5837265625,0,1,full_gpu
federated_self_distillation,4,9,1,False,False,4136478,4040,0,0.07939478353725023,0.010557427659553302,0.0,0.08995221122449681,0.07939478353725023,0.010557427659553302,1.0,1.0,19.894599609375,1,1,full_gpu
federated_self_distillation,4,10,1,False,False,3767327,3680,0,0.04663735879877278,0.005414408174661828,0.0,0.05205176698748024,0.04663735879877278,0.005414408174661828,1.0,1.0,17.82943359375,1,1,full_gpu
federated_self_distillation,5,1,1,True,True,29942,30,0,0.731562371326348,0.26473240684335936,0.0,0.9962947883747534,0.731562371326348,0.26473240684335936,1.0,1.0,0.17771408081054688,0,1,full_gpu
federated_self_distillation,5,2,1,True,True,2101011,2052,0,0.1831526251772045,0.013318174383778171,0.0,0.1964707996304669,0.1831526251772045,0.013318174383778171,1.0,1.0,10.13147265625,0,1,full_gpu
federated_self_distillation,5,3,1,True,True,3542026,3460,0,0.1464561756681222,0.012991147081732352,0.0,0.15944732272762077,0.1464561756681222,0.012991147081732352,1.0,1.0,17.588146484375,1,1,full_gpu
federated_self_distillation,5,4,1,False,False,1824241,1782,0,0.04721362157455028,0.00234563708097052,0.0,0.049559258687785025,0.04721362157455028,0.00234563708097052,1.0,1.0,9.0769765625,0,1,full_gpu
federated_self_distillation,5,5,1,False,False,2405287,2349,0,0.04572900731675971,0.0034701239006583893,0.0,0.049199131270412644,0.04572900731675971,0.0034701239006583893,1.0,1.0,11.5825283203125,1,1,full_gpu
federated_self_distillation,5,6,1,False,False,2552285,2493,0,0.007018457711052223,0.00037891236383000434,0.0,0.007397370072842245,0.007018457711052223,0.00037891236383000434,1.0,1.0,12.627478515625,1,1,full_gpu
federated_self_distillation,5,7,1,False,False,1733726,1694,0,0.0563507995321082,0.008333348021334137,0.0,0.06468414751617495,0.0563507995321082,0.008333348021334137,1.0,1.0,8.6685146484375,1,1,full_gpu
federated_self_distillation,5,8,1,True,True,12121531,11838,0,0.31830004253338695,0.010151740274703147,0.0,0.32845178265491,0.31830004253338695,0.010151740274703147,1.0,1.0,58.827765625,0,1,full_gpu
federated_self_distillation,5,9,1,False,False,4136478,4040,0,0.06476651885012623,0.005842287437231138,0.0,0.07060880622380128,0.06476651885012623,0.005842287437231138,1.0,1.0,20.09374609375,1,1,full_gpu
federated_self_distillation,5,10,1,False,False,3767327,3680,0,0.03794436280652984,0.003245828972034424,0.0,0.041190191783072386,0.03794436280652984,0.003245828972034424,1.0,1.0,17.69002734375,1,1,full_gpu
federated_self_distillation,6,1,1,True,True,29942,30,0,0.7073360088572904,0.27149878106473835,0.0,0.9788347904763061,0.7073360088572904,0.27149878106473835,1.0,1.0,0.16112229919433593,0,1,full_gpu
federated_self_distillation,6,2,1,True,True,2101011,2052,0,0.1738764448736577,0.012686982812255882,0.0,0.18656342749481658,0.1738764448736577,0.012686982812255882,1.0,1.0,10.1694453125,0,1,full_gpu
federated_self_distillation,6,3,1,True,True,3542026,3460,0,0.13364578641737568,0.009564577877490437,0.0,0.14321036428101905,0.13364578641737568,0.009564577877490437,1.0,1.0,17.389888671875,1,1,full_gpu
federated_self_distillation,6,4,1,False,False,1824241,1782,0,0.043344413593230414,0.0015244212830861676,0.0,0.04486883484760409,0.043344413593230414,0.0015244212830861676,1.0,1.0,8.9327490234375,0,1,full_gpu
federated_self_distillation,6,5,1,False,False,2405287,2349,0,0.0409649081467914,0.0019167804320694938,0.0,0.042881688572799885,0.0409649081467914,0.0019167804320694938,1.0,1.0,11.6777353515625,1,1,full_gpu
federated_self_distillation,6,6,1,False,False,2552285,2493,0,0.006006960052463471,0.000220229222808218,0.0,0.006227189280227396,0.006006960052463471,0.000220229222808218,1.0,1.0,12.4950634765625,1,1,full_gpu
federated_self_distillation,6,7,1,False,False,1733726,1694,0,0.04512543156441627,0.004740226047265875,0.0,0.04986565760924335,0.04512543156441627,0.004740226047265875,1.0,1.0,8.6547705078125,1,1,full_gpu
federated_self_distillation,6,8,1,True,True,12121531,11838,0,0.30944592572963003,0.008411308798330894,0.0,0.31785723448915465,0.30944592572963003,0.008411308798330894,1.0,1.0,58.703296875,0,1,full_gpu
federated_self_distillation,6,9,1,False,False,4136478,4040,0,0.05678973959173103,0.003625205187235619,0.0,0.06041494475460106,0.05678973959173103,0.003625205187235619,1.0,1.0,20.249783203125,1,1,full_gpu
federated_self_distillation,6,10,1,False,False,3767327,3680,0,0.033134292977630785,0.0027269362070823397,0.0,0.03586122919842984,0.033134292977630785,0.0027269362070823397,1.0,1.0,17.489345703125,1,1,full_gpu
federated_self_distillation,7,1,1,True,True,29942,30,0,0.6909916482845406,0.27136789736631023,0.0,0.9623595514610259,0.6909916482845406,0.27136789736631023,1.0,1.0,0.1573329620361328,0,1,full_gpu
federated_self_distillation,7,2,1,True,True,2101011,2052,0,0.1671609341470745,0.012335132141361688,0.0,0.17949606622799452,0.1671609341470745,0.012335132141361688,1.0,1.0,10.234845703125,0,1,full_gpu
federated_self_distillation,7,3,1,True,True,3542026,3460,0,0.12585815584857962,0.007932463995888626,0.0,0.13379061985671892,0.12585815584857962,0.007932463995888626,1.0,1.0,17.412498046875,1,1,full_gpu
federated_self_distillation,7,4,1,False,False,1824241,1782,0,0.040858321285080657,0.0012741543034000935,0.0,0.04213247559334811,0.040858321285080657,0.0012741543034000935,1.0,1.0,8.8813115234375,0,1,full_gpu
federated_self_distillation,7,5,1,False,False,2405287,2349,0,0.03829471849082092,0.0011616202666196777,0.0,0.03945633869842057,0.03829471849082092,0.0011616202666196777,1.0,1.0,11.754208984375,1,1,full_gpu
federated_self_distillation,7,6,1,False,False,2552285,2493,0,0.005332437894024123,0.00017360259223287385,0.0,0.005506040487142706,0.005332437894024123,0.00017360259223287385,1.0,1.0,12.438275390625,1,1,full_gpu
federated_self_distillation,7,7,1,False,False,1733726,1694,0,0.03903063835709434,0.003133374894211715,0.0,0.04216401324029548,0.03903063835709434,0.003133374894211715,1.0,1.0,8.4937314453125,1,1,full_gpu
federated_self_distillation,7,8,1,True,True,12121531,11838,0,0.3037892696115263,0.008098038912593678,0.0,0.3118873085095406,0.3037892696115263,0.008098038912593678,1.0,1.0,58.5715078125,0,1,full_gpu
federated_self_distillation,7,9,1,False,False,4136478,4040,0,0.05209865855275346,0.002597004632063381,0.0,0.054695663223479254,0.05209865855275346,0.002597004632063381,1.0,1.0,20.03148828125,1,1,full_gpu
federated_self_distillation,7,10,1,False,False,3767327,3680,0,0.029411511292694394,0.0016841498098308892,0.0,0.031095661091112968,0.029411511292694394,0.0016841498098308892,1.0,1.0,17.611251953125,1,1,full_gpu
federated_self_distillation,8,1,1,True,True,29942,30,0,0.6804775019525231,0.26627954816352145,0.0,0.9467570315930769,0.6804775019525231,0.26627954816352145,1.0,1.0,0.16827392578125,0,1,full_gpu
federated_self_distillation,8,2,1,True,True,2101011,2052,0,0.1622583514048918,0.012224634145585939,0.0,0.17448298556160502,0.1622583514048918,0.012224634145585939,1.0,1.0,10.0687451171875,0,1,full_gpu
federated_self_distillation,8,3,1,True,True,3542026,3460,0,0.12076693149195793,0.0072025747761648206,0.0,0.1279695063329101,0.12076693149195793,0.0072025747761648206,1.0,1.0,17.249294921875,1,1,full_gpu
federated_self_distillation,8,4,1,False,False,1824241,1782,0,0.03905984918052179,0.0011848667365080405,0.0,0.04024471593581432,0.03905984918052179,0.0011848667365080405,1.0,1.0,9.057013671875,0,1,full_gpu
federated_self_distillation,8,5,1,False,False,2405287,2349,0,0.03671555941369932,0.0008112646103494032,0.0,0.03752682402760741,0.03671555941369932,0.0008112646103494032,1.0,1.0,12.1208212890625,1,1,full_gpu
federated_self_distillation,8,6,1,False,False,2552285,2493,0,0.004842411403655571,0.00015611883022290723,0.0,0.004998530232831023,0.004842411403655571,0.00015611883022290723,1.0,1.0,12.6633974609375,1,1,full_gpu
federated_self_distillation,8,7,1,False,False,1733726,1694,0,0.03537925117627386,0.0022572888941444933,0.0,0.03763654002417227,0.03537925117627386,0.0022572888941444933,1.0,1.0,8.2674853515625,1,1,full_gpu
federated_self_distillation,8,8,1,True,True,12121531,11838,0,0.2988047155813755,0.007098678668529928,0.0,0.30590339423512347,0.2988047155813755,0.007098678668529928,1.0,1.0,58.65446484375,0,1,full_gpu
federated_self_distillation,8,9,1,False,False,4136478,4040,0,0.04906898360782701,0.0020872612084786232,0.0,0.05115624484373538,0.04906898360782701,0.0020872612084786232,1.0,1.0,20.18278515625,1,1,full_gpu
federated_self_distillation,8,10,1,False,False,3767327,3680,0,0.02702035671825343,0.0014133488293348049,0.0,0.028433705542715945,0.02702035671825343,0.0014133488293348049,1.0,1.0,17.4964375,1,1,full_gpu
federated_self_distillation,9,1,1,True,True,29942,30,0,0.6698818092602271,0.26562483585627805,0.0,0.9355066474346716,0.6698818092602271,0.26562483585627805,1.0,1.0,0.17294444274902343,0,1,full_gpu
federated_self_distillation,9,2,1,True,True,2101011,2052,0,0.15795307389842944,0.011790757882100223,0.0,0.1697438317487454,0.15795307389842944,0.011790757882100223,1.0,1.0,10.081638671875,0,1,full_gpu
federated_self_distillation,9,3,1,True,True,3542026,3460,0,0.11690152286105478,0.006861647193096431,0.0,0.12376316996064621,0.11690152286105478,0.006861647193096431,1.0,1.0,17.2952734375,1,1,full_gpu
federated_self_distillation,9,4,1,False,False,1824241,1782,0,0.03757106144026061,0.0011510751366938209,0.0,0.03872213662964072,0.03757106144026061,0.0011510751366938209,1.0,1.0,8.99478125,0,1,full_gpu
federated_self_distillation,9,5,1,False,False,2405287,2349,0,0.035683586208292914,0.0006584691301195996,0.0,0.03634205529140545,0.035683586208292914,0.0006584691301195996,1.0,1.0,11.9199208984375,1,1,full_gpu
federated_self_distillation,9,6,1,False,False,2552285,2493,0,0.00445575391361715,0.00015222232150988648,0.0,0.004607976236968645,0.00445575391361715,0.00015222232150988648,1.0,1.0,12.36507421875,1,1,full_gpu
federated_self_distillation,9,7,1,False,False,1733726,1694,0,0.03293797858680429,0.0019115504605458048,0.0,0.034849529062239246,0.03293797858680429,0.0019115504605458048,1.0,1.0,8.4788837890625,1,1,full_gpu
federated_self_distillation,9,8,1,True,True,12121531,11838,0,0.2944279274755798,0.006522848462031227,0.0,0.3009507758725564,0.2944279274755798,0.006522848462031227,1.0,1.0,58.62199609375,0,1,full_gpu
federated_self_distillation,9,9,1,False,False,4136478,4040,0,0.04699220722918486,0.0017970079208424368,0.0,0.04878921512157863,0.04699220722918486,0.0017970079208424368,1.0,1.0,20.0684140625,1,1,full_gpu
federated_self_distillation,9,10,1,False,False,3767327,3680,0,0.025295327680595135,0.001253566171445695,0.0,0.026548893853307446,0.025295327680595135,0.001253566171445695,1.0,1.0,17.7389765625,1,1,full_gpu
federated_self_distillation,10,1,1,True,True,29942,30,0,0.6588553961994222,0.2652004634377255,0.0,0.9240558566386854,0.6588553961994222,0.2652004634377255,1.0,1.0,0.15006719970703125,0,1,full_gpu
federated_self_distillation,10,2,1,True,True,2101011,2052,0,0.15407296244583196,0.0115189614064255,0.0,0.16559192392131505,0.15407296244583196,0.0115189614064255,1.0,1.0,10.277822265625,0,1,full_gpu
federated_self_distillation,10,3,1,True,True,3542026,3460,0,0.11378973195097167,0.006641008632844774,0.0,0.12043074048926082,0.11378973195097167,0.006641008632844774,1.0,1.0,17.316560546875,1,1,full_gpu
federated_self_distillation,10,4,1,False,False,1824241,1782,0,0.03645081722003079,0.001121925557841435,0.0,0.03757274276916469,0.03645081722003079,0.001121925557841435,1.0,1.0,8.760923828125,0,1,full_gpu
federated_self_distillation,10,5,1,False,False,2405287,2349,0,0.034989380539939836,0.0005957601846207964,0.0,0.03558514069891585,0.034989380539939836,0.0005957601846207964,1.0,1.0,12.008720703125,1,1,full_gpu
federated_self_distillation,10,6,1,False,False,2552285,2493,0,0.00418167760822412,0.00014562504873085917,0.0,0.0043273026566511795,0.00418167760822412,0.00014562504873085917,1.0,1.0,12.383578125,1,1,full_gpu
federated_self_distillation,10,7,1,False,False,1733726,1694,0,0.03129997356250425,0.001806136103351967,0.0,0.03310610964984833,0.03129997356250425,0.001806136103351967,1.0,1.0,8.2939599609375,1,1,full_gpu
federated_self_distillation,10,8,1,True,True,12121531,11838,0,0.29078668570573757,0.006140040761950686,0.0,0.2969267265919732,0.29078668570573757,0.006140040761950686,1.0,1.0,59.12916015625,0,1,full_gpu
federated_self_distillation,10,9,1,False,False,4136478,4040,0,0.045388421339555764,0.0016466310371426496,0.0,0.047035052366881706,0.045388421339555764,0.0016466310371426496,1.0,1.0,20.337134765625,1,1,full_gpu
federated_self_distillation,10,10,1,False,False,3767327,3680,0,0.02398456710967837,0.0011505892785030783,0.0,0.0251351563955455,0.02398456710967837,0.0011505892785030783,1.0,1.0,18.0032578125,1,1,full_gpu
