round,mean_cross_entropy_loss,mean_distillation_kl_loss,mean_total_loss,mean_local_accuracy,min_local_accuracy,max_local_accuracy,std_local_accuracy,mean_local_macro_f1,min_local_macro_f1,max_local_macro_f1,selection_threshold_accuracy,selected_clients_current,selected_clients_current_count,selected_clients_next,selected_clients_next_count,global_validation_loss,round_seconds,cumulative_training_seconds,communication_bytes_round,communication_mib_round,communication_bytes_cumulative,communication_mib_cumulative,gpu_0_peak_allocated_bytes,gpu_1_peak_allocated_bytes,gpu_0_peak_reserved_bytes,gpu_1_peak_reserved_bytes,gpu_peak_allocated_max_bytes,gpu_peak_allocated_total_bytes,gpu_peak_reserved_max_bytes,gpu_peak_reserved_total_bytes,gpu_0_peak_allocated_mib,gpu_1_peak_allocated_mib,gpu_0_peak_reserved_mib,gpu_1_peak_reserved_mib,gpu_peak_allocated_max_mib,gpu_peak_allocated_total_mib,gpu_peak_reserved_max_mib,gpu_peak_reserved_total_mib,predicted_gpu_0_seconds,predicted_gpu_1_seconds,actual_gpu_0_seconds,actual_gpu_1_seconds,worker_idle_seconds,global_validation_accuracy,global_validation_macro_precision,global_validation_macro_recall,global_validation_macro_f1,global_validation_weighted_precision,global_validation_weighted_recall,global_validation_weighted_f1,global_validation_multiclass_macro_fpr,global_validation_multiclass_macro_fnr,global_validation_binary_attack_accuracy,global_validation_binary_attack_precision,global_validation_binary_attack_recall,global_validation_binary_attack_f1,global_validation_binary_attack_fpr,global_validation_binary_attack_fnr
1,0.3454705732247062,0.10150077179861977,0.4469713450202879,0.9536783933437553,0.8698967676001367,0.9972754072000715,0.04417750476829091,0.18251713020592236,0.09389618549353698,0.29404354604666305,0.9536783933437553,"[1, 2, 3, 4, 5, 6, 7, 8, 9, 10]",10,"[1, 2, 3, 8]",4,0.6293822434481905,89.60804571699987,89.60804571699987,3202720,3.054351806640625,3202720,3.054351806640625,2661700608,2825060352,4236247040,3860856832,2825060352,5486760960,4236247040,8097103872,2538.3955078125,2694.1875,4040.0,3682.0,2694.1875,5232.5830078125,4040.0,7722.0,97.17520263290405,97.03700708770752,78.86852408699997,88.94785025399983,10.079326166999863,0.7259360040872086,0.403737358176633,0.3790325569311174,0.364048830202132,0.7040851815040985,0.7259360040872086,0.6863243260844769,0.008746872209345922,0.6209674430688824,0.9805757632973111,0.9978384860391152,0.9822390327334922,0.9899773115538003,0.08898506610862741,0.01776096726650776
2,0.2433987455418801,0.03878676005855232,0.282185505636303,0.9670369666444847,0.8760380451990507,0.998265491468898,0.03447930191087503,0.19119883664552276,0.09926269653903745,0.302637503662386,0.9670369666444847,"[1, 2, 3, 8]",4,"[1, 2, 3, 8]",4,0.6460212089877265,89.02673632599999,178.63478204299986,1281088,1.22174072265625,4483808,4.276092529296875,2661862400,2825684480,4236247040,3860856832,2825684480,5487546880,4236247040,8097103872,2538.5498046875,2694.78271484375,4040.0,3682.0,2694.78271484375,5233.33251953125,4040.0,7722.0,97.17520263290405,97.03700708770752,78.49197378099984,88.38242870199997,9.890454921000128,0.7071592789630929,0.39072962822746327,0.3764294330271132,0.35047285688823754,0.6828728578250808,0.7071592789630929,0.6593536061633808,0.009338104532585195,0.6235705669728868,0.9805768739518198,0.9978885305905991,0.9821907012500227,0.9899773906714312,0.08691619899172454,0.017809298749977255
3,0.19659495009389036,0.01903215611158716,0.21562710627789003,0.9686087704452679,0.8781870221230199,0.9985707054164309,0.034022023462805216,0.19271642127797922,0.10166428819757346,0.30836787091411555,0.9686087704452679,"[1, 2, 3, 8]",4,"[1, 2, 3, 8]",4,0.6792254636909362,89.552495722,268.18727776499986,1281088,1.22174072265625,5764896,5.497833251953125,2661862400,2825684480,4236247040,3860856832,2825684480,5487546880,4236247040,8097103872,2538.5498046875,2694.78271484375,4040.0,3682.0,2694.78271484375,5233.33251953125,4040.0,7722.0,97.17520263290405,97.03700708770752,78.99629034700001,88.89869016000011,9.902399813000102,0.669751879782756,0.39061513761841055,0.36712772674683103,0.32332670336837604,0.6975448953040814,0.669751879782756,0.5958480309055602,0.010480879003090478,0.632872273253169,0.981346002199096,0.9973195264054613,0.9835434141814807,0.9903835666086377,0.11055360030438505,0.01645658581851926
4,0.1737464222130399,0.011387980584407462,0.18513440276357018,0.9688523743971835,0.8805773866810455,0.9987047017836406,0.033983948097571756,0.1935305089733102,0.08114452080430788,0.3080123284102259,0.9688523743971835,"[1, 2, 3, 8]",4,"[1, 2, 3, 8]",4,0.7151943520861888,88.70344285099986,356.8907206159997,1281088,1.22174072265625,7045984,6.719573974609375,2661862400,2825684480,4236247040,3860856832,2825684480,5487546880,4236247040,8097103872,2538.5498046875,2694.78271484375,4040.0,3682.0,2694.78271484375,5233.33251953125,4040.0,7722.0,97.17520263290405,97.03700708770752,78.06125715200005,88.04439754700002,9.983140394999964,0.6650349300842987,0.3805110483176691,0.3690675334490804,0.3198065873291009,0.6729223501509513,0.6650349300842987,0.5885031913426167,0.010626853219340626,0.6309324665509196,0.982081810811111,0.9964377936634825,0.985175312505686,0.990774547976868,0.14729382669076382,0.014824687494313944
5,0.1609386069213241,0.00787438159043867,0.1688129884646067,0.969386044351452,0.8823564448930841,0.998749367239377,0.03358809577883044,0.19282353111791622,0.07901655912838587,0.30887389913789887,0.969386044351452,"[1, 2, 3, 8]",4,"[1, 2, 3, 8]",4,0.7608928065616318,89.56221262899999,446.4529332449997,1281088,1.22174072265625,8327072,7.941314697265625,2661862400,2825684480,4236247040,3860856832,2825684480,5487546880,4236247040,8097103872,2538.5498046875,2694.78271484375,4040.0,3682.0,2694.78271484375,5233.33251953125,4040.0,7722.0,97.17520263290405,97.03700708770752,78.806768035,88.9002809929998,10.093512957999792,0.6646828526050401,0.3666956974343895,0.37512460739211084,0.32106089043313224,0.6165976726609694,0.6646828526050401,0.5875016316358885,0.010633809014044622,0.624875392607889,0.9824261137088086,0.9962165485774706,0.9857496042504412,0.9909554379693264,0.15656805859412157,0.014250395749558761
6,0.15320511569268597,0.006198107131347704,0.1594032227944554,0.969620498890644,0.8821652157284421,0.9988014769377364,0.03382321017897953,0.19327021706273567,0.07779548286271402,0.3123513716881889,0.969620498890644,"[1, 2, 3, 8]",4,"[1, 2, 3, 8]",4,0.8152272167896623,89.25877112800003,535.7117043729997,1281088,1.22174072265625,9608160,9.163055419921875,2661862400,2825684480,4236247040,3860856832,2825684480,5487546880,4236247040,8097103872,2538.5498046875,2694.78271484375,4040.0,3682.0,2694.78271484375,5233.33251953125,4040.0,7722.0,97.17520263290405,97.03700708770752,78.542117297,88.60196622399985,10.059848926999848,0.6644796028299477,0.37273006369557465,0.3793672587993782,0.322066254971878,0.6197382634569908,0.6644796028299477,0.5870132663148797,0.01063757932233506,0.6206327412006217,0.9826910048091341,0.9961457581224845,0.9860924734802308,0.9910936222631725,0.15956434890136023,0.013907526519769283
7,0.14831161159087333,0.005505964232265166,0.15381757581965075,0.9698416081813159,0.8841245309399384,0.9988238096656046,0.03363363870132843,0.1945527463735111,0.08337924679474261,0.3154088001337747,0.9698416081813159,"[1, 2, 3, 8]",4,"[1, 2, 3, 8]",4,0.8715195908283713,89.05125304300009,624.7629574159998,1281088,1.22174072265625,10889248,10.384796142578125,2661862400,2825684480,4236247040,3860856832,2825684480,5487546880,4236247040,8097103872,2538.5498046875,2694.78271484375,4040.0,3682.0,2694.78271484375,5233.33251953125,4040.0,7722.0,97.17520263290405,97.03700708770752,78.43232839200004,88.38832807499989,9.955999682999845,0.6652326265868477,0.3746128995507198,0.38367552036124963,0.3244273266399377,0.6228028140466342,0.6652326265868477,0.5879298902741145,0.010611623704872447,0.6163244796387504,0.9830180925619467,0.9960895201896964,0.9864848114048654,0.9912639004827423,0.16196613716351185,0.013515188595134555
8,0.14465023849539574,0.004898566465940884,0.14954880494888972,0.9700755419507509,0.8851182956152093,0.9988163654229819,0.033597980115864394,0.19539900142290972,0.08167637212704307,0.3185175643473276,0.9700755419507509,"[1, 2, 3, 8]",4,"[1, 2, 3, 8]",4,0.9341867311130815,89.2964575640001,714.0594149799999,1281088,1.22174072265625,12170336,11.606536865234375,2661862400,2825684480,4236247040,3860856832,2825684480,5487546880,4236247040,8097103872,2538.5498046875,2694.78271484375,4040.0,3682.0,2694.78271484375,5233.33251953125,4040.0,7722.0,97.17520263290405,97.03700708770752,78.53930609700001,88.63732434899998,10.098018251999974,0.6651093439363817,0.35985466823784396,0.3866315824755787,0.324567496909338,0.6236264423056129,0.6651093439363817,0.5890201460437536,0.010609467404926784,0.6133684175244213,0.9831280473583083,0.9961588943127522,0.9865285940428319,0.9913203560533816,0.1590887472652906,0.013471405957168071
9,0.14168026651500512,0.004549006260400287,0.14622927273985045,0.970687463792545,0.8860775763427579,0.9988759193639639,0.03314388143359706,0.19618981379362105,0.08397467345268016,0.32000712492789524,0.970687463792545,"[1, 2, 3, 8]",4,"[1, 2, 3, 8]",4,0.9958204582361203,89.18971277300011,803.249127753,1281088,1.22174072265625,13451424,12.828277587890625,2661862400,2825684480,4236247040,3860856832,2825684480,5487546880,4236247040,8097103872,2538.5498046875,2694.78271484375,4040.0,3682.0,2694.78271484375,5233.33251953125,4040.0,7722.0,97.17520263290405,97.03700708770752,78.46325859700005,88.51613778199999,10.052879184999938,0.6659334495818385,0.36113060331776026,0.3888496087601492,0.32805783429688357,0.6248699230551471,0.6659334495818385,0.5919259407708958,0.0105802752448335,0.6111503912398508,0.9834051556582294,0.9960352870356928,0.9869368529267272,0.9914651968933922,0.16429658518025303,0.013063147073272803
10,0.139269938821695,0.00433216247058804,0.14360210132466633,0.9712351931757288,0.8868315208361417,0.9989280290623233,0.03283099616347477,0.1984135983892544,0.08429035008112641,0.3217108944877627,0.9712351931757288,"[1, 2, 3, 8]",4,"[1, 2, 3, 8]",4,1.0542427407440993,89.6601765219998,892.9093042749998,1281088,1.22174072265625,14732512,14.050018310546875,2661862400,2825684480,4236247040,3860856832,2825684480,5487546880,4236247040,8097103872,2538.5498046875,2694.78271484375,4040.0,3682.0,2694.78271484375,5233.33251953125,4040.0,7722.0,97.17520263290405,97.03700708770752,78.91440099600004,88.98696165499996,10.072560658999919,0.6673456467896531,0.36354749814516013,0.39213459026137454,0.3324517680627545,0.6248892187663058,0.6673456467896531,0.5950197306087222,0.01053386390633091,0.6078654097386255,0.9833907171496162,0.9961775951626115,0.9867799177568733,0.9914564876163489,0.15835156472938267,0.013220082243126695
