,BACKDOOR_MALWARE,BENIGN,BROWSERHIJACKING,COMMANDINJECTION,DDOS-ACK_FRAGMENTATION,DDOS-HTTP_FLOOD,DDOS-ICMP_FLOOD,DDOS-ICMP_FRAGMENTATION,DDOS-PSHACK_FLOOD,DDOS-RSTFINFLOOD,DDOS-SLOWLORIS,DDOS-SYNONYMOUSIP_FLOOD,DDOS-SYN_FLOOD,DDOS-TCP_FLOOD,DDOS-UDP_FLOOD,DDOS-UDP_FRAGMENTATION,DICTIONARYBRUTEFORCE,DNS_SPOOFING,DOS-HTTP_FLOOD,DOS-SYN_FLOOD,DOS-TCP_FLOOD,DOS-UDP_FLOOD,MIRAI-GREETH_FLOOD,MIRAI-GREIP_FLOOD,MIRAI-UDPPLAIN,MITM-ARPSPOOFING,RECON-HOSTDISCOVERY,RECON-OSSCAN,RECON-PINGSWEEP,RECON-PORTSCAN,SQLINJECTION,UPLOADING_ATTACK,VULNERABILITYSCAN,XSS
BACKDOOR_MALWARE,0,605,0,0,0,0,21,14,0,582,2,0,0,3,0,8,0,1344,6,0,0,0,0,13,0,916,624,1217,0,113,0,0,692,0
BENIGN,0,332068,0,0,208,320,3215,596,75,205551,1629,15,8,357,923,2661,0,517306,963,68,4,453,4,586,101,405359,66345,418963,0,19281,0,0,125571,0
BROWSERHIJACKING,0,1483,0,0,2,1,39,21,0,1077,6,0,0,0,12,17,0,2811,3,0,0,7,0,8,6,1923,616,2217,0,166,0,0,845,0
COMMANDINJECTION,0,1285,0,0,3,0,27,15,2,974,4,2,0,6,3,30,0,2308,7,1,1,0,0,34,0,1784,768,2049,0,151,0,0,886,0
DDOS-ACK_FRAGMENTATION,0,229,0,0,159940,24,15,55369,56951,82247,309,32,26,368,4052,30818,0,539,3782,497,290,564,10,13858,515,52584,39,76424,0,5693,0,0,355,0
DDOS-HTTP_FLOOD,0,21,0,0,59,6656,2,2364,2505,8098,1121,1205,427,580,2408,60,0,32,14640,1914,249,123,114,3722,88,634,261,7226,0,564,0,0,117,0
DDOS-ICMP_FLOOD,0,178,0,0,718,173,8058274,1719,199791,2857,562,572,31,1366793,461512,2272,0,15272,1763,1108635,211,1077,32629,1257957,1081,5229,207,166879,0,1099432,0,0,566,0
DDOS-ICMP_FRAGMENTATION,0,199,0,0,46924,103,68636,247541,476,3256,3563,56,21,907,10556,172810,0,890,10993,1191,204,2111,14460,127986,40692,19143,34,86809,0,1358,0,0,5311,0
DDOS-PSHACK_FLOOD,0,1139,0,0,222,121,25,13292,4657973,1484072,381,7668,378,216,73146,305,0,2018,5310,789294,1903,542,5,4117,205,609,362,784318,0,12821,0,0,228,0
DDOS-RSTFINFLOOD,0,2795,0,0,560,1345,123,13084,3010508,3092372,262,8565,133,3700,1113,209,0,2644,175528,648389,162,1691,55,1173,346,644,942,778388,0,594,0,0,235,0
DDOS-SLOWLORIS,0,694,0,0,496,2149,58,2049,2652,5020,3552,734,30,507,2222,319,0,515,7117,1940,748,888,81,3001,163,2649,236,5608,0,763,0,0,609,0
DDOS-SYNONYMOUSIP_FLOOD,0,105,0,0,164,41,63896,276,1294994,748889,190,1371271,1376685,875,575855,274,0,379,772,692705,92,41682,10,506,194,835,802,699616,0,19881,0,0,261,0
DDOS-SYN_FLOOD,0,20,0,0,154,141,69137,1086,1439463,899458,475,1480384,1551363,6102,591001,313,0,397,16990,824555,100,51687,5,736,476,1129,2131,805859,0,28815,0,0,123,0
DDOS-TCP_FLOOD,0,71,0,0,213,197,647505,853,1577195,272027,545,462,856629,1717019,837744,271,0,2462,1954,860540,860251,71611,50,40917,634,1374,1148,852454,0,7722,0,0,132,0
DDOS-UDP_FLOOD,0,63,0,0,242,273,954213,4410,868410,81986,661,3319,49,60249,3105178,2065,0,947064,2331,1540,165,3118797,50,153184,744,60021,475,995722,0,514,0,0,215,0
DDOS-UDP_FRAGMENTATION,0,575,0,0,628,45,20571,63929,92,3346,2725,11,2,250,10848,202771,0,42438,3234,454,149,635,144,70765,54559,13652,21,55169,0,1415,0,0,1332,0
DICTIONARYBRUTEFORCE,0,2714,0,0,6,0,83,24,5,2388,12,11,0,3,16,31,0,5488,22,3,0,14,0,32,0,3921,2216,4959,0,516,0,0,2576,0
DNS_SPOOFING,0,37836,0,0,216,12,8074,273,112,25940,100,10,1,85,4665,1749,0,95991,99,11,61,3981,10,576,595,59879,12454,64850,0,3283,0,0,22067,0
DOS-HTTP_FLOOD,0,132,0,0,672,3872,7,5883,8529,19237,3346,2040,1713,2527,6191,431,0,165,42816,6058,314,542,696,7416,328,2956,911,17187,0,3257,0,0,364,0
DOS-SYN_FLOOD,0,76,0,0,396,940,22693,2196,718310,473099,1778,673314,764894,5078,286027,1012,0,395,30655,446426,409,26909,17,2900,1318,1927,3517,409947,0,9710,0,0,327,0
DOS-TCP_FLOOD,0,443,0,0,750,410,356675,1295,938140,186823,572,1092,500366,1000186,488165,407,0,7356,2255,511334,510676,39357,13,16897,1236,5386,4880,529983,0,11194,0,0,499,0
DOS-UDP_FLOOD,0,89,0,0,382,719,500057,1835,352948,137168,735,3367,25,55268,1837764,8622,0,579016,3192,1579,229,1883785,71,123352,63224,171887,970,627140,0,645,3,0,358,0
MIRAI-GREETH_FLOOD,0,158,0,0,498,28,51398,181748,457,3132,1014,6335,3,199,32397,99625,0,14125,2291,429,168,790,505074,531437,200162,76600,118,189975,0,160,0,0,319,0
MIRAI-GREIP_FLOOD,0,287,0,0,1025,79,45202,126853,3844,3872,1550,10354,2,128,40849,29840,0,81489,3533,758,358,1578,286990,477991,174325,2421,261,144316,0,349,0,0,946,0
MIRAI-UDPPLAIN,0,63,0,0,1098,238,136126,1011,2048,27799,284,629,26,1899,299989,54586,0,286026,1974,802,52,170130,289,58180,339726,148390,1517,171848,0,285,0,0,245,0
MITM-ARPSPOOFING,0,84989,0,0,273,14,6150,363,103,50432,127,13,0,65,1777,4852,0,160346,92,11,0,1029,13,2495,631,117119,11759,114253,0,7428,0,0,24566,0
RECON-HOSTDISCOVERY,0,11371,0,0,7,18,1193,1524,285,25509,66,1822,288,103,163,221,0,28272,4055,27,0,13,7,230,10,23079,57813,50857,0,22659,0,0,27758,0
RECON-OSSCAN,0,16795,0,0,16,131,1342,180,911,17407,243,1647,706,122,246,209,0,30654,990,221,0,25,1,151,30,24773,18774,37421,0,11655,0,0,23280,0
RECON-PINGSWEEP,0,459,0,0,1,2,105,26,1,378,4,0,0,19,9,12,0,878,5,0,0,0,2,24,2,636,275,810,0,79,0,0,593,0
RECON-PORTSCAN,0,10528,0,0,18,95,1516,242,1116,14312,150,1905,884,73,173,144,0,22262,974,273,0,30,0,133,24,17933,20537,31343,0,13143,0,0,19652,0
SQLINJECTION,0,728,0,0,0,7,44,7,0,944,15,1,0,2,15,13,0,1765,27,0,0,5,0,17,2,1258,943,1990,0,307,0,0,1950,0
UPLOADING_ATTACK,0,228,0,0,0,0,13,8,0,210,0,0,0,2,0,15,0,524,2,0,0,1,0,16,0,376,211,468,0,35,0,0,281,0
VULNERABILITYSCAN,0,59732,0,0,37,527,2634,779,181,68067,883,541,107,422,808,940,0,133517,2585,13,4,244,8,979,106,94758,60754,141758,0,22145,0,0,122621,0
XSS,0,768,0,0,2,0,26,15,1,694,1,2,0,9,0,10,0,1620,9,0,0,1,0,24,0,1135,725,1465,0,146,0,0,757,0
