round,model_state_bytes,participating_clients,download_bytes,upload_bytes,total_bytes_round,total_mib_round,cumulative_bytes,cumulative_mib
1,160136,10,1601360,1601360,3202720,3.054351806640625,3202720,3.054351806640625
2,160136,10,1601360,1601360,3202720,3.054351806640625,6405440,6.10870361328125
3,160136,10,1601360,1601360,3202720,3.054351806640625,9608160,9.163055419921875
4,160136,10,1601360,1601360,3202720,3.054351806640625,12810880,12.2174072265625
5,160136,10,1601360,1601360,3202720,3.054351806640625,16013600,15.271759033203125
6,160136,10,1601360,1601360,3202720,3.054351806640625,19216320,18.32611083984375
7,160136,10,1601360,1601360,3202720,3.054351806640625,22419040,21.380462646484375
8,160136,10,1601360,1601360,3202720,3.054351806640625,25621760,24.434814453125
9,160136,10,1601360,1601360,3202720,3.054351806640625,28824480,27.489166259765625
10,160136,10,1601360,1601360,3202720,3.054351806640625,32027200,30.54351806640625
