round,train_hard_loss,train_soft_loss,train_proximal_loss,train_total_loss,best_local_client_accuracy,worst_local_client_accuracy,mean_local_client_accuracy,best_local_client_macro_f1,worst_local_client_macro_f1,validation_loss,validation_accuracy,validation_macro_precision,validation_macro_recall,validation_macro_f1,validation_weighted_precision,validation_weighted_recall,validation_weighted_f1,validation_multiclass_macro_fpr,validation_multiclass_macro_fnr,validation_binary_attack_accuracy,validation_binary_attack_precision,validation_binary_attack_recall,validation_binary_attack_f1,validation_binary_attack_fpr,validation_binary_attack_fnr,round_seconds,cumulative_training_seconds,communication_bytes_round,communication_mib_round,communication_bytes_cumulative,communication_mib_cumulative,cuda_gpu0_peak_allocated_bytes,cuda_gpu0_peak_allocated_mib,cuda_gpu1_peak_allocated_bytes,cuda_gpu1_peak_allocated_mib,cuda_peak_allocated_max_device_bytes,cuda_peak_allocated_max_device_mib,cuda_peak_allocated_sum_devices_bytes,cuda_peak_allocated_sum_devices_mib,cuda_gpu0_peak_reserved_bytes,cuda_gpu0_peak_reserved_mib,cuda_gpu1_peak_reserved_bytes,cuda_gpu1_peak_reserved_mib,cuda_peak_reserved_max_device_bytes,cuda_peak_reserved_max_device_mib,cuda_peak_reserved_sum_devices_bytes,cuda_peak_reserved_sum_devices_mib
1,0.5588921672419258,0.45970328393618237,0.3004429211064478,0.5393420178025286,0.9973572938689218,0.876425855513308,0.9593547361838379,0.30018599666982415,0.02748410174880763,3.166615047567189,0.23190910403500783,0.025920709410348155,0.05626949304290546,0.026824334038329168,0.09008635013438039,0.23190910403500786,0.10312179792319139,0.026072892195317877,0.9437305069570945,0.9766473783000322,0.9766473783000322,1.0,0.9881857422035226,1.0,0.0,545.9148430680001,545.918155399,3202720,3.054351806640625,3202720,3.054351806640625,96663552,92.185546875,96663552,92.185546875,96663552,92.185546875,193327104,184.37109375,123731968,118.0,121634816,116.0,123731968,118.0,245366784,234.0
2,0.4839264137150057,0.4270322996951623,0.14447479498305685,0.4699268361624063,0.9985334842033171,0.876425855513308,0.9551603883076348,0.3070429230687676,0.02747481971512009,2.6904649918547436,0.36893832535513177,0.1245872244765813,0.11639365608174229,0.08887766842060989,0.25215154060168776,0.36893832535513177,0.2542158299502819,0.021197216047437725,0.8836063439182577,0.959341159745438,0.9878344710055664,0.970318783092851,0.9789982881034665,0.4997621991819652,0.029681216907148967,530.215236254,1076.1591003950002,3202720,3.054351806640625,6405440,6.10870361328125,96665088,92.18701171875,96665088,92.18701171875,96665088,92.18701171875,193330176,184.3740234375,123731968,118.0,123731968,118.0,123731968,118.0,247463936,236.0
3,0.4325210669973579,0.37378807966493466,0.06594458811384529,0.4097490322169376,0.9990396927016645,0.8870697735658596,0.9722668416732925,0.3230164252960095,0.07603430743180588,1.9025669879522127,0.4960727256572298,0.16724348098062114,0.2229882808996846,0.17440005285477767,0.34325227761822863,0.49607272565722976,0.38292266072788694,0.016204776785994926,0.7770117191003154,0.9561158190521675,0.999488516602989,0.9555555050128277,0.9770283877779302,0.020450870350994008,0.044444494987172255,531.2344686509998,1607.4116897039999,3202720,3.054351806640625,9608160,9.163055419921875,96665088,92.18701171875,96665088,92.18701171875,96665088,92.18701171875,193330176,184.3740234375,123731968,118.0,123731968,118.0,123731968,118.0,247463936,236.0
4,0.3712538968869358,0.27030019700552216,0.037657384471204834,0.3245427853972989,0.9993076854360837,0.8875713582600027,0.9763820113302127,0.3354724619813584,0.08635139132765594,1.605003878568968,0.5642119350933505,0.257446908815946,0.29111870757781905,0.23743176665080523,0.44933942303434726,0.5642119350933507,0.47635967120898215,0.013710143708802648,0.7088812924221809,0.9693253884514145,0.9989665953711205,0.9695949480521844,0.9840616539327062,0.041948064301341195,0.030405051947815644,528.9398172809997,2136.3701831999997,3202720,3.054351806640625,12810880,12.2174072265625,96665088,92.18701171875,96665088,92.18701171875,96665088,92.18701171875,193330176,184.3740234375,121634816,116.0,121634816,116.0,121634816,116.0,243269632,232.0
5,0.3367376463712755,0.22763695864042677,0.026195056320508118,0.2848068081896775,0.9990322484590418,0.8890526005598939,0.9769391887941307,0.3426070853800476,0.0862260415917988,1.4803141227094476,0.5798627231027245,0.2912211081683289,0.32658108471768194,0.27399876350954055,0.47195442939680815,0.5798627231027244,0.4933355482488397,0.013217859754429285,0.6734189152823181,0.9776325288492509,0.9984493164925894,0.9786175831074073,0.9884339848680983,0.06356415866070579,0.02138241689259266,526.6531117,2663.051396645,3202720,3.054351806640625,16013600,15.271759033203125,96665088,92.18701171875,96665088,92.18701171875,96665088,92.18701171875,193330176,184.3740234375,123731968,118.0,123731968,118.0,123731968,118.0,247463936,236.0
6,0.31704676800236375,0.21053426797263827,0.021271671054320443,0.2659176851312159,0.9994119048328023,0.8891968061594601,0.9775325859601262,0.3443712855649404,0.11241130866184615,1.4052531629205989,0.5830602974332775,0.27037976198672176,0.3314041375299841,0.2794877126559623,0.4641225537857828,0.5830602974332774,0.4990054316620242,0.013100139916362845,0.668595862470016,0.9798549485211635,0.9983161982881927,0.9810279026183155,0.989596549390293,0.06920003804813088,0.018972097381684528,526.6532827280002,3189.7338806469998,3202720,3.054351806640625,19216320,18.32611083984375,96665088,92.18701171875,96665088,92.18701171875,96665088,92.18701171875,193330176,184.3740234375,123731968,118.0,123731968,118.0,123731968,118.0,247463936,236.0
7,0.3048345020650212,0.20168158805357977,0.018259750728324083,0.25508402005572967,0.9991885775541196,0.8878817137895038,0.9777103111492711,0.3491685790143662,0.11255382695456939,1.3491618847950455,0.590249008740851,0.3060567023912516,0.33749668696165097,0.2882585147984789,0.48759114755032196,0.5902490087408511,0.5079354474699538,0.012861183746363587,0.6625033130383491,0.9800348745515732,0.998152821891316,0.9813736148765443,0.989692104964373,0.07595358128031961,0.018626385123455668,529.7792410199995,3719.544990419,3202720,3.054351806640625,22419040,21.380462646484375,96665088,92.18701171875,96665088,92.18701171875,96665088,92.18701171875,193330176,184.3740234375,123731968,118.0,121634816,116.0,123731968,118.0,245366784,234.0
8,0.297091706359489,0.19574115439868536,0.016032164921470776,0.24801964683724206,0.99927046422297,0.890190570834731,0.9779365139664215,0.3568014340508983,0.1130203226455549,1.2841173291279016,0.5988821262369914,0.362554976106535,0.35859922079610823,0.30672961659055653,0.6142912874527201,0.5988821262369916,0.51641266892074,0.012599553376309225,0.6414007792038918,0.9807890089629819,0.9980011715676477,0.9822970305136557,0.9900868326292618,0.08227908304004566,0.017702969486344367,526.5934358909999,4246.167649255,3202720,3.054351806640625,25621760,24.434814453125,96665088,92.18701171875,96665088,92.18701171875,96665088,92.18701171875,193330176,184.3740234375,123731968,118.0,123731968,118.0,123731968,118.0,247463936,236.0
9,0.2901148861004862,0.18830236739226447,0.014343712885411895,0.240642997972192,0.9993374624065747,0.8899178341572906,0.9775944559443615,0.3483255972638348,0.11629868427953627,1.229514760854365,0.6008657551895332,0.365932463748103,0.36979163070154447,0.31934447418197853,0.6040384320732873,0.6008657551895332,0.5182482709890273,0.01254017426968949,0.6302083692984555,0.9810300209913703,0.9977992693481865,0.9827439545843265,0.9902143896597954,0.09064967183487112,0.017256045415673504,525.2658601680005,4771.462538032,3202720,3.054351806640625,28824480,27.489166259765625,96665088,92.18701171875,96665088,92.18701171875,96665088,92.18701171875,193330176,184.3740234375,121634816,116.0,123731968,118.0,123731968,118.0,245366784,234.0
10,0.2850327385733986,0.18196759158367767,0.01336921324342214,0.23483708639389042,0.9995012357442754,0.8880306217455775,0.9782678858649367,0.3730207576556319,0.11629868427953627,1.1824894972569155,0.6016570965269834,0.4048599645453641,0.3786760172136951,0.33629250056089477,0.6024273082007715,0.6016570965269834,0.5206019778775558,0.012523800015083256,0.6213239827863051,0.980971156302409,0.997842249188173,0.9826410369548209,0.9901833045702382,0.08886616569961,0.017358963045179133,527.5204482140007,5299.016386903,3202720,3.054351806640625,32027200,30.54351806640625,96665088,92.18701171875,96665088,92.18701171875,96665088,92.18701171875,193330176,184.3740234375,123731968,118.0,123731968,118.0,123731968,118.0,247463936,236.0
