round,client_id,local_epoch,train_examples,optimizer_steps,sampler_padding_rows,hard_loss,soft_loss,proximal_loss,total_loss,epoch_seconds
1,1,1,29942,30,0,2.069863552540276,0.2198612332955191,0.030450318132829318,1.1479074284230275,1.4145960910000213
1,2,1,2101012,2052,1,0.6780580521467691,0.4444871484983074,0.44342731843697775,0.6056153325414112,31.288795406999952
1,3,1,3542026,3460,0,0.5160072503832182,0.4585498788413497,0.30540031028432885,0.517818595550326,52.325309714000014
1,4,1,1824242,1782,1,0.4779617361813224,0.4717746123501988,0.1869259570154718,0.4935607697597983,26.996982851999974
1,5,1,2405288,2349,1,0.42757240257368656,0.45513440857590653,0.1250444013621245,0.45385784612966107,35.286478479999914
1,6,1,2552286,2493,1,0.3528375693092437,0.4677282601229607,0.08077660257574534,0.4183605753012869,37.537616983000134
1,7,1,1733726,1694,0,0.46354447432843277,0.4642540187800488,0.13494582101846656,0.4773938288847395,25.502396399999952
1,8,1,12121532,11838,1,0.7268667595540214,0.454713550203676,0.4148551050140711,0.6322756653059648,176.78640848199984
1,9,1,4136478,4040,0,0.44598214086670274,0.46835391574960855,0.26696988602703253,0.48386501712456353,61.81515814299996
1,10,1,3767328,3680,1,0.4107619224999186,0.46727702627703877,0.2787475703477649,0.4668942317139404,55.420420811999975
2,1,1,29942,30,0,1.7996601045796567,0.2374942478022175,0.024380441624418655,1.0210152194396613,0.5363039450000997
2,2,1,2101012,2052,1,0.5471151120347804,0.4193567382544933,0.2318944171353272,0.5064253660955338,29.901635415999863
2,3,1,3542026,3460,0,0.45627727994360606,0.4636147916382783,0.1605980406483189,0.4760058399614264,50.72659947200009
2,4,1,1824242,1782,1,0.3928735254786344,0.4264063451576465,0.08812159347608721,0.41845209479331774,26.48590028800004
2,5,1,2405288,2349,1,0.37815573815154,0.45510071545766356,0.07413454925727363,0.4240416816181793,34.18909132199997
2,6,1,2552286,2493,1,0.32068114714549584,0.44091708050235134,0.024185172462394572,0.38321763119666863,36.18983407399992
2,7,1,1733726,1694,0,0.39250540881126306,0.43254807267555834,0.09585681503670054,0.42211242204617466,24.81755386000009
2,8,1,12121532,11838,1,0.6292433985623263,0.4061488643654176,0.17930803251340388,0.5356269347976647,175.048088516
2,9,1,4136478,4040,0,0.4010078737706966,0.45299971821306767,0.1532397759636392,0.4423277731637467,59.76731233400005
2,10,1,3767328,3680,1,0.3519928552620613,0.40754355944485415,0.13588062645869603,0.39335627017775626,54.19689168600007
3,1,1,29942,30,0,1.7698975425410404,0.21002365725486824,0.0152022945220286,0.9914808315637077,0.5445714539998789
3,2,1,2101012,2052,1,0.45158132916615124,0.37714486947315917,0.10610198668420985,0.4249732979511441,30.49674205700012
3,3,1,3542026,3460,0,0.43557984663178434,0.4904771794325389,0.09608622578084337,0.472637135791714,51.543952308999906
3,4,1,1824242,1782,1,0.31286805379235005,0.2969476039172177,0.03913493683855984,0.30882132264447026,26.14364795499978
3,5,1,2405288,2349,1,0.36437325485831246,0.47232377584509255,0.03543634791144238,0.4218921500589072,34.34922741700029
3,6,1,2552286,2493,1,0.2725456138591478,0.31460555712216376,0.013336243525584539,0.29490920982638535,37.39187265400005
3,7,1,1733726,1694,0,0.33991853199507777,0.37726877271305875,0.04883520073361908,0.36347717273742114,25.22032557800003
3,8,1,12121532,11838,1,0.5662000462581314,0.32798646026374473,0.07343218982200903,0.4544364721960521,173.93906708700024
3,9,1,4136478,4040,0,0.3755293335684617,0.4690061401025236,0.0693574140102338,0.42920347853793356,59.54237179999973
3,10,1,3767328,3680,1,0.29328937501517466,0.3191175686427926,0.06374946859938127,0.31257841888869303,53.65581001500004
4,1,1,29942,30,0,1.6218699333635267,0.2208217630428714,0.015287321042731054,0.9228745778097783,0.5529450039998665
4,2,1,2101012,2052,1,0.3719183167141087,0.2838180003992105,0.06203943700643246,0.33407210189059383,30.385693121999793
4,3,1,3542026,3460,0,0.405653485464235,0.43571199267645616,0.058755439294819106,0.4265582832012976,50.29774235400009
4,4,1,1824242,1782,1,0.2070422024830775,0.148126040501281,0.029347724788612976,0.1805188939832462,26.339808904000165
4,5,1,2405288,2349,1,0.33402192623443044,0.3976530376245296,0.02388353664713531,0.36822583584272944,34.07884471999978
4,6,1,2552286,2493,1,0.20709104309152285,0.18364463461749642,0.011508466448199096,0.19651868559559021,36.351314383000044
4,7,1,1733726,1694,0,0.2933004700961231,0.29515230310754326,0.029917019013306057,0.2972180883097528,24.730216800000107
4,8,1,12121532,11838,1,0.48518478804518844,0.18061658903824568,0.036615787551626304,0.3365622673479414,174.5999482389998
4,9,1,4136478,4040,0,0.36023458253124524,0.45898473874238815,0.04166718343084398,0.4137763788825834,59.531936095999754
4,10,1,3767328,3680,1,0.2245009708034344,0.21414331177371992,0.037445120543776834,0.2230666532155264,53.75340432799976
5,1,1,29942,30,0,1.4829036617225704,0.254187242508484,0.015031479031074485,0.8700486043606593,0.5335685249997368
5,2,1,2101012,2052,1,0.33746118926536217,0.2487649974971753,0.046246968400812036,0.2977377900094667,30.16806435599983
5,3,1,3542026,3460,0,0.3962951356981587,0.427866293300412,0.042507597263491584,0.41633147426827394,50.775444076999975
5,4,1,1824242,1782,1,0.1698028247238657,0.1165456604665604,0.023093406700489753,0.14548358331170047,25.873114974000146
5,5,1,2405288,2349,1,0.3247407724923199,0.39508626026299803,0.017932551155700232,0.3617067715432977,33.75486842800001
5,6,1,2552286,2493,1,0.1698135213513629,0.12713877098312856,0.009225395636190977,0.14939868578350632,36.251909460000206
5,7,1,1733726,1694,0,0.25945414379054205,0.23781927451626209,0.023067570741340117,0.25094346629772957,24.7786809170002
5,8,1,12121532,11838,1,0.43160614552996684,0.11012026419238453,0.023780346815487977,0.2732412396570795,172.80419589999974
5,9,1,4136478,4040,0,0.35057081778840593,0.45292982494234,0.027138585730132603,0.404464179908273,59.34526407400017
5,10,1,3767328,3680,1,0.18794427541248648,0.16841748908314255,0.02621047347354173,0.18080192965164896,54.27029231400002
6,1,1,29942,30,0,1.3865429034322116,0.2751170021852139,0.013446739515775264,0.8321746206977915,0.5172988320000513
6,2,1,2101012,2052,1,0.31846722152704704,0.2356873050618062,0.03821399541952522,0.2808986628916167,29.968674939000266
6,3,1,3542026,3460,0,0.3889524945812617,0.43114818711823955,0.035749631644837694,0.4136253041597872,50.55344003500022
6,4,1,1824242,1782,1,0.15481018378497505,0.10499417358111406,0.01854455085050287,0.13175663376041655,26.012552329999835
6,5,1,2405288,2349,1,0.3198276599634366,0.40910216055044457,0.015142840049479243,0.36597919487598446,34.290948051000214
6,6,1,2552286,2493,1,0.14312640818199587,0.08890603322920644,0.007616538854335548,0.11677787457878636,37.157880105000004
6,7,1,1733726,1694,0,0.24421834073692372,0.21744570883038952,0.019147003072908526,0.23274672503995322,24.91636958500021
6,8,1,12121532,11838,1,0.4004451628182445,0.0804204327919696,0.018431466245873416,0.24227594437450037,173.0257314979999
6,9,1,4136478,4040,0,0.3461624043856849,0.4504378625821643,0.022518517854943222,0.4005519853310646,58.48629076299994
6,10,1,3767328,3680,1,0.16796946106165703,0.14735614065177424,0.021504979952943575,0.159813298833525,53.59660433600038
7,1,1,29942,30,0,1.3038864721825332,0.2973171187744264,0.012907501826066904,0.8018925463022191,0.5507262080000146
7,2,1,2101012,2052,1,0.3065767741202707,0.2272061458025469,0.03242406627849269,0.2701338666836412,29.878689231999942
7,3,1,3542026,3460,0,0.3860534880504715,0.43472471377357,0.031121120766156165,0.41350121305334575,50.994610835
7,4,1,1824242,1782,1,0.14465154171140795,0.09539657558286171,0.01598308459003078,0.12162236698389904,25.900595710000744
7,5,1,2405288,2349,1,0.31946804674275237,0.42379042919913873,0.013277834208073684,0.37295702108661677,33.9114336800003
7,6,1,2552286,2493,1,0.1240088246618335,0.06875476149417996,0.0064883752723433495,0.09703063064790987,36.23026226300044
7,7,1,1733726,1694,0,0.23808559019564574,0.21132438413911633,0.01666971204210179,0.22637195812578784,24.804892483000003
7,8,1,12121532,11838,1,0.3815803672004918,0.0654965907965002,0.015451424781448286,0.2250836213805788,175.78405278299942
7,9,1,4136478,4040,0,0.3398075344694578,0.44421253465216587,0.019921650506149358,0.3940021995413313,59.34265814899936
7,10,1,3767328,3680,1,0.15567329775217903,0.1347413366393615,0.018511676965048712,0.14705848480409778,53.9440696519996
8,1,1,29942,30,0,1.2370345199898818,0.29691543210867405,0.011863755447541566,0.7681613525105864,0.5405498160007483
8,2,1,2101012,2052,1,0.2996704593479746,0.22346780673157507,0.028740642675968993,0.26444319786088677,30.32394643599946
8,3,1,3542026,3460,0,0.38605129109391445,0.4384167408545726,0.025870501935044938,0.41482106589446055,50.52535917900059
8,4,1,1824242,1782,1,0.1417178486578319,0.09152614967432048,0.01423391956226013,0.11804539110796541,26.16205210499993
8,5,1,2405288,2349,1,0.32321788021072995,0.4372851246688281,0.011532184142064297,0.38140472121385743,34.23909891800031
8,6,1,2552286,2493,1,0.11546675141226152,0.05967334206591849,0.006145226436134432,0.08818456933690678,36.65762498499953
8,7,1,1733726,1694,0,0.23289804554575494,0.2035698307945574,0.015162660799357346,0.21975020400935757,24.651427671999954
8,8,1,12121532,11838,1,0.3677247598005662,0.05560084354043895,0.013281815034265647,0.21299098312547263,172.4261791400004
8,9,1,4136478,4040,0,0.3332055510869134,0.4317052827487195,0.01795419683252951,0.3842508363075782,58.87946753899996
8,10,1,3767328,3680,1,0.14877102509885085,0.12796096636346938,0.017309056213979074,0.1400969013819693,54.15598831599982
9,1,1,29942,30,0,1.1893311240225404,0.3033728332440223,0.011574959826831922,0.7475094783760791,0.5499084869998114
9,2,1,2101012,2052,1,0.2900198574264606,0.2127210267646359,0.025366263076753885,0.25390706798799706,30.27143895500012
9,3,1,3542026,3460,0,0.383570600220992,0.43499758957424833,0.023061923994191907,0.4115902871298962,50.1581792650004
9,4,1,1824242,1782,1,0.13417145852395423,0.08391387924707883,0.012527961373119218,0.11029546501887759,25.85607683300077
9,5,1,2405288,2349,1,0.32395727102023214,0.44124772088384034,0.01018060623212074,0.38362055644027454,34.092373358999794
9,6,1,2552286,2493,1,0.10494824131485377,0.04900833748182462,0.0056170459700603005,0.07753999399948915,36.201724745999854
9,7,1,1733726,1694,0,0.23254243536881658,0.20474151417047332,0.013788963937388182,0.22002087107304744,24.728012804000173
9,8,1,12121532,11838,1,0.35941482004073116,0.05014792929581556,0.01185143887629361,0.20596651853702375,173.21024900499924
9,9,1,4136478,4040,0,0.32413880209293283,0.4110147492817291,0.01645891768445468,0.369222667517357,58.833399180000015
9,10,1,3767328,3680,1,0.14066752657264023,0.11766578866213426,0.015422862462429751,0.1307089437727976,53.5378206839996
10,1,1,29942,30,0,1.1383753514285477,0.3132370239947715,0.011710311286960118,0.726977221572712,0.5332733060004102
10,2,1,2101012,2052,1,0.2833701260400593,0.20520448892355653,0.022935638271126407,0.24658087131210893,30.005852070999936
10,3,1,3542026,3460,0,0.3804797629290482,0.4281639766062152,0.021542509646272832,0.4064761204450471,50.73963727899991
10,4,1,1824242,1782,1,0.12938809619151653,0.07961643726269761,0.012086082226397694,0.1057108751087701,25.93097980099992
10,5,1,2405288,2349,1,0.3222942638335701,0.43439357848214954,0.00954946454510855,0.37929886744062147,34.077689130999715
10,6,1,2552286,2493,1,0.10074509459146232,0.04727302157881978,0.005403262448833617,0.07454938436651325,36.261145071999636
10,7,1,1733726,1694,0,0.2293450020739157,0.20042355407926613,0.0130247506327417,0.21618675317125702,24.660685306999767
10,8,1,12121532,11838,1,0.354270060535688,0.04838496106013172,0.01107690020998175,0.20243520079982896,173.6548042100003
10,9,1,4136478,4040,0,0.3163434505617736,0.39083876775532284,0.015077005868857381,0.355098809867547,59.65244850500039
10,10,1,3767328,3680,1,0.134341988026752,0.10811870740089856,0.014478617269579304,0.12267820952647385,53.49602745100037
