round,client_id,train_rows,validation_rows,train_examples_processed,sampler_padding_rows_per_epoch,hard_loss,soft_loss,proximal_loss,total_loss,local_train_seconds,local_validation_loss,local_validation_seconds,local_validation_accuracy,local_validation_macro_precision,local_validation_macro_recall,local_validation_macro_f1,local_validation_weighted_precision,local_validation_weighted_recall,local_validation_weighted_f1,local_validation_multiclass_macro_fpr,local_validation_multiclass_macro_fnr,local_validation_binary_attack_accuracy,local_validation_binary_attack_precision,local_validation_binary_attack_recall,local_validation_binary_attack_f1,local_validation_binary_attack_fpr,local_validation_binary_attack_fnr,global_validation_loss,global_validation_seconds,global_validation_accuracy,global_validation_macro_precision,global_validation_macro_recall,global_validation_macro_f1,global_validation_weighted_precision,global_validation_weighted_recall,global_validation_weighted_f1,global_validation_multiclass_macro_fpr,global_validation_multiclass_macro_fnr,global_validation_binary_attack_accuracy,global_validation_binary_attack_precision,global_validation_binary_attack_recall,global_validation_binary_attack_f1,global_validation_binary_attack_fpr,global_validation_binary_attack_fnr
1,1,29942,1578,29942,0,2.069863552540276,0.2198612332955191,0.030450318132829318,1.1479074284230275,1.4172073250000494,0.7107109177021926,0.19662296000001334,0.876425855513308,0.025793576783915848,0.029411764705882353,0.02748410174880763,0.768609358386116,0.876425855513308,0.81898443119926,0.029279573777448973,0.20588235294117646,1.0,1.0,1.0,1.0,0.0,0.0,3.6242239203289888,0.11830891299996438,0.0,0.0,0.0,0.0,0.0,0.0,0.0,0.029418394405150854,0.23529411764705882,1.0,1.0,1.0,1.0,0.0,0.0
1,2,2101011,110578,2101012,1,0.6780580521467691,0.4444871484983074,0.44342731843697775,0.6056153325414112,31.291193625999995,0.48096917563654085,1.0854188120000572,0.9486697173036228,0.3093597339082294,0.3004945575922588,0.30018599666982415,0.9323121523006206,0.9486697173036227,0.9392318838833484,0.0017206567937845306,0.3171525012312706,0.9952070032013601,0.9952070032013601,1.0,0.9975977445994578,1.0,0.0,3.1685960113621676,1.17772902899992,0.19051710105084194,0.03836193519659839,0.056248598117165594,0.027158064491849404,0.2631439747723791,0.19051710105084194,0.16231163304720841,0.02510490155937298,0.5613984607063638,0.9952070032013601,0.9952070032013601,1.0,0.9975977445994578,1.0,0.0
1,3,3542026,186424,3542026,0,0.5160072503832182,0.4585498788413497,0.30540031028432885,0.517818595550326,52.32735437500003,0.40371677189373495,1.796466162999991,0.9686360125305754,0.21237832455013503,0.20668766856568307,0.19728305440555513,0.9604357264826012,0.9686360125305755,0.9621716140828854,0.001026859216063045,0.5286064490813757,0.9885100630820066,0.9949023541855216,0.9934291469323316,0.9941652047898711,0.34198975859546454,0.006570853067668354,3.4689582052268895,1.8758028620000005,3.218469724928121e-05,0.0021786492374727667,2.135155332550443e-05,4.228866240960798e-05,0.0032840311452507305,3.218469724928121e-05,6.37446735598632e-05,0.029411384836617132,0.7352727660937334,0.9853345062867442,0.9853345062867442,1.0,0.9926130867786682,1.0,0.0
1,4,1824241,96013,1824242,1,0.4779617361813224,0.4717746123501988,0.1869259570154718,0.4935607697597983,26.999371225999994,0.3458659714563239,0.9533625340000071,0.9877516586295606,0.10739197791406119,0.0933000117843906,0.09542765063850098,0.9793037119176502,0.9877516586295605,0.9830774442796164,0.0008473566646748981,0.11258234115678588,1.0,1.0,1.0,1.0,0.0,0.0,3.111413948765341,1.0300286499998492,0.08994615312509764,0.022810956443646162,0.003185472239988964,0.005590280834580509,0.6440984653557171,0.08994615312509764,0.1578492035332316,0.030516619838895243,0.2026968807011875,1.0,1.0,1.0,1.0,0.0,0.0
1,5,2405287,126594,2405288,1,0.42757240257368656,0.45513440857590653,0.1250444013621245,0.45385784612966107,35.288652611999964,0.3491239999938784,1.2355945230000316,0.9838380965922555,0.12641155356749598,0.11802823366541701,0.11629182595803629,0.9809255991432861,0.9838380965922555,0.9812966445358726,0.0007579785170711117,0.29373647221693594,1.0,1.0,1.0,1.0,0.0,0.0,3.348682784692543,1.3234451680000348,0.004439388912586694,0.00017507002801120448,0.029255596043727225,0.0003480572275445801,2.656599237005891e-05,0.004439388912586694,5.281592604018661e-05,0.029378952095797124,0.38250910983862574,1.0,1.0,1.0,1.0,0.0,0.0
1,6,2552285,134332,2552286,1,0.3528375693092437,0.4677282601229607,0.08077660257574534,0.4183605753012869,37.53972205700006,0.3047134948585059,1.4356329090001054,0.9973572938689218,0.05853567862712049,0.05868830288370594,0.05861186961899499,0.9956071235370745,0.9973572938689217,0.9964812503004359,0.0003129147137627346,0.08837052064570583,1.0,1.0,1.0,1.0,0.0,0.0,3.1878646952582774,1.3894377909998639,0.1513488967632433,0.0189195275655032,0.029390081010286746,0.023020118118081846,0.09742911641919093,0.1513488967632433,0.11854575968374453,0.025400968508657067,0.11766874251912501,1.0,1.0,1.0,1.0,0.0,0.0
1,7,1733726,91249,1733726,0,0.46354447432843277,0.4642540187800488,0.13494582101846656,0.4773938288847395,25.504818784999998,0.389279599170763,0.9516066549999778,0.9792107310765049,0.14799280936258552,0.14170155908962512,0.14406771845992491,0.9761371566986249,0.979210731076505,0.9772817961156927,0.0019144313609902545,0.18182785267508075,1.0,1.0,1.0,1.0,0.0,0.0,3.1691734721065434,1.1068918629998734,0.00035068877467150326,0.0008336372635856823,0.002666222296283953,0.0012701436850043662,0.00010964848313466843,0.00035068877467150326,0.00016706226377738282,0.02940284859387636,0.32086318946842196,1.0,1.0,1.0,1.0,0.0,0.0
1,8,12121531,637978,12121532,1,0.7268667595540214,0.454713550203676,0.4148551050140711,0.6322756653059648,176.7885980550002,0.6367746293253743,6.292442458000096,0.8776713303593541,0.2742929726050864,0.25168921223083224,0.25441298068624735,0.8077033491356995,0.877671330359354,0.8344825459409388,0.004436823428880772,0.5718401995338737,0.9844634140989188,0.9986089534659397,0.9848295198517999,0.9916713721061546,0.021192121274621018,0.01517048014820007,3.0534680313996443,6.245093014000076,0.41634821263429145,0.03130520762678305,0.05640382712123129,0.03637056734131028,0.228340310736336,0.4163482126342915,0.27318553826076825,0.02231722704590365,0.7671255846434745,0.9392016652611845,0.9392016652611845,1.0,0.9686477503459514,1.0,0.0
1,9,4136478,217714,4136478,0,0.44598214086670274,0.46835391574960855,0.26696988602703253,0.48386501712456353,61.81763767799998,0.3757039084902566,2.184854478000034,0.982192233848076,0.22092457563955295,0.21411013927915085,0.21119287648748378,0.9765526479174209,0.9821922338480759,0.9788208637319421,0.000873566810471232,0.3447133901326138,1.0,1.0,1.0,1.0,0.0,0.0,3.360522873916974,2.1054910099999233,0.09027898986744078,0.005123777942897578,0.03257422547335963,0.007923497313891307,0.009192757170063867,0.09027898986744078,0.016571044972679066,0.029123780034877308,0.5262493039384051,1.0,1.0,1.0,1.0,0.0,0.0
1,10,3767327,198280,3767328,1,0.4107619224999186,0.46727702627703877,0.2787475703477649,0.4668942317139404,55.42304596400004,0.3314297354249,2.1446640960000423,0.9917944321161993,0.1974462102221851,0.19387122712509916,0.19512593335835338,0.9906740398156174,0.9917944321161993,0.9910655518008151,0.00028559535775464045,0.21789347875725376,1.0,1.0,1.0,1.0,0.0,0.0,2.923660935031952,1.987569915999984,0.41203348799677225,0.03892019610016715,0.032589212432278074,0.023392029483480962,0.3779569289234049,0.4120334879967723,0.2784214065245226,0.026949488752054152,0.3791754934500749,1.0,1.0,1.0,1.0,0.0,0.0
2,1,29942,1578,29942,0,1.7996601045796567,0.2374942478022175,0.024380441624418655,1.0210152194396613,0.5388325579999673,0.7782813257741988,0.11829813600002126,0.876425855513308,0.025777231044509057,0.029411764705882353,0.02747481971512009,0.7681222802122338,0.876425855513308,0.8187078407125329,0.029411764705882353,0.20588235294117646,1.0,1.0,1.0,1.0,0.0,0.0,3.6192681130649773,0.12045931600005133,0.0,0.0,0.0,0.0,0.0,0.0,0.0,0.029415095686204942,0.23529411764705882,0.7287705956907478,1.0,0.7287705956907478,0.843108504398827,0.0,0.27122940430925224
2,2,2101011,110578,2101012,1,0.5471151120347804,0.4193567382544933,0.2318944171353272,0.5064253660955338,29.903715669999883,0.4377472129202667,1.1383093069998722,0.9567454647398217,0.3121407827058088,0.3106573350005317,0.3070429230687676,0.9407699882282091,0.9567454647398218,0.9475998590860168,0.0014352040779616808,0.30698972382299766,0.9952070032013601,0.9952070032013601,1.0,0.9975977445994578,1.0,0.0,2.7022040399735507,1.210475722000183,0.4023675595507244,0.11990858982545338,0.1160363576430522,0.0805688806182786,0.4034471650573973,0.40236755955072434,0.38520402555989164,0.018558519140056334,0.5016107011804772,0.9457939192244389,0.997513722340161,0.9478954637976156,0.972071828610301,0.49056603773584906,0.052104536202384415
2,3,3542026,186424,3542026,0,0.45627727994360606,0.4636147916382783,0.1605980406483189,0.4760058399614264,50.728667821000045,0.40928832002104654,1.8820384929999818,0.9689417671544436,0.22041152612888862,0.20666659772743834,0.200824405561249,0.961368849972322,0.9689417671544436,0.9620328519048,0.0010259983150332642,0.5286275199196205,0.9891805776080334,0.9916272927524937,0.997441341390386,0.9945258198378645,0.5658376005852231,0.0025586586096140234,3.6031256945855636,1.8726482629999737,0.009017079346006951,0.055635107536443844,0.01705865174754396,0.013803581193022649,0.04072989875770406,0.009017079346006951,0.00791330777794454,0.02915673286935241,0.7182354658995149,0.9710498648242716,0.992617356947476,0.9778921008220371,0.9851997093142832,0.48866130212143377,0.022107899177962874
2,4,1824241,96013,1824242,1,0.3928735254786344,0.4264063451576465,0.08812159347608721,0.41845209479331774,26.487937719,0.3342250574968326,0.9818394349999835,0.9891160572005874,0.12409490151057652,0.10651659854929336,0.10906858293012626,0.9855875592026143,0.9891160572005875,0.9860169207348275,0.0006313363820262712,0.09936575439188311,1.0,1.0,1.0,1.0,0.0,0.0,1.981809185340968,1.0079550270002073,0.7138929103350588,0.05779846227504436,0.02584961723216652,0.02785927821864385,0.8036930784212264,0.7138929103350588,0.7552390159524565,0.012129227049647386,0.18003273570900996,0.9299053253205295,1.0,0.9299053253205295,0.9636797340471462,0.0,0.07009467467947049
2,5,2405287,126594,2405288,1,0.37815573815154,0.45510071545766356,0.07413454925727363,0.4240416816181793,34.191054036000196,0.3332517660357032,1.3076245160000326,0.9878193279302336,0.17187137884137818,0.15287628988715432,0.15225372351078387,0.9871590250546127,0.9878193279302335,0.9861704618625639,0.0004495991601287243,0.25888841599519863,1.0,1.0,1.0,1.0,0.0,0.0,3.403069217387693,1.3317960379999931,0.17163530657061157,0.032648198507483614,0.0507207996093423,0.026556602637650643,0.24323929279318107,0.17163530657061155,0.1982731585998912,0.02446015967758872,0.36104390627301064,0.9931355356493988,1.0,0.9931355356493988,0.9965559470353006,0.0,0.006864464350601135
2,6,2552285,134332,2552286,1,0.32068114714549584,0.44091708050235134,0.024185172462394572,0.38321763119666863,36.19229402400015,0.31020222617763576,1.3411465839999437,0.9985334842033171,0.08603892894919404,0.0823878493898998,0.08408438385212073,0.9978325534060918,0.9985334842033172,0.9981777366648201,0.00025774470624543785,0.06467097413951196,1.0,1.0,1.0,1.0,0.0,0.0,2.0860555592640493,1.376105065000047,0.7347690795938421,0.05865663150684136,0.049440671750405125,0.05321564030308553,0.9973836914338996,0.7347690795938422,0.8420961602047211,0.007805403950570496,0.09761815177900664,0.9994342375606706,1.0,0.9994342375606706,0.9997170387359078,0.0,0.0005657624393294226
2,7,1733726,91249,1733726,0,0.39250540881126306,0.43254807267555834,0.09585681503670054,0.42211242204617466,24.819728983000005,0.5352904579284324,0.9600729860001138,0.9150018082389944,0.14643583261753615,0.16078530874857624,0.15085839905351686,0.9510914405189818,0.9150018082389945,0.9246080082236112,0.0027634545519882718,0.16274410301612963,1.0,1.0,1.0,1.0,0.0,0.0,2.6033662867967533,0.9821627579999586,0.12329998136965885,0.05766077499439808,0.03007357413387557,0.01084182642697527,0.8716254853414063,0.12329998136965885,0.2110673165776085,0.02579444105756012,0.29345583763083033,0.9891944021304343,1.0,0.9891944021304343,0.9945678522632113,0.0,0.010805597869565694
2,8,12121531,637978,12121532,1,0.6292433985623263,0.4061488643654176,0.17930803251340388,0.5356269347976647,175.0503302279999,0.5950471897005287,6.505882508000013,0.8834332845333225,0.29653693108344276,0.27502821596667854,0.27484981476484954,0.8138078748558181,0.8834332845333226,0.8428023545296139,0.0042282419197859945,0.5485011957980274,0.9856343008693089,0.9961687305850675,0.988506149969125,0.9923226481460851,0.05872950397030009,0.011493850030875014,2.4218642972410307,6.1264113470001575,0.44042114304881985,0.1417487586002893,0.11623708352489452,0.08151371937821913,0.4307488199409486,0.44042114304881985,0.3493698485770033,0.020505664925020404,0.7072923282398115,0.9652260736263633,0.9684660913054421,0.9953854370066256,0.9817412667124815,0.50067031040528,0.004614562993374389
2,9,4136478,217714,4136478,0,0.4010078737706966,0.45299971821306767,0.1532397759636392,0.4423277731637467,59.769448939000085,0.3485602585094687,2.043425481999975,0.9850078543410162,0.2510617325403338,0.23583514545835443,0.23301171041087212,0.9815102067824859,0.9850078543410162,0.9818453935903986,0.0008401953433988125,0.32298838395341023,1.0,1.0,1.0,1.0,0.0,0.0,3.435066784487263,2.2659988820000763,0.09474815583747485,0.04191290474182337,0.05988834170497109,0.015997836478593718,0.03165353105184733,0.09474815583747485,0.024423123297982217,0.028540559369641477,0.49893518770679357,0.9753897314825872,1.0,0.9753897314825872,0.9875415630013719,0.0,0.024610268517412753
2,10,3767327,198280,3767328,1,0.3519928552620613,0.40754355944485415,0.13588062645869603,0.39335627017775626,54.1993073000001,0.32655911519507236,1.9295689629998378,0.9905789792213032,0.19824606985531512,0.19227064408881173,0.195037350116846,0.9894493546311881,0.9905789792213032,0.9899293006406055,0.000340580209914147,0.21949406179354122,1.0,1.0,1.0,1.0,0.0,0.0,2.202838690126522,2.0009521340000447,0.5868267097034496,0.044911926683282075,0.05445317394345515,0.048730417308196106,0.461030482672078,0.5868267097034497,0.5114153275983135,0.01605577634615267,0.3573115319388978,0.87294230381279,1.0,0.87294230381279,0.9321614467629057,0.0,0.12705769618721
3,1,29942,1578,29942,0,1.7698975425410404,0.21002365725486824,0.0152022945220286,0.9914808315637077,0.5465676470000744,0.6608728968900721,0.11383299299995997,0.9480354879594424,0.08138092193399099,0.07260722470806504,0.07603430743180588,0.9314440501775185,0.9480354879594424,0.937040171433362,0.010258345103606894,0.1626868929389938,1.0,1.0,1.0,1.0,0.0,0.0,3.4925222986098023,0.12533352399987052,0.031685678073510776,0.030268588917048304,0.06562625050020009,0.03330301817696776,0.028291203116931885,0.031685678073510776,0.028610567013608836,0.02849066810325238,0.16966786714685872,0.25665399239543724,1.0,0.25665399239543724,0.4084720121028744,0.0,0.7433460076045627
3,2,2101011,110578,2101012,1,0.45158132916615124,0.37714486947315917,0.10610198668420985,0.4249732979511441,30.49888084400004,0.4060329884516009,1.2295937290000438,0.9649297328582539,0.32473554947593686,0.328600371608705,0.3230164252960095,0.9513136687581047,0.9649297328582539,0.956964562985593,0.0011351437451636542,0.28904668721482435,0.9950623089583823,0.9952242261980138,0.9998364350101774,0.9975249993200548,0.9962264150943396,0.00016356498982262287,1.97931390749345,1.1903860040001746,0.48643491472083056,0.16188541414949673,0.18737927686537065,0.14718107469248531,0.5277261246436995,0.48643491472083056,0.47240580616460476,0.01540424717434138,0.4302677819581588,0.9042757148799943,0.9998693322879917,0.9039328293108462,0.9494838620386854,0.024528301886792454,0.09606717068915382
3,3,3542026,186424,3542026,0,0.43557984663178434,0.4904771794325389,0.09608622578084337,0.472637135791714,51.546531849000075,0.40315663034348703,1.7971417229998679,0.972868300218856,0.27844568049109825,0.2411630623020444,0.24476345572393293,0.9702097489240203,0.9728683002188558,0.9695328899638874,0.0009120362758169594,0.4941310553450145,0.9890786594000772,0.9947866730584851,0.9941259731068648,0.9944562133432082,0.35003657644476954,0.0058740268931351735,3.0908342256968777,1.8454631800000243,0.059085740033472084,0.08326846309289714,0.07775864088494872,0.05659395989361483,0.07589800003882773,0.05908574003347209,0.05001724449388154,0.02770188063385378,0.6575354767621101,0.9433334763764322,0.9996825140271075,0.9427894822799281,0.9704028285975244,0.02011704462326262,0.05721051772007186
3,4,1824241,96013,1824242,1,0.31286805379235005,0.2969476039172177,0.03913493683855984,0.30882132264447026,26.145779289000075,0.27785672935393296,1.0448542159997487,0.9906783456406945,0.13011990490168207,0.11280042942260708,0.11524816292574008,0.9877242676615681,0.9906783456406946,0.987879226927989,0.0005499364260345567,0.09308192351856939,1.0,1.0,1.0,1.0,0.0,0.0,0.974373362543816,0.9830348610003057,0.8158582691927135,0.05123105062463218,0.0403729594802504,0.04419524976484629,0.8310340726251264,0.8158582691927134,0.8232653554854565,0.005564524297135949,0.16550939346092605,0.8841511045379271,1.0,0.8841511045379271,0.9385140102706976,0.0,0.11584889546207285
3,5,2405287,126594,2405288,1,0.36437325485831246,0.47232377584509255,0.03543634791144238,0.4218921500589072,34.35166470900003,0.3466719849471871,1.3344533350000347,0.9886013555144794,0.17299346542643299,0.17043444756248913,0.1677411310904587,0.9878019582779458,0.9886013555144793,0.9877021131984505,0.00036917181577707903,0.24133025831986382,1.0,1.0,1.0,1.0,0.0,0.0,2.766425858222397,1.2854223409999577,0.2037853294784903,0.07253710493380362,0.0826802920237396,0.05456394787888582,0.25001171633684804,0.2037853294784903,0.22077268922353266,0.02342321108950983,0.32908441385861337,0.9812234387095755,1.0,0.9812234387095755,0.9905227442177577,0.0,0.018776561290424508
3,6,2552285,134332,2552286,1,0.2725456138591478,0.31460555712216376,0.013336243525584539,0.29490920982638535,37.39404625899988,0.26985166501816804,1.3966740890000438,0.9990396927016645,0.13169807393555016,0.10021909624961764,0.10607286646618042,0.998909209472236,0.9990396927016645,0.998924601508576,0.00011884817296843393,0.04683972727979412,1.0,1.0,1.0,1.0,0.0,0.0,1.122291442505447,1.3908225559998755,0.8424723818598696,0.06565762713224303,0.07764607539724372,0.06640326132373559,0.9982338204315178,0.8424723818598696,0.9126178650432866,0.004633322210161114,0.06941274813216805,0.9991364678557604,1.0,0.9991364678557604,0.9995680474254137,0.0,0.000863532144239645
3,7,1733726,91249,1733726,0,0.33991853199507777,0.37726877271305875,0.04883520073361908,0.36347717273742114,25.22239235699999,0.3140880351202509,0.9782700750001823,0.9903779767449506,0.19589689908172192,0.1619260692316029,0.1658045379564682,0.9879342463316043,0.9903779767449506,0.9886644371191524,0.0013153239783695336,0.16160334253310296,1.0,1.0,1.0,1.0,0.0,0.0,1.9176627776006379,0.9749928669998553,0.045797762167256624,0.11315406205792486,0.08428137182460732,0.059060392823952874,0.9056580279232495,0.04579776216725663,0.0786985098515252,0.028075307251513044,0.2392480399400985,0.9591337987265613,1.0,0.9591337987265613,0.9791406787530277,0.0,0.04086620127343861
3,8,12121531,637978,12121532,1,0.5662000462581314,0.32798646026374473,0.07343218982200903,0.4544364721960521,173.94213132899995,0.5467932257603451,6.36201821800023,0.8870697735658596,0.29189325927260257,0.287202782169398,0.28707743674877595,0.8182091552256812,0.8870697735658597,0.8462065319577033,0.004106834644773634,0.536326629595308,0.9859775728943632,0.9977433717870876,0.9873028588594602,0.9924956589576466,0.03449520470248531,0.01269714114053973,1.3336563716661947,6.352157159999933,0.6994692606955099,0.22878992467824083,0.22304752875391398,0.19092560859643282,0.6903477621845637,0.6994692606955099,0.6513457593682381,0.010789675122615914,0.6004818830107919,0.9812250579173577,0.998654882166319,0.9813314641432601,0.9899173895988674,0.02041868619160565,0.018668535856739932
3,9,4136478,217714,4136478,0,0.3755293335684617,0.4690061401025236,0.0693574140102338,0.42920347853793356,59.54482797300034,0.3532750918641705,2.0937185529996896,0.9863582498139761,0.28036776196299057,0.24203640037942573,0.23813095342795165,0.986478817006511,0.9863582498139762,0.9836102753507129,0.0005785798762350256,0.3167871290323389,1.0,1.0,1.0,1.0,0.0,0.0,3.291162779572195,2.18656940999972,0.09638332858704539,0.03249089815287759,0.09574021534103379,0.03914495648984852,0.023841582652494878,0.09638332858704539,0.03631866380574135,0.027524140886106184,0.4630833140707309,0.9746548223816567,1.0,0.9746548223816567,0.9871647554139239,0.0,0.02534517761834333
3,10,3767327,198280,3767328,1,0.29328937501517466,0.3191175686427926,0.06374946859938127,0.31257841888869303,53.658029301999704,0.2669931072542594,1.9267469460000939,0.9947095017147468,0.19877257695900585,0.20346543465155387,0.20090920487028646,0.9940729681183949,0.9947095017147469,0.9943271726162592,0.0001828335728489387,0.20829927123079908,1.0,1.0,1.0,1.0,0.0,0.0,1.4553030919278367,1.9432495730002302,0.704725640508372,0.08633791908258186,0.11361146539808852,0.08523780372063712,0.7092290915556424,0.704725640508372,0.7067830108963922,0.008882209913712273,0.2981532404842644,0.889746822675005,1.0,0.889746822675005,0.9416571701552445,0.0,0.11025317732499496
4,1,29942,1578,29942,0,1.6218699333635267,0.2208217630428714,0.015287321042731054,0.9228745778097783,0.5549637049998637,0.5451813321300937,0.11823029300012422,0.973384030418251,0.08677572152456488,0.08596529520899268,0.08635139132765594,0.9513052244580206,0.973384030418251,0.962133668594344,0.006203248014504892,0.14932882243806614,1.0,1.0,1.0,1.0,0.0,0.0,3.3851604605204555,0.11850906399968153,0.034220532319391636,0.03052820202778778,0.06802721088435373,0.03956772410861364,0.021369420287644464,0.034220532319391636,0.026013598222167263,0.028430451893901934,0.1672669067627051,0.35424588086185044,1.0,0.35424588086185044,0.5231633130556855,0.0,0.6457541191381495
4,2,2101011,110578,2101012,1,0.3719183167141087,0.2838180003992105,0.06203943700643246,0.33407210189059383,30.38796026099999,0.3342585938141327,1.203639906999797,0.9678597912785545,0.3377832608827012,0.3400732666804299,0.3354724619813584,0.955294845046085,0.9678597912785545,0.9606399042334888,0.00103980158604021,0.2775737921430995,0.9947638770822406,0.9956892257813278,0.9990640447804594,0.9973737804407876,0.8981132075471698,0.0009359552195405641,1.7154430589970169,1.1418882180000764,0.4928828519235291,0.23719297493170022,0.23203390773158178,0.1957868205728622,0.6891894003874819,0.4928828519235291,0.5321958363341791,0.01508758331329606,0.3856131510919476,0.9241983034600011,0.9998033547676637,0.9240149752835126,0.9604163321590147,0.03773584905660377,0.07598502471648735
4,3,3542026,186424,3542026,0,0.405653485464235,0.43571199267645616,0.058755439294819106,0.4265582832012976,50.299941450999995,0.3783540760507012,1.8277475019999656,0.9739089387632494,0.28592529853412824,0.24152845526053254,0.24206780813088027,0.972594826063104,0.9739089387632494,0.9703102563927994,0.0008530079794947535,0.4937656623865263,0.989802815088186,0.9936457592231533,0.9960204692688769,0.9948316971118947,0.42794440380395027,0.003979530731123088,2.9779558658538465,1.8710770620000403,0.0719327983521435,0.10269199808303141,0.1294055239393267,0.08190085175961802,0.08185961543550019,0.0719327983521435,0.06763058450151194,0.027319642794039874,0.6058885937077321,0.9629607775822855,0.9993559795043302,0.9630301050683217,0.9808568268076505,0.04169714703730797,0.03696989493167837
4,4,1824241,96013,1824242,1,0.2070422024830775,0.148126040501281,0.029347724788612976,0.1805188939832462,26.342159907000223,0.18699876774081614,1.004857839000124,0.9926884901002989,0.16140905196319955,0.13848525377726403,0.14379580249326823,0.991843464369223,0.9926884901002989,0.9910578780567247,0.0004111363463016406,0.06739709916391243,1.0,1.0,1.0,1.0,0.0,0.0,0.776575845959159,0.9649281940000947,0.8131503025631945,0.047473415003558644,0.04552058348769577,0.04646882327527173,0.8314016751139708,0.8131503025631945,0.8221738133287358,0.005552658003371557,0.1603617694534807,0.9027944132565382,1.0,0.9027944132565382,0.948914298851078,0.0,0.09720558674346182
4,5,2405287,126594,2405288,1,0.33402192623443044,0.3976530376245296,0.02388353664713531,0.36822583584272944,34.08091338799977,0.30798401074699366,1.3652840610002386,0.9900232238494715,0.2298497730828158,0.20885652086410333,0.21114663227148991,0.9896658201705204,0.9900232238494714,0.9894166298667864,0.00032703138248360163,0.2029081850182496,1.0,1.0,1.0,1.0,0.0,0.0,2.716213564941521,1.2670286710003893,0.21187418045089024,0.1669547520284503,0.11151642368940251,0.10332369856895138,0.25969228401065625,0.21187418045089026,0.22977306335214995,0.023181292131720516,0.3002482821929504,0.9849360949176106,1.0,0.9849360949176106,0.9924108866169746,0.0,0.01506390508238937
4,6,2552285,134332,2552286,1,0.20709104309152285,0.18364463461749642,0.011508466448199096,0.19651868559559021,36.35339552300002,0.20158264552745916,1.3297175960001368,0.9993076854360837,0.13254712518404207,0.1418351685523056,0.13612570139681268,0.9994961501785216,0.9993076854360836,0.9993800273045617,4.9490556699033635e-05,0.005223654977106153,0.9999925557573772,1.0,0.9999925557573772,0.9999962778648344,0.0,7.444242622755561e-06,0.7544750921010893,1.3787870619999012,0.8640383527379925,0.06703146374829001,0.08352567559882423,0.06910293228562657,0.9982680882977198,0.8640383527379925,0.9253771974157528,0.00399887258467293,0.06353314793058752,0.999694786052467,1.0,0.999694786052467,0.9998473697337904,0.0,0.000305213947532978
4,7,1733726,91249,1733726,0,0.2933004700961231,0.29515230310754326,0.029917019013306057,0.2972180883097528,24.73242114200002,0.26783805399521404,0.9577964999998585,0.9949040537430547,0.21832331240451874,0.21402996045128356,0.21321943867393317,0.9936343914805427,0.9949040537430548,0.9940395588536026,0.0003757551759537959,0.10949945131342234,1.0,1.0,1.0,1.0,0.0,0.0,1.4810423088274396,1.0237094570002228,0.6925226577825511,0.13279577924802038,0.11908863972674834,0.10068193989456271,0.9100672957717659,0.692522657782551,0.7762016321937394,0.009067696134196244,0.20444077203795755,0.968920207344738,1.0,0.968920207344738,0.9842148033529629,0.0,0.031079792655261975
4,8,12121531,637978,12121532,1,0.48518478804518844,0.18061658903824568,0.036615787551626304,0.3365622673479414,174.60215887700042,0.4734880112605356,6.146842088000085,0.8875713582600027,0.29691790254145434,0.29520635945011714,0.2896375109722035,0.8367700276401279,0.8875713582600027,0.8465213913599309,0.004084013778136525,0.5283230523145889,0.9858521767208274,0.9983247431385397,0.986591899063736,0.9924236446751468,0.025574920078374756,0.013408100936263956,0.8856117139442189,6.5367113840002276,0.7787478565091587,0.285763246756378,0.28884624025382877,0.26522970138778634,0.8383824237107902,0.7787478565091586,0.7800598494425292,0.0072326974101980255,0.5346831715108771,0.9849994827407842,0.9972507084064229,0.9867487775163137,0.9919719479560765,0.04202330617716819,0.01325122248368631
4,9,4136478,217714,4136478,0,0.36023458253124524,0.45898473874238815,0.04166718343084398,0.4137763788825834,59.53455950899979,0.33582538083809355,2.0722641719999046,0.9885905362080528,0.2769115885402085,0.2556625330241776,0.2537040473149749,0.9877393840064097,0.9885905362080528,0.9866474979238712,0.0004192794458311282,0.30316099638758714,1.0,1.0,1.0,1.0,0.0,0.0,3.182686726198943,2.160501985999872,0.11335972881854176,0.1139451586921247,0.13034882400027326,0.08160598423087165,0.09496309342091352,0.11335972881854176,0.09748085376732289,0.02618694224567307,0.4284747054114914,0.9862939452676447,1.0,0.9862939452676447,0.9930996845834373,0.0,0.013706054732355291
4,10,3767327,198280,3767328,1,0.2245009708034344,0.21414331177371992,0.037445120543776834,0.2230666532155264,53.75598645199989,0.20985644449623983,1.9383261670000138,0.995582005245108,0.20144312904860817,0.20329785712825166,0.20235203879363106,0.994696787206077,0.995582005245108,0.9951298210538762,0.00015015360596771897,0.2084668487541013,1.0,1.0,1.0,1.0,0.0,0.0,1.1457154114327652,2.050429475999863,0.7180451886221505,0.1274419112301446,0.12291540129330887,0.09577455327666252,0.7795113821270426,0.7180451886221506,0.7185518071493275,0.00833092044423396,0.2888493045890441,0.9381682469235425,1.0,0.9381682469235425,0.9680978402289877,0.0,0.06183175307645754
5,1,29942,1578,29942,0,1.4829036617225704,0.254187242508484,0.015031479031074485,0.8700486043606593,0.5354318859999694,0.47961627124455797,0.11238780199983012,0.9740177439797212,0.08573742842923011,0.08672490096413245,0.0862260415917988,0.9517942180786008,0.9740177439797211,0.9627696136298003,0.005659236236390156,0.14856921668292636,1.0,1.0,1.0,1.0,0.0,0.0,3.244782676563819,0.1166801829999713,0.03802281368821293,0.07336802645586536,0.06963148895922006,0.05193564193921354,0.08809515268909773,0.03802281368821293,0.030676310089715955,0.028334065367457733,0.16566262868783876,0.4512040557667934,1.0,0.4512040557667934,0.6218340611353712,0.0,0.5487959442332065
5,2,2101011,110578,2101012,1,0.33746118926536217,0.2487649974971753,0.046246968400812036,0.2977377900094667,30.170418831999996,0.310900801948621,1.1878136830000585,0.9686375228345602,0.3392390411528443,0.34830290850819967,0.3426070853800476,0.9571869073064991,0.9686375228345602,0.9625285481522006,0.0010089119001692368,0.2693441503153297,0.9940132756967932,0.9963877947396126,0.9976010468159349,0.9969940516732507,0.7509433962264151,0.002398953184065135,1.601551507380857,1.0938276110000515,0.5648772811951744,0.25120190632107453,0.26341282769778823,0.2350607497100055,0.697052579693647,0.5648772811951744,0.6036117140724939,0.012930783381121415,0.35423423112574115,0.9784857747472372,0.999684416681363,0.9786911166036638,0.9890763826709829,0.06415094339622641,0.021308883396336145
5,3,3542026,186424,3542026,0,0.3962951356981587,0.427866293300412,0.042507597263491584,0.41633147426827394,50.77743735800004,0.37403665004175873,1.8146284430004016,0.9765802686349397,0.2916961427061178,0.263756843238424,0.270279232877881,0.9744181689539282,0.9765802686349396,0.9741892685654497,0.0007589059276229948,0.47153727440863485,0.9896472557181478,0.9953614372458601,0.9941259731068648,0.9947433215670893,0.3112655449890271,0.0058740268931351735,2.9359302063057444,1.778802803000417,0.07702334463373814,0.1381540027938649,0.16488879101709758,0.09958508790001482,0.08598311176046719,0.07702334463373814,0.0735080774489898,0.02716885088533522,0.5704053266299614,0.969880487490881,0.9990080087878092,0.970395775491317,0.9844940475368594,0.06474030724213606,0.029604224508683108
5,4,1824241,96013,1824242,1,0.1698028247238657,0.1165456604665604,0.023093406700489753,0.14548358331170047,25.87507667,0.15778749753111582,0.9890205259998766,0.9932092529136679,0.15945960451869834,0.14338670930160657,0.1463425595916465,0.9923116660848347,0.9932092529136679,0.9918138954786648,0.0002991919006185143,0.06249564363956987,0.9999791694874652,1.0,0.9999791694874652,0.999989584635254,0.0,2.0830512534760918e-05,0.6951781424078485,1.0148131539999667,0.8096195306885526,0.09722571143988606,0.048040049385230606,0.05067118555965186,0.8913577802732126,0.8096195306885525,0.8223098092357676,0.005619006046320917,0.15784230355594586,0.9086269567662713,1.0,0.9086269567662713,0.9521262953403219,0.0,0.09137304323372876
5,5,2405287,126594,2405288,1,0.3247407724923199,0.39508626026299803,0.017932551155700232,0.3617067715432977,33.75715269800003,0.30772041077805706,1.2617529170001944,0.9900627201921102,0.22492239450205653,0.21513813849515864,0.21507229060115463,0.990004702618624,0.9900627201921102,0.9895741697926549,0.0003158627310643912,0.1966265673871943,1.0,1.0,1.0,1.0,0.0,0.0,2.7620802126328243,1.3034427229999892,0.22805188239569016,0.1660844956628197,0.14328385224875478,0.13345910482596413,0.25955982227775,0.22805188239569016,0.2401121588453639,0.022704724910470993,0.26848085363359814,0.9871715879109595,1.0,0.9871715879109595,0.9935443863191872,0.0,0.012828412089040555
5,6,2552285,134332,2552286,1,0.1698135213513629,0.12713877098312856,0.009225395636190977,0.14939868578350632,36.253891480999755,0.16815602831347037,1.358464543000082,0.9990322484590418,0.1400998594959459,0.13216943462135405,0.135562290643252,0.9991156489771371,0.9990322484590417,0.999062899429664,8.72930598946013e-05,0.014889388908057702,1.0,1.0,1.0,1.0,0.0,0.0,0.515089860081875,1.3605501269998967,0.913966888008814,0.09432048681541583,0.08568732524436029,0.0681627424821532,0.9993261676936299,0.9139668880088139,0.9539101367760632,0.0025303865465871743,0.061371498285051465,0.9999106690885269,1.0,0.9999106690885269,0.9999553325491713,0.0,8.933091147306673e-05
5,7,1733726,91249,1733726,0,0.25945414379054205,0.23781927451626209,0.023067570741340117,0.25094346629772957,24.78120311199973,0.25438458023499116,0.9662769010001284,0.9942903483873796,0.22025193263318185,0.21124887760729502,0.21399057957910744,0.9929795374215138,0.9942903483873796,0.993458251477565,0.0005191870349600412,0.11228053415741085,1.0,1.0,1.0,1.0,0.0,0.0,1.3315892730535595,0.9366400139997495,0.6926322480246359,0.11930715557024187,0.12023939224510288,0.10143365813757997,0.907179329501834,0.6926322480246359,0.7773997520473945,0.009045784186547941,0.203290019519603,0.9721312014378239,1.0,0.9721312014378239,0.985868689394571,0.0,0.027868798562176025
5,8,12121531,637978,12121532,1,0.43160614552996684,0.11012026419238453,0.023780346815487977,0.2732412396570795,172.80685268599973,0.41832914699509705,6.5540594310000415,0.8890526005598939,0.32584529991018263,0.2970617801455764,0.2907927400436756,0.8355158652771223,0.8890526005598939,0.8472200926849043,0.004034921285689274,0.5264676316191296,0.9858803908598729,0.9988707021595286,0.9860812096330046,0.9924347531048755,0.017221821181808806,0.013918790366995443,0.7115925249058321,6.257598369999869,0.7912968785757503,0.30059096164298454,0.2999678245498027,0.2783149326656,0.8517393028647097,0.7912968785757503,0.7958601780693487,0.006811719768916058,0.5235615872149032,0.9867377871964237,0.9958667210607518,0.9899881506700713,0.9929187349300285,0.06347323914612767,0.010011849329928737
5,9,4136478,217714,4136478,0,0.35057081778840593,0.45292982494234,0.027138585730132603,0.404464179908273,59.34734308199995,0.33231221263711147,2.1418729890001487,0.9883976225690585,0.27092724304308213,0.2575461969629941,0.256315436331867,0.9875029312406215,0.9883976225690585,0.9868830441722378,0.0003972958040570478,0.30127733244877064,1.0,1.0,1.0,1.0,0.0,0.0,3.1117144011922897,2.104117092999786,0.12014385845650716,0.1805573999355367,0.1570216578891099,0.10881968803560163,0.20441827037189023,0.12014385845650716,0.10674067309289037,0.025983436214152465,0.40180187152265484,0.9912362089714029,1.0,0.9912362089714029,0.9955988189702897,0.0,0.00876379102859715
5,10,3767327,198280,3767328,1,0.18794427541248648,0.16841748908314255,0.02621047347354173,0.18080192965164896,54.272629383000094,0.1782761950099182,1.9290196810002271,0.996111559410934,0.22377240552303376,0.20650020531934987,0.20689902356348885,0.9955752036512545,0.996111559410934,0.9957085693639627,0.00013009181372712362,0.20526450056300305,0.9999949566269921,1.0,0.9999949566269921,0.9999974783071371,0.0,5.043373007867662e-06,0.9963891659204773,1.920429427000272,0.7248940891668347,0.12312890263669347,0.14774443724529818,0.12028170232081102,0.7256605724019372,0.7248940891668347,0.7251489427111222,0.008138393527675016,0.26402026863705474,0.9591638087552955,1.0,0.9591638087552955,0.9791563160455437,0.0,0.04083619124470446
6,1,29942,1578,29942,0,1.3865429034322116,0.2751170021852139,0.013446739515775264,0.8321746206977915,0.519268576000286,0.47395226219609965,0.11163982400012173,0.976552598225602,0.11523022374590723,0.11025431272883834,0.11241130866184615,0.9573773748471636,0.976552598225602,0.9668220466328913,0.005055917986013083,0.12503980491822048,1.0,1.0,1.0,1.0,0.0,0.0,3.132159924023656,0.12011791599979915,0.039923954372623575,0.06940052700922267,0.0704336279966532,0.05147562020552493,0.08855863144588554,0.039923954372623575,0.03458347146064347,0.028275464339003947,0.16486048965040562,0.49429657794676807,1.0,0.49429657794676807,0.6615776081424937,0.0,0.5057034220532319
6,2,2101011,110578,2101012,1,0.31846722152704704,0.2356873050618062,0.03821399541952522,0.2808986628916167,29.97089505699978,0.2954459047841548,1.136572991000321,0.9691168225144242,0.34031340076296557,0.35054541334440875,0.3443712855649404,0.9575696118949576,0.9691168225144242,0.9629900207209265,0.0009960613031557786,0.26710164547912063,0.9941489265495849,0.9967940276276712,0.9973284384995639,0.9970611614544299,0.6660377358490566,0.0026715615004361732,1.5166867475363546,1.1498784320001505,0.567002477888911,0.2547964372912859,0.2665417147137627,0.2392439240035363,0.6932160640087381,0.5670024778889109,0.6042482754878867,0.012886245507646445,0.3511053441097667,0.9812168785834433,0.9996483012022546,0.9814717214306484,0.99047662715789,0.07169811320754717,0.018528278569351554
6,3,3542026,186424,3542026,0,0.3889524945812617,0.43114818711823955,0.035749631644837694,0.4136253041597872,50.555485295999915,0.3710682514569117,1.833265676999872,0.9761565034544908,0.2941587429188938,0.26134138805130064,0.2697277017022763,0.9739965207584775,0.9761565034544908,0.9737098474969949,0.0007865563636420417,0.4739527295957582,0.9895614298588165,0.9952746378312386,0.9941259731068648,0.9946999738539305,0.317117776152158,0.0058740268931351735,2.886223898508751,1.8448251149998214,0.07830536840750119,0.11756576430994375,0.16940961025734755,0.10873959221028218,0.08196707875617298,0.07830536840750119,0.07431077322262332,0.02713234748569957,0.5658845073897114,0.9721387804145389,0.9989099202844269,0.9727856715117862,0.9856747275054057,0.07132406730065838,0.027214328488213837
6,4,1824241,96013,1824242,1,0.15481018378497505,0.10499417358111406,0.01854455085050287,0.13175663376041655,26.014972983000007,0.14112806564257027,1.024265228999866,0.9935008800891546,0.15909861398802025,0.14510545016674725,0.1483366564713821,0.9926115968629978,0.9935008800891546,0.9924404016505706,0.00026087089461675786,0.06077690277442923,1.0,1.0,1.0,1.0,0.0,0.0,0.6234304269284406,1.0733931129998382,0.8073385895659962,0.09069293617957112,0.05047433669750624,0.05356102985558887,0.8781577746671422,0.8073385895659962,0.8231193787109324,0.005685895664412162,0.15540801624367023,0.9090643975295012,1.0,0.9090643975295012,0.9523664038844486,0.0,0.09093560247049878
6,5,2405287,126594,2405288,1,0.3198276599634366,0.40910216055044457,0.015142840049479243,0.36597919487598446,34.29300894200014,0.3095798375123575,1.277138043999912,0.9899758282383051,0.22542984367564944,0.2217426949934499,0.2203027890143021,0.990084913116886,0.989975828238305,0.9896238846215347,0.00032432921143993944,0.19002201088890308,1.0,1.0,1.0,1.0,0.0,0.0,2.786323216872349,1.3096920429998136,0.231535459816421,0.1643909272377781,0.14611217208173072,0.1325232532821683,0.25944114166647064,0.231535459816421,0.2420752626948957,0.02260249524383422,0.26565253380062215,0.9874085659667915,1.0,0.9874085659667915,0.9936643958123008,0.0,0.012591434033208525
6,6,2552285,134332,2552286,1,0.14312640818199587,0.08890603322920644,0.007616538854335548,0.11677787457878636,37.16005970799961,0.1438264905098785,1.3528343689999929,0.9994119048328023,0.1357556508947024,0.12882656198649514,0.13010625375347573,0.9993543961435636,0.9994119048328023,0.9993410288958104,9.119098510633297e-05,0.01823226154291662,1.0,1.0,1.0,1.0,0.0,0.0,0.40223903763321905,1.3166257319999204,0.9263838847035702,0.09366515837104072,0.08673367892421789,0.06865789892885402,0.9993241772966635,0.9263838847035702,0.9607605803906468,0.0021651808983714814,0.06032514460519387,0.9999627787868862,1.0,0.9999627787868862,0.999981389047082,0.0,3.7221213113777807e-05
6,7,1733726,91249,1733726,0,0.24421834073692372,0.21744570883038952,0.019147003072908526,0.23274672503995322,24.918515362999642,0.23146239383862593,0.9532422489996861,0.9960766693333626,0.25022220325624533,0.2176740268497886,0.22459609909101852,0.9964104928625735,0.9960766693333626,0.995636254469075,0.00021190721813523205,0.10585538491491726,1.0,1.0,1.0,1.0,0.0,0.0,1.2819367557276433,0.9568600610000431,0.6847307915703186,0.13096062741500167,0.12302828977310669,0.1029025459666518,0.9081152668822163,0.6847307915703187,0.7726248755455276,0.009276091984124173,0.2005011219915992,0.9734901204396761,1.0,0.9734901204396761,0.9865670067026139,0.0,0.026509879560323947
6,8,12121531,637978,12121532,1,0.4004451628182445,0.0804204327919696,0.018431466245873416,0.24227594437450037,173.02805350500012,0.39492039506634463,6.411602121999749,0.8891968061594601,0.34095344639424824,0.3043714474841125,0.302744005375205,0.8216168408470632,0.88919680615946,0.8482742763611009,0.004029987374868128,0.5191579642805934,0.9865794745273347,0.9982890580707864,0.9874029940419566,0.9928161859837596,0.026142105805919358,0.012597005958043358,0.6243113549474985,6.267182319999847,0.7975055566179398,0.3044451923342848,0.30620302183212905,0.28379218253842203,0.8556461423877579,0.7975055566179398,0.8026161716535299,0.00659611391498864,0.5173263899325767,0.9869697701174649,0.9955101294632449,0.9905939685241743,0.9930459645597659,0.06901619057440446,0.009406031475825699
6,9,4136478,217714,4136478,0,0.3461624043856849,0.4504378625821643,0.022518517854943222,0.4005519853310646,58.488810965000084,0.3328880614787662,2.165290417000051,0.9892565475807711,0.2746897740231327,0.26212989495165945,0.2601257341309291,0.9882928218561241,0.989256547580771,0.9877298173022864,0.0003767903179271622,0.2966936344601053,1.0,1.0,1.0,1.0,0.0,0.0,3.026776559323942,2.1750430049996794,0.12233480621365644,0.18613569705998584,0.15687519440684317,0.1134172062644384,0.21844706132900182,0.12233480621365646,0.12000512768394475,0.0258565169352556,0.40194833500492155,0.9916450021587955,1.0,0.9916450021587955,0.9958049763727229,0.0,0.008354997841204515
6,10,3767327,198280,3767328,1,0.16796946106165703,0.14735614065177424,0.021504979952943575,0.159813298833525,53.598752690999845,0.16170750152073923,1.8423347069997362,0.9960812991728868,0.2184446774820493,0.2088333189166926,0.21021872248145293,0.9955546438298158,0.9960812991728869,0.9957502466177452,0.00013155932974910823,0.20293138696566032,0.999959653015937,1.0,0.999959653015937,0.9999798261009906,0.0,4.03469840629413e-05,0.902323236056867,1.8935820699998658,0.7232499495662699,0.12512128391224525,0.14589007770361756,0.12003927722646998,0.7269194715057857,0.7232499495662699,0.7248883687470435,0.008174405665529736,0.2658746281787354,0.9731389953600968,1.0,0.9731389953600968,0.9863866637357694,0.0,0.026861004639903166
7,1,29942,1578,29942,0,1.3038864721825332,0.2973171187744264,0.012907501826066904,0.8018925463022191,0.5526892540001427,0.4603846667308469,0.11064587100008794,0.9771863117870723,0.11549327087082825,0.11027557936998503,0.11255382695456939,0.9580141253185361,0.9771863117870723,0.9674517547740409,0.005035882723951855,0.1250185382770738,1.0,1.0,1.0,1.0,0.0,0.0,2.975521314280115,0.12051564100056567,0.046894803548795945,0.071280297201949,0.07337480446724144,0.057621513346704185,0.09053490890339552,0.046894803548795945,0.0471030271018661,0.028064512914300573,0.1619193131798174,0.5228136882129277,1.0,0.5228136882129277,0.686641697877653,0.0,0.47718631178707227
7,2,2101011,110578,2101012,1,0.3065767741202707,0.2272061458025469,0.03242406627849269,0.2701338666836412,29.880823692000376,0.29348747543675957,1.1655329210002492,0.9701115954348967,0.3459343739112284,0.3539500547963555,0.3491685790143662,0.9589286073404476,0.9701115954348967,0.9642251251622856,0.00096436625266945,0.263697004027174,0.9936244099187903,0.9974070401135443,0.9961834835708054,0.9967948863662194,0.5377358490566038,0.0038165164291945335,1.4627798479592458,1.126939437999681,0.5643346777840077,0.2558336938465235,0.26459828870293256,0.2388223835050205,0.6891022761784298,0.5643346777840076,0.6018788625821975,0.012976938680502412,0.3530487701205968,0.9820217403100074,0.9996023893625284,0.9823258941552777,0.9908888420396529,0.08113207547169811,0.0176741058447223
7,3,3542026,186424,3542026,0,0.3860534880504715,0.43472471377357,0.031121120766156165,0.41350121305334575,50.99694380899973,0.3695600092454524,1.8196356819998982,0.9770952237909282,0.2897609403506819,0.27114162646079526,0.27390630253350573,0.9754339962155316,0.9770952237909283,0.9751067520339535,0.0007268148805619134,0.46415249118626356,0.9889016435652062,0.9959205963465582,0.9928030921661495,0.9943594007715272,0.27322604242867593,0.007196907833850509,2.845421772788319,1.8403376360001857,0.07973222331888598,0.18649490839336402,0.17309955230644436,0.11661496191937568,0.47964398045222334,0.07973222331888599,0.07632181444893307,0.027088989546499614,0.5621945653406144,0.9732867012830966,0.9988053902577901,0.9740541129076161,0.9862744881872402,0.07827359180687637,0.025945887092383907
7,4,1824241,96013,1824242,1,0.14465154171140795,0.09539657558286171,0.01598308459003078,0.12162236698389904,25.902808885000013,0.13761103151009407,0.9876575369999046,0.993594617395561,0.18767024740413576,0.1459914083199161,0.15306106453479645,0.9934705162002648,0.9935946173955609,0.9924579758966926,0.000312353684933482,0.059890944621260364,1.0,1.0,1.0,1.0,0.0,0.0,0.5890953923281642,1.0656872330000624,0.8034849447470656,0.10692401360900167,0.05396114891727859,0.060899407543696604,0.8881793848594451,0.8034849447470654,0.828786659167337,0.005796226184019275,0.15192120402389786,0.9116057200587421,1.0,0.9116057200587421,0.9537591465574073,0.0,0.08839427994125795
7,5,2405287,126594,2405288,1,0.31946804674275237,0.42379042919913873,0.013277834208073684,0.37295702108661677,33.91348328599997,0.30850983718468844,1.2745882449999044,0.9902602019053036,0.22463886786443965,0.21034443482354476,0.21220912300571262,0.9898698227401598,0.9902602019053035,0.9895272475336715,0.00031747412520070217,0.2014202710588082,1.0,1.0,1.0,1.0,0.0,0.0,2.7984098142825524,1.2531463089999306,0.23557198603409324,0.16287998384349264,0.14875132307662609,0.1341596026806203,0.2591869240857015,0.23557198603409324,0.2444042978027916,0.02248367493154037,0.2630133828057269,0.9880010111063715,1.0,0.9880010111063715,0.9939642943707806,0.0,0.01199898889362845
7,6,2552285,134332,2552286,1,0.1240088246618335,0.06875476149417996,0.0064883752723433495,0.09703063064790987,36.232212007999806,0.12208392332038079,1.3583848139996917,0.9991885775541196,0.14680217495851308,0.11747409519191455,0.12408020152650025,0.9992701289278502,0.9991885775541196,0.9990633665618576,0.0001412410217062403,0.029584728337497205,1.0,1.0,1.0,1.0,0.0,0.0,0.34764994211257316,1.3662646000002496,0.9400515141589495,0.0942173479561316,0.09070407313527683,0.07554453633187883,0.9993258544350274,0.9400515141589494,0.9682962530710311,0.001763191679379083,0.05635475039413492,0.9999925557573772,1.0,0.9999925557573772,0.9999962778648344,0.0,7.444242622755561e-06
7,7,1733726,91249,1733726,0,0.23808559019564574,0.21132438413911633,0.01666971204210179,0.22637195812578784,24.80755668599977,0.22886834016520913,0.9678258570002072,0.9962081776238644,0.24735256393492205,0.2211764917512347,0.22585078613820156,0.99622156207023,0.9962081776238645,0.9956987189584974,0.00027153923220253086,0.1023529200134712,1.0,1.0,1.0,1.0,0.0,0.0,1.2248134474282508,1.050520563999271,0.6908788041512783,0.15640885665344026,0.12263250511398839,0.11014546881904991,0.9130406143788219,0.6908788041512784,0.7779357978175537,0.009094756953060279,0.20089690665071747,0.9744435555458142,1.0,0.9744435555458142,0.9870563813372112,0.0,0.025556444454185798
7,8,12121531,637978,12121532,1,0.3815803672004918,0.0654965907965002,0.015451424781448286,0.2250836213805788,175.78618032899976,0.3763940090038404,6.4586318870005925,0.8878817137895038,0.3465051036778872,0.3058316823414344,0.3085804218470194,0.8500994500731653,0.8878817137895038,0.848576716081398,0.00407875663501276,0.5176977294232714,0.9874509779334084,0.9963961603826182,0.9902201305095212,0.9932985453674918,0.055326389605032486,0.009779869490478814,0.5678501350082905,6.3991676200002985,0.8107301505694554,0.3128524226200694,0.31094337199748057,0.29369165061511265,0.8614334441929825,0.8107301505694554,0.8131116780417218,0.0061778245203754495,0.5125860397672253,0.9870512776302631,0.9950787780892523,0.9911146714731555,0.9930927689376108,0.0757192946272043,0.008885328526844573
7,9,4136478,217714,4136478,0,0.3398075344694578,0.44421253465216587,0.019921650506149358,0.3940021995413313,59.34508677099984,0.3299817534000818,2.09448734399939,0.9894953930385736,0.279723658317116,0.26220517981334657,0.2620996474659792,0.9886181329325073,0.9894953930385735,0.9879744184199059,0.00041663010367000165,0.29661834959841815,0.9999954068181192,1.0,0.9999954068181192,0.9999977034037852,0.0,4.593181880816117e-06,2.9101928820048872,2.1104072779999115,0.13435516319575222,0.18985872818108054,0.15930444231736796,0.12362393610526606,0.22686543591737862,0.13435516319575222,0.14471606830657113,0.025471130966754046,0.39951908709439676,0.9920721680737113,1.0,0.9920721680737113,0.9960203088756796,0.0,0.007927831926288617
7,10,3767327,198280,3767328,1,0.15567329775217903,0.1347413366393615,0.018511676965048712,0.14705848480409778,53.94620117799968,0.14789447211734658,1.9252767400002995,0.9960812991728868,0.21795170851942464,0.2086855432734453,0.21019741733378178,0.9955190653938357,0.9960812991728867,0.9957437198972077,0.00013215952710545978,0.20307916260890765,0.9999747831349607,1.0,0.9999747831349607,0.9999873914085057,0.0,2.521686503933831e-05,0.8444440812371492,2.055301203000454,0.7200776679443212,0.15250880745535256,0.1447311370232379,0.11962189562282984,0.7973212872523879,0.7200776679443213,0.7226947128322313,0.008297799419503161,0.26703356885911506,0.9702188823885415,1.0,0.9702188823885415,0.9848843608810844,0.0,0.029781117611458543
8,1,29942,1578,29942,0,1.2370345199898818,0.29691543210867405,0.011863755447541566,0.7681613525105864,0.5428367530003015,0.4592303289584485,0.12353979799991066,0.9778200253485425,0.11643167344812409,0.11029684601113172,0.1130203226455549,0.9586736918977364,0.9778200253485425,0.9680766363773674,0.0050174460897333155,0.12499727163592708,1.0,1.0,1.0,1.0,0.0,0.0,2.9036379874281404,0.12143666199972358,0.06527249683143219,0.07976101645732289,0.08112881516242862,0.07235142955453722,0.09945991437944748,0.06527249683143219,0.07453057771158066,0.027506787937222946,0.15416530248463023,0.5278833967046895,1.0,0.5278833967046895,0.6909995852343426,0.0,0.4721166032953105
8,2,2101011,110578,2101012,1,0.2996704593479746,0.22346780673157507,0.028740642675968993,0.26444319786088677,30.326042771000175,0.28282185151495753,1.1126190089999,0.9705366347736439,0.37652421942204667,0.358969819382176,0.3568014340508983,0.9596530748615743,0.970536634773644,0.9647209154840046,0.0009525423033593718,0.2586772394413535,0.9940132756967932,0.9971819718924422,0.9968013957545798,0.9969916475047034,0.5849056603773585,0.00319860424542018,1.3694217603087488,1.159901610999441,0.6090361554739641,0.259982320503507,0.27561003603033596,0.25005619766572695,0.7012170752162881,0.6090361554739641,0.6396373729009948,0.011619270880995616,0.3420370227931934,0.9824558230389409,0.9996025657615025,0.9827620674614713,0.9911107852750617,0.08113207547169811,0.017237932538528643
8,3,3542026,186424,3542026,0,0.38605129109391445,0.4384167408545726,0.025870501935044938,0.41482106589446055,50.527635978000035,0.39238228171901407,1.8260950010007946,0.9754484401150066,0.2814219176044189,0.2760167992814801,0.27262953348220026,0.9748873684239153,0.9754484401150066,0.9740667552203102,0.000755815688294989,0.45927731836557867,0.9883330472471356,0.9963901878743129,0.9917524089498612,0.9940658890935135,0.24140453547915142,0.00824759105013882,2.7656884664210906,1.8356103290007013,0.08258593314165558,0.21745120106677396,0.1876558043273756,0.1250823343306843,0.9551814778609183,0.08258593314165558,0.07872677808700106,0.027004938432312404,0.5476383133196833,0.9746867356134403,0.998734847429288,0.9755457564374762,0.9870041171529681,0.08302852962692027,0.024454243562523816
8,4,1824241,96013,1824242,1,0.1417178486578319,0.09152614967432048,0.01423391956226013,0.11804539110796541,26.16449741300039,0.13318363756995816,1.0161391430001459,0.9937196004707696,0.1898978333447519,0.14999055798729385,0.1572436780412977,0.9937790045923305,0.9937196004707697,0.992574408362807,0.00025252295771285616,0.05589179495388259,1.0,1.0,1.0,1.0,0.0,0.0,0.5358646889364783,1.001826532999985,0.8276587545436556,0.11473723335832563,0.06841283050411662,0.07728504989802765,0.8910099234760304,0.8276587545436555,0.8528526050168801,0.005079311305202741,0.13746952243705987,0.912043160821972,1.0,0.912043160821972,0.9539985074708167,0.0,0.08795683917802798
8,5,2405287,126594,2405288,1,0.32321788021072995,0.4372851246688281,0.011532184142064297,0.38140472121385743,34.24152225599937,0.3176741373683611,1.2465551709992724,0.9902365040997204,0.22670433317933464,0.2191415646745279,0.22081368432004986,0.9900397350622211,0.9902365040997203,0.989768232032672,0.0003171101218174054,0.192623141207825,1.0,1.0,1.0,1.0,0.0,0.0,2.7562296526830212,1.2709231400003773,0.24166232206897642,0.19940715493881647,0.16209139781394327,0.1454049496130863,0.9902615770448208,0.24166232206897642,0.2478749187456159,0.02230440735466688,0.2496733080684097,0.9883248811160087,1.0,0.9883248811160087,0.9941281633625999,0.0,0.011675118883991342
8,6,2552285,134332,2552286,1,0.11546675141226152,0.05967334206591849,0.006145226436134432,0.08818456933690678,36.659798340000634,0.11317290228211964,1.3479698680002912,0.99927046422297,0.13910545531029062,0.13156582783769627,0.13365090999927018,0.9994473348497636,0.99927046422297,0.9993247894575195,8.446091614983974e-05,0.015492995691715486,0.9999925557573772,1.0,0.9999925557573772,0.9999962778648344,0.0,7.444242622755561e-06,0.28719704068596613,1.3229825469998104,0.9600690825715392,0.09392789373814041,0.10002810201403711,0.08584858579576576,0.9993249752899173,0.9600690825715392,0.9791106698980663,0.0011744397259258906,0.04703072151537466,0.9999925557573772,1.0,0.9999925557573772,0.9999962778648344,0.0,7.444242622755561e-06
8,7,1733726,91249,1733726,0,0.23289804554575494,0.2035698307945574,0.015162660799357346,0.21975020400935757,24.653768966000825,0.22668638299452884,0.9498142050006209,0.9964054400596171,0.2496045685803756,0.22351287993869717,0.23133231437194665,0.9964919616072992,0.9964054400596172,0.9961805881707524,0.0002271292173428493,0.10001653182600874,1.0,1.0,1.0,1.0,0.0,0.0,1.2258862371027903,0.9753697610003655,0.5946476125765762,0.1670049041564472,0.12409835987749705,0.10773709940975096,0.9147265669307787,0.5946476125765762,0.7130183761914763,0.01192353878051035,0.1994310518872088,0.9758024745476662,1.0,0.9758024745476662,0.9877530645071828,0.0,0.024197525452333724
8,8,12121531,637978,12121532,1,0.3677247598005662,0.05560084354043895,0.013281815034265647,0.21299098312547263,172.42832559599992,0.3618767985059929,6.37109339699964,0.890190570834731,0.34625441638504495,0.312155854758015,0.31326896223362777,0.8363328721890368,0.8901905708347309,0.8506516371089541,0.003994791038999086,0.5113735570066908,0.9873710378727794,0.9965359500182274,0.9899948263489043,0.9932546190831405,0.05316077137258946,0.010005173651095645,0.5342220512817196,6.349853562000135,0.8192806021524253,0.31178081834202165,0.319180843106579,0.29829340939421745,0.8614199847655528,0.8192806021524253,0.8283637435650103,0.005916452725638781,0.5043485686581269,0.987098301195339,0.9946596488760988,0.9915869757505966,0.9931209356396711,0.0822419304939672,0.00841302424940336
8,9,4136478,217714,4136478,0,0.3332055510869134,0.4317052827487195,0.01795419683252951,0.3842508363075782,58.88162134100003,0.32209667990541063,2.0420099960001608,0.9899133725897278,0.27834603402544694,0.26434948955112214,0.2644502904487827,0.9889034109560948,0.9899133725897278,0.9885564985840702,0.0003366640742459014,0.2944740398606425,0.9999862204543576,1.0,0.9999862204543576,0.9999931101797095,0.0,1.377954564244835e-05,2.7430813827128913,2.133101646999421,0.1659562545357671,0.19396560751790162,0.17093228227278534,0.1449128098650241,0.22845064324663245,0.1659562545357671,0.18337308630578575,0.0245402755346918,0.3878912471389794,0.9924350294422959,1.0,0.9924350294422959,0.9962031532040362,0.0,0.007564970557704144
8,10,3767327,198280,3767328,1,0.14877102509885085,0.12796096636346938,0.017309056213979074,0.1400969013819693,54.15815109800042,0.1443057746762274,2.001147542000581,0.9958240871494856,0.21925313472182395,0.20750535090745453,0.20883412544232396,0.9952810525577306,0.9958240871494857,0.9954736947614571,0.00014084827871416314,0.20425935497489842,0.9999899132539842,1.0,0.9999899132539842,0.9999949566015564,0.0,1.0086746015735325e-05,0.7661840694780814,1.9540406489995803,0.7236433326608837,0.15501006835195486,0.14907571358615906,0.12339282779600384,0.80207969688066,0.7236433326608835,0.7271022967146624,0.008179144036642367,0.2626889922961939,0.9738753278192455,1.0,0.9738753278192455,0.9867647810312228,0.0,0.02612467218075449
9,1,29942,1578,29942,0,1.1893311240225404,0.3033728332440223,0.011574959826831922,0.7475094783760791,0.5520663249999416,0.45650262346890186,0.12190072900011728,0.9784537389100126,0.11645197473507596,0.11617919895230819,0.11629868427953627,0.9592786393724201,0.9784537389100126,0.9687382394457837,0.004866616527139047,0.11911491869475063,1.0,1.0,1.0,1.0,0.0,0.0,2.830368825389103,0.11658732799969584,0.06653992395437262,0.0807628869157726,0.08166357452071737,0.0734533292507889,0.10048470119807734,0.06653992395437261,0.07629490426146864,0.027467132875732613,0.15363054312634145,0.5215462610899874,1.0,0.5215462610899874,0.6855476884631404,0.0,0.4784537389100127
9,2,2101011,110578,2101012,1,0.2900198574264606,0.2127210267646359,0.025366263076753885,0.25390706798799706,30.273688833999586,0.2829836992645861,1.1323712810008146,0.969659425925591,0.3446877133885553,0.35552204844308916,0.3483255972638348,0.9592843112817775,0.969659425925591,0.9639887780091515,0.0009773203184313631,0.2621250103804403,0.9933711949935792,0.9977234439739562,0.9956110061064263,0.9966661057112838,0.4716981132075472,0.004388993893573713,1.3038303273790435,1.1477728680001746,0.6155383530177793,0.2923091629653683,0.27684028169890573,0.25183078591677155,0.9398132069379254,0.6155383530177793,0.6438881089286738,0.011417275579232295,0.34080677712462365,0.9822839986254047,0.999537845806875,0.982653024134923,0.9910235203013238,0.09433962264150944,0.017346975865077056
9,3,3542026,186424,3542026,0,0.383570600220992,0.43499758957424833,0.023061923994191907,0.4115902871298962,50.16008719000001,0.39310078484860733,1.7745579350003027,0.9706958331545295,0.29636561476725026,0.27405904570607154,0.27510668159837837,0.9716869006715222,0.9706958331545295,0.9697599430865917,0.0009046749890389518,0.4612350719409873,0.9886763506844612,0.9962232388323194,0.9922695846262726,0.9942424812696543,0.25274323335771764,0.007730415373727475,2.6805243865975963,1.9086446820001584,0.08331545294597262,0.22016764178471945,0.19564811912084937,0.13329527215593048,0.9566773713560182,0.08331545294597262,0.08035703895970793,0.026982284067934903,0.5396459985262095,0.9755289018581299,0.9986193381730727,0.9765147803364363,0.9874433685462162,0.09070958302852963,0.023485219663563612
9,4,1824241,96013,1824242,1,0.13417145852395423,0.08391387924707883,0.012527961373119218,0.11029546501887759,25.85810537999987,0.13009970654195394,0.9674225629996727,0.9942091175153365,0.1861284075185447,0.16022745430247468,0.16922010861987863,0.9940462297938544,0.9942091175153364,0.9934435491560902,0.0002574225888696275,0.0456548986387018,1.0,1.0,1.0,1.0,0.0,0.0,0.50593314314968,1.0013027270006205,0.8367304427525439,0.1240907279555098,0.0741198934947908,0.08517119594938878,0.8917700642671591,0.8367304427525439,0.8588060554380885,0.0048170172593105486,0.13176245944638568,0.9119494235155656,1.0,0.9119494235155656,0.9539472250670037,0.0,0.0880505764844344
9,5,2405287,126594,2405288,1,0.32395727102023214,0.44124772088384034,0.01018060623212074,0.38362055644027454,34.09471195399965,0.31681063629715434,1.2607932110004185,0.990576172646413,0.2280065314602952,0.22710798706950305,0.2267607823351972,0.9899872800965193,0.990576172646413,0.9901415515716036,0.00030545379625701694,0.18465671881284987,1.0,1.0,1.0,1.0,0.0,0.0,2.6627720079729054,1.3127509120004106,0.24051692813245493,0.20412932835840375,0.1660332428899245,0.1529228111028882,0.9906069814588363,0.24051692813245493,0.24786371819828534,0.02233811059890816,0.24573146299242848,0.98887782991295,1.0,0.98887782991295,0.9944078163476051,0.0,0.011122170087049939
9,6,2552285,134332,2552286,1,0.10494824131485377,0.04900833748182462,0.0056170459700603005,0.07753999399948915,36.20382233300006,0.10015197641235936,1.3352050409994263,0.9993374624065747,0.1385341814730975,0.13664923691505243,0.13723831749853987,0.9995262099432883,0.9993374624065747,0.9994252277800584,6.800875238155044e-05,0.01040958661435934,1.0,1.0,1.0,1.0,0.0,0.0,0.27961218348078837,1.3552719270001035,0.9531831581454903,0.0942173479561316,0.10102499913395191,0.08727152274335907,0.9993258544350274,0.9531831581454904,0.97550869500324,0.0013769668562455299,0.04603382439545987,0.9999925557573772,1.0,0.9999925557573772,0.9999962778648344,0.0,7.444242622755561e-06
9,7,1733726,91249,1733726,0,0.23254243536881658,0.20474151417047332,0.013788963937388182,0.22002087107304744,24.730110653999873,0.22347102006760258,0.969754794000437,0.9969095551732073,0.24607976882420352,0.23056809757928978,0.23437859648534878,0.9969219407728506,0.9969095551732075,0.9967363419515424,0.00020339841118314063,0.09296131418541609,1.0,1.0,1.0,1.0,0.0,0.0,1.1906869242365825,0.9464755939998213,0.611338206446098,0.17421638024929906,0.13248610150594553,0.12335215808793407,0.9154645482532586,0.6113382064460982,0.7274355220334451,0.011434664402052645,0.1910433102587603,0.978509353527162,1.0,0.978509353527162,0.9891379606396472,0.0,0.02149064647283806
9,8,12121531,637978,12121532,1,0.35941482004073116,0.05014792929581556,0.01185143887629361,0.20596651853702375,173.2123328329999,0.3564952771427431,6.130493210000168,0.8899178341572906,0.33420980604778977,0.3105369363546055,0.3095034133127658,0.8225607196143395,0.8899178341572906,0.8491453305013674,0.004006863821975032,0.5129924754101003,0.9867644338833,0.9986140840125053,0.9872778250638362,0.9929135986062181,0.02116634010518717,0.012722174936163821,0.522068361191921,6.3285140050002155,0.8176708287746599,0.315892153919846,0.3264306748279557,0.30256186448964767,0.8639234089590576,0.81767082877466,0.8272794139762618,0.005953367411838784,0.49709873693675016,0.986700168344363,0.9941211209687268,0.9917038001301758,0.9929109892616318,0.09059502939053315,0.008296199869824264
9,9,4136478,217714,4136478,0,0.32413880209293283,0.4110147492817291,0.01645891768445468,0.369222667517357,58.83547414699933,0.3106149370106649,2.163664130000143,0.9899225589534895,0.2789410585613054,0.2647515504272122,0.26483992630524505,0.9890238106697221,0.9899225589534894,0.9885952002509041,0.00036672006405919947,0.29407197898455245,0.9999908136362383,1.0,0.9999908136362383,0.9999954067970217,0.0,9.186363761632234e-06,2.5896112448114117,2.1537622330006343,0.1723958955326713,0.19598284023768708,0.17760150568223457,0.15633080893203677,0.22822917567614626,0.1723958955326713,0.18930783408897725,0.024351468206914768,0.3812220237295301,0.9928989408122583,1.0,0.9928989408122583,0.9964368192273476,0.0,0.007101059187741716
9,10,3767327,198280,3767328,1,0.14066752657264023,0.11766578866213426,0.015422862462429751,0.1307089437727976,53.54045877899989,0.13779703647767028,1.9430821169999035,0.9962628606011701,0.21654196321032443,0.21150132365719923,0.2129243216781143,0.9957362234874212,0.9962628606011702,0.995973327301251,0.00012659070764427563,0.20026338222515364,0.9999899132539842,1.0,0.9999899132539842,0.9999949566015564,0.0,1.0086746015735325e-05,0.6906462343428821,1.9330785729998752,0.7287673996368771,0.15571464368903315,0.15468993221604052,0.12835571356192843,0.8034876037397329,0.7287673996368772,0.7336293955334909,0.00806109681762451,0.25707477366631243,0.9746368771434335,1.0,0.9746368771434335,0.9871555509014611,0.0,0.025363122856566472
10,1,29942,1578,29942,0,1.1383753514285477,0.3132370239947715,0.011710311286960118,0.726977221572712,0.5350680330002433,0.45279039068593724,0.1218720820006638,0.9784537389100126,0.11645197473507596,0.11617919895230819,0.11629868427953627,0.9592786393724201,0.9784537389100126,0.9687382394457837,0.004866616527139047,0.11911491869475063,1.0,1.0,1.0,1.0,0.0,0.0,2.7561013520292756,0.11649372200008656,0.07097591888466413,0.08030643951569699,0.08353523227472807,0.07492958630936929,0.09996629428780522,0.07097591888466412,0.07998462510168368,0.027336254141201288,0.15175888537233076,0.5133079847908745,1.0,0.5133079847908745,0.678391959798995,0.0,0.4866920152091255
10,2,2101011,110578,2101012,1,0.2833701260400593,0.20520448892355653,0.022935638271126407,0.24658087131210893,30.00798583699998,0.26938792716110543,1.1075641690003977,0.9717846226193275,0.37785931467329686,0.3740003873806038,0.3730207576556319,0.9605394146708486,0.9717846226193275,0.9659291891354914,0.0009112529892199258,0.24364667144292554,0.9939771021360487,0.9974351045058484,0.9965106135504507,0.9969726447084921,0.5320754716981132,0.0034893864495492877,1.305744649045934,1.1487982039998315,0.5880193166814376,0.31010151922741763,0.27478517875730535,0.2504600544841895,0.9460791136430782,0.5880193166814375,0.6254996919496273,0.012210945650219362,0.34286188006622403,0.9821754779431713,0.9995562663511227,0.9825258069206164,0.9909678720196499,0.09056603773584905,0.01747419307938354
10,3,3542026,186424,3542026,0,0.3804797629290482,0.4281639766062152,0.021542509646272832,0.4064761204450471,50.742124622999654,0.37255224448754254,1.906923452999763,0.9769664850019311,0.31882593252715413,0.282210867905114,0.28841027351990967,0.9755524370420845,0.9769664850019311,0.9748271333923975,0.0007307443597810064,0.4530832497419448,0.9889981976569541,0.9960726907257602,0.9927486526212641,0.9944078938399583,0.26298463789319676,0.007251347378735914,2.552514069076158,1.8331762409998191,0.0858044028665837,0.2256032553040644,0.2075314608610575,0.14613477471072386,0.9441551783475787,0.0858044028665837,0.08449963230192886,0.0269067856369273,0.5277626567860013,0.9756039994850448,0.9986638607742927,0.9765474440633676,0.9874818337957457,0.08778346744696415,0.02345255593663237
10,4,1824241,96013,1824242,1,0.12938809619151653,0.07961643726269761,0.012086082226397694,0.1057108751087701,25.93296068000018,0.12280761810677095,1.0239404189997003,0.994198702259069,0.18491845288112838,0.16078824956627227,0.16868027133992292,0.9939939236083958,0.9941987022590691,0.993487288399636,0.0002363975416556027,0.04509410337490421,1.0,1.0,1.0,1.0,0.0,0.0,0.4902661511894887,1.0534295910001674,0.8414277233291325,0.12982512216777506,0.08094713967401237,0.09216650687392007,0.8919675943640367,0.8414277233291324,0.8626755333948996,0.004682135056267181,0.12493521326716409,0.9117098726214159,1.0,0.9117098726214159,0.9538161471868548,0.0,0.08829012737858415
10,5,2405287,126594,2405288,1,0.3222942638335701,0.43439357848214954,0.00954946454510855,0.37929886744062147,34.08015975199942,0.3159170457175014,1.2530175689998941,0.9903944894702751,0.22875838786410133,0.22996980690661772,0.2264803794885267,0.990345791148976,0.990394489470275,0.9899118095136419,0.00030878131688271917,0.18179489897573523,1.0,1.0,1.0,1.0,0.0,0.0,2.492356490224041,1.3429758789998232,0.24415849092374045,0.2038341162125045,0.16386143948002693,0.15557812997519707,0.9644194185207532,0.24415849092374048,0.25025507740012154,0.0222316445937174,0.24790326640232602,0.9888620313758946,1.0,0.9888620313758946,0.9943998284202751,0.0,0.011137968624105408
10,6,2552285,134332,2552286,1,0.10074509459146232,0.04727302157881978,0.005403262448833617,0.07454938436651325,36.263287325999954,0.09981767362266468,1.3766545440003028,0.9995012357442754,0.13360755224660228,0.14101149506912627,0.13705680206890025,0.9995872316287084,0.9995012357442754,0.9995418336614685,4.500340290953814e-05,0.00604732846028548,1.0,1.0,1.0,1.0,0.0,0.0,0.2504557011063258,1.3644144270001561,0.9639177560075038,0.09476400966602831,0.10406947227433289,0.09048717910951298,0.9992902935707333,0.9639177560075038,0.9811553195980085,0.0010614386984698775,0.04298935125507888,0.9999925557573772,1.0,0.9999925557573772,0.9999962778648344,0.0,7.444242622755561e-06
10,7,1733726,91249,1733726,0,0.2293450020739157,0.20042355407926613,0.0130247506327417,0.21618675317125702,24.66331779200027,0.22389283013123157,1.0009690699998828,0.9967670878584971,0.24826048411250876,0.23159902945319757,0.23687077127174447,0.9968600213546898,0.9967670878584971,0.9966629796179158,0.000119255380968189,0.0919303823115083,1.0,1.0,1.0,1.0,0.0,0.0,1.15451346753383,0.9867835100003504,0.6539140154960602,0.18164431531383868,0.1433179523742549,0.13842700226263532,0.9160571322907158,0.6539140154960602,0.7581436485491724,0.010182447813977223,0.18021145939045097,0.9790792227860031,1.0,0.9790792227860031,0.989429034991057,0.0,0.020920777213996867
10,8,12121531,637978,12121532,1,0.354270060535688,0.04838496106013172,0.01107690020998175,0.20243520079982896,173.65707662600016,0.35590779077910084,6.337325855000017,0.8880306217455775,0.3712629934322581,0.31352102972627405,0.31914753394720957,0.8656742266261337,0.8880306217455773,0.8478318146039817,0.004072647889810952,0.5100083820384318,0.9862111232675735,0.9990617122821017,0.9862447637644153,0.9926118655270503,0.014308549035784263,0.013755236235584707,0.5379522291610999,6.51475600699996,0.8057519224800855,0.3226845276060501,0.32597055036975314,0.30312225431171935,0.8602886816543225,0.8057519224800855,0.8142195636574335,0.006330143414864725,0.4975588613949528,0.9866735216574867,0.994228445780189,0.9915669487140973,0.9928959136881087,0.0889192533773332,0.008433051285902635
10,9,4136478,217714,4136478,0,0.3163434505617736,0.39083876775532284,0.015077005868857381,0.355098809867547,59.65446123299989,0.310420600061436,2.1891528229998585,0.9903543180502862,0.28067105205350135,0.2675863501010287,0.2669366055536521,0.9893670810260229,0.9903543180502862,0.9890130106029255,0.00035120146173983695,0.291237179310736,1.0,1.0,1.0,1.0,0.0,0.0,2.4497306640522445,2.117602774000261,0.18281323203836225,0.21281106179310746,0.18336942620686442,0.15820530936787397,0.2300473035882304,0.18281323203836228,0.1973723143922623,0.024045755998102644,0.37545410320490025,0.9926738749000983,1.0,0.9926738749000983,0.9963234700910258,0.0,0.007326125099901706
10,10,3767327,198280,3767328,1,0.134341988026752,0.10811870740089856,0.014478617269579304,0.12267820952647385,53.49839628599966,0.13044575546308826,1.9131661090004854,0.996227556990115,0.21385553597164234,0.20983915651583201,0.21077213055414165,0.9956948346794139,0.996227556990115,0.9959309985835492,0.00012369996530714618,0.2019255493665209,0.9999949566269921,1.0,0.9999949566269921,0.9999974783071371,0.0,5.043373007867662e-06,0.6387251843577891,1.9163891389998753,0.7443715957232196,0.1846835499999056,0.16155346990106614,0.13738187633822121,0.9777184949403408,0.7443715957232196,0.7540731540826963,0.00771500218083176,0.25021123598128675,0.974354448254993,1.0,0.974354448254993,0.9870106647934095,0.0,0.025645551745007062
