,precision,recall,f1-score,support
BACKDOOR_MALWARE,0.0,0.0,0.0,616.0
BENIGN,0.6200818607956486,0.8631713615804968,0.7217067133242536,210263.0
BROWSERHIJACKING,0.0,0.0,0.0,1126.0
COMMANDINJECTION,0.0,0.0,0.0,1034.0
DDOS-ACK_FRAGMENTATION,0.824682707968409,0.9838505673381849,0.8972625067914908,54553.0
DDOS-HTTP_FLOOD,0.22408026755852842,0.024279760826236636,0.04381232630374367,5519.0
DDOS-ICMP_FLOOD,0.9813071657883579,0.9988358083588235,0.9899939034560502,1378639.0
DDOS-ICMP_FRAGMENTATION,0.9996026264499404,0.6098380337785576,0.7575249157524916,86623.0
DDOS-PSHACK_FLOOD,0.9924712185476927,0.9922914750907766,0.9923813386802994,784067.0
DDOS-RSTFINFLOOD,0.9971603968987763,0.9969647126870104,0.9970625451916124,774556.0
DDOS-SLOWLORIS,0.0,0.0,0.0,4480.0
DDOS-SYNONYMOUSIP_FLOOD,0.45855954745452426,0.7189668057319064,0.5599689419758577,689125.0
DDOS-SYN_FLOOD,0.47281760408469614,0.4684885680832722,0.4706431315371769,777210.0
DDOS-TCP_FLOOD,0.0,0.0,0.0,861198.0
DDOS-UDP_FLOOD,0.05263157894736842,9.650702474633129e-07,1.9301051038734315e-06,1036194.0
DDOS-UDP_FRAGMENTATION,0.9912943309287306,0.9548348370197904,0.9727230612433985,54976.0
DICTIONARYBRUTEFORCE,0.0,0.0,0.0,2504.0
DNS_SPOOFING,0.40005670541536714,0.32916338611378415,0.36116399238509656,34293.0
DOS-HTTP_FLOOD,0.5281272949816401,0.7839959299367687,0.6311139714486309,13759.0
DOS-SYN_FLOOD,0.6049107142857143,0.006976857942419039,0.013794612974571591,388427.0
DOS-TCP_FLOOD,0.36940489495469453,0.9916386358350321,0.5382872153855458,511639.0
DOS-UDP_FLOOD,0.3770202604540651,0.9948555574614875,0.5468143639388688,635443.0
MIRAI-GREETH_FLOOD,0.0,0.0,0.0,189864.0
MIRAI-GREIP_FLOOD,0.7592781750085121,0.030989438576987216,0.05954844653323898,143920.0
MIRAI-UDPPLAIN,0.3369747882165702,0.977158908318966,0.5011330537414833,170526.0
MITM-ARPSPOOFING,0.0,0.0,0.0,58890.0
RECON-HOSTDISCOVERY,0.5633383571966842,0.5809597823975131,0.5720133907221425,25735.0
RECON-OSSCAN,0.0,0.0,0.0,18793.0
RECON-PINGSWEEP,0.0,0.0,0.0,432.0
RECON-PORTSCAN,0.43056901564446903,0.1975104788517719,0.2707997736079063,15746.0
SQLINJECTION,0.0,0.0,0.0,1004.0
UPLOADING_ATTACK,0.0,0.0,0.0,239.0
VULNERABILITYSCAN,0.4713406285135421,0.5920576102915472,0.5248472227387107,71515.0
XSS,0.0,0.0,0.0,741.0
accuracy,0.6134475033400347,0.6134475033400347,0.6134475033400347,0.6134475033400347
macro avg,0.3663444158851156,0.3852008670968112,0.3359587458187551,9003649.0
weighted avg,0.5403753777628489,0.6134475033400347,0.531649147086847,9003649.0
