round,clients_trained,local_epochs_per_client,train_rows,mean_train_loss,mean_client_accuracy,mean_client_macro_precision,mean_client_micro_precision,mean_client_weighted_precision,mean_client_macro_recall,mean_client_micro_recall,mean_client_weighted_recall,mean_client_macro_f1,mean_client_micro_f1,mean_client_weighted_f1,round_seconds
1,10,1,36014594,0.46603451040085925,0.2621065525766275,0.061990761722890864,0.2621065525766275,0.15489371037288882,0.11634653605529895,0.2621065525766275,0.2621065525766275,0.06645448032310027,0.2621065525766275,0.17270925991414318,265.2205387119993
2,10,1,36014594,0.2641131039154693,0.2731741208481139,0.07609806556833922,0.2731741208481139,0.15789463115201482,0.13659811860149523,0.2731741208481139,0.2731741208481139,0.08063359503485762,0.2731741208481139,0.1809768804310845,262.5636726829998
3,10,1,36014594,0.22622488003506622,0.2798635864192396,0.08255829110107489,0.2798635864192396,0.16311379211098553,0.15060943035413907,0.2798635864192396,0.27986358641923964,0.08981010458810967,0.2798635864192396,0.186171682425064,252.56485441599943
4,10,1,36014594,0.2095561335885982,0.28119290301076816,0.08764100314850862,0.28119290301076816,0.17013710183884176,0.155341799819559,0.28119290301076816,0.28119290301076816,0.09362430547270491,0.28119290301076816,0.1922145079972545,252.69811254200067
5,10,1,36014594,0.20003973851756224,0.29052712961156085,0.09263440501032975,0.29052712961156085,0.18236338109651498,0.1630381391849402,0.29052712961156085,0.29052712961156085,0.10158733744951069,0.29052712961156085,0.20389911994264046,253.6744644700011
6,10,1,36014594,0.1936405856504811,0.29297153853954105,0.0933999383521632,0.29297153853954105,0.18309168037769932,0.16765935223573408,0.29297153853954105,0.29297153853954105,0.10280658738393082,0.29297153853954105,0.20574784222254255,252.97267916000055
7,10,1,36014594,0.18856127760620298,0.2945467665387667,0.09487730544428011,0.2945467665387667,0.18161746987195715,0.1699965382547677,0.2945467665387667,0.2945467665387667,0.10384150309300097,0.2945467665387667,0.20536656600571992,254.18998217399894
8,10,1,36014594,0.18426275551558638,0.29665375671574934,0.0990556666201184,0.29665375671574934,0.18541184017577844,0.17508326804370983,0.29665375671574934,0.29665375671574934,0.10882641933812802,0.29665375671574934,0.20861811018065102,252.59736675599925
9,10,1,36014594,0.180891078325911,0.2978405199936159,0.09798496374220626,0.2978405199936159,0.1849218325917623,0.17767900276350462,0.2978405199936159,0.29784051999361594,0.10910518851083577,0.2978405199936159,0.20931817073127731,253.54441037099969
10,10,1,36014594,0.17808268243674413,0.2987760406919461,0.09994775096329181,0.2987760406919461,0.1875754957699132,0.17850126927988982,0.2987760406919461,0.2987760406919461,0.10986260465792064,0.2987760406919461,0.2096333958736334,252.966168424
