search_epoch,round,rollout_steps,feedback_candidates,actor_loss,critic_loss,mean_predicted_reward,best_reward,best_weighted_micro_f1,best_weighted_macro_f1,best_subset_size,best_feature_ids,round_seconds,communication_bytes_round,communication_bytes_cumulative
1,1,1000,10,0.1368921846151352,0.05244985595345497,0.42614489793777466,0.6250337536772169,0.6025245337089671,0.034733191473818766,7,"[1, 5, 7, 11, 12, 18, 21]",28.652786550999735,2700,2700
2,2,1000,10,-0.021317828446626663,0.013910667970776558,0.4249882996082306,0.4634464605332228,0.5476918731935945,0.027235997037399356,13,"[0, 4, 5, 6, 10, 12, 13, 15, 17, 18, 21, 23, 24]",28.827510508999694,3120,5820
3,3,1000,10,-0.014977935701608658,0.002240788657218218,0.4261378347873688,0.6712020537813574,0.603018532951743,0.034822853064530354,7,"[1, 5, 7, 11, 12, 18, 21]",28.484441975999744,2680,8500
4,4,1000,10,-0.04642675444483757,0.0008190750959329307,0.42505303025245667,0.653114548724721,0.6545940570218374,0.04405054263969397,7,"[1, 5, 7, 11, 12, 18, 21]",27.273518947999946,1800,10300
5,5,1000,10,-0.04752085730433464,0.0009884595638141036,0.4242238700389862,0.6489620676849038,0.6032637461163111,0.03507591564991169,7,"[1, 5, 7, 11, 12, 18, 21]",27.69659775199989,1800,12100
6,6,1000,10,-0.05390488728880882,0.0005719078471884131,0.4232880771160126,0.6481234595242461,0.6037308020028676,0.034970871747915515,7,"[1, 5, 7, 11, 12, 18, 21]",27.839279590000388,1800,13900
7,7,1000,10,-0.06704697012901306,0.0002487176388967782,0.42768070101737976,0.6531587734998199,0.6544364436278067,0.043982770212968085,7,"[1, 5, 7, 11, 12, 18, 21]",27.804831738000303,1800,15700
8,8,1000,10,-0.08306203037500381,8.649283699924126e-05,0.4236595034599304,0.6525820559806453,0.6546004670330161,0.04405676462559657,7,"[1, 5, 7, 11, 12, 18, 21]",27.89109686899974,1860,17560
9,9,1000,10,-0.06724017858505249,2.8189473596285097e-05,0.423216313123703,0.6483685851645671,0.6038850742103676,0.035175759939287975,7,"[1, 5, 7, 11, 12, 18, 21]",27.211020154999915,1800,19360
10,10,1000,10,-0.0776960477232933,9.175145351036917e-06,0.4269963800907135,0.6531247593374064,0.6543765034387612,0.043801574782655096,7,"[1, 5, 7, 11, 12, 18, 21]",26.873330068000087,1800,21160
