0,1,2,3,4,5,6,7,8,9,10,11,12,13,14,15,16,17,18,19,20,21,22,23,24,25,26,27,28,29,30,31,32,33
0,573,0,0,0,0,0,0,0,0,0,0,4,0,0,0,0,0,0,0,0,22,0,0,2,0,0,0,0,0,0,0,15,0
0,204896,0,0,4,0,35,0,6,0,0,0,754,0,0,0,0,0,14,0,198,1277,0,0,38,0,55,0,0,0,0,0,2986,0
0,971,0,0,0,0,1,0,0,0,0,0,81,0,0,0,0,0,0,0,10,35,0,0,0,0,1,0,0,0,0,0,27,0
0,929,0,0,0,0,0,0,0,0,0,0,38,0,0,0,0,0,0,0,6,26,0,0,6,0,3,0,0,0,0,0,26,0
0,72,0,0,53055,1,98,0,43,11,0,0,7,0,0,0,0,0,63,0,359,449,0,0,382,0,4,0,0,0,0,0,9,0
0,282,0,0,96,415,13,0,67,12,0,0,122,0,0,0,0,0,3569,0,685,23,0,0,47,0,104,0,0,0,0,0,84,0
0,15,0,0,259,0,1376687,0,36,6,0,0,5,0,0,0,0,0,128,0,465,548,0,0,474,0,0,0,0,0,0,0,16,0
0,12,0,0,314,3,56164,0,5,14,0,0,5,0,0,0,0,0,200,0,412,8535,0,0,20952,0,0,0,0,0,0,0,7,0
0,6,0,0,1677,1,40,0,741063,245,0,0,33777,0,0,0,0,0,67,0,5233,181,0,0,226,0,1544,0,0,0,0,0,7,0
0,23,0,0,142,4,204,0,5707,752812,0,0,8398,0,0,0,0,0,2342,0,2800,920,0,0,165,0,465,0,0,0,0,0,574,0
0,34,0,0,166,85,33,0,325,136,0,0,431,0,0,0,0,0,1761,0,1159,43,0,0,264,0,4,0,0,0,0,0,39,0
0,54,0,0,52,2,1,0,15,2,0,0,661899,0,0,0,0,0,39,0,26653,199,0,0,187,0,1,0,0,0,0,0,21,0
0,138,0,0,46,1,8,0,359,19,0,0,743847,0,0,0,0,0,108,0,32015,247,0,0,270,0,93,0,0,0,0,0,59,0
0,66,0,0,34,0,5,0,21,14,0,0,827326,0,0,0,0,0,172,0,33002,178,0,0,308,0,1,0,0,0,0,0,71,0
0,51,0,0,60,0,17,0,6,6,0,0,7,0,0,0,0,0,131,0,324,1034154,0,0,1406,0,4,0,0,0,0,0,28,0
0,17,0,0,133,0,5,0,15,4,0,0,1,0,0,0,0,0,46,0,248,54121,0,0,382,0,0,0,0,0,0,0,4,0
0,2272,0,0,0,0,1,0,0,0,0,0,68,0,0,0,0,0,0,0,6,84,0,0,1,0,19,0,0,0,0,0,53,0
0,24207,0,0,8,0,74,0,2,0,0,0,1363,0,0,0,0,0,0,0,149,7600,0,0,105,0,46,0,0,0,0,0,739,0
0,1365,0,0,60,102,100,0,720,143,0,0,739,0,0,0,0,0,6286,0,3366,58,0,0,116,0,414,0,0,0,0,0,290,0
0,211,0,0,141,25,5,0,959,105,0,0,359625,0,0,0,0,0,591,0,24626,908,0,0,543,0,600,0,0,0,0,0,88,0
0,830,0,0,124,0,112,0,1102,44,0,0,470687,0,0,0,0,0,181,0,38020,220,0,0,101,0,6,0,0,0,0,0,212,0
0,61,0,0,85,2,654,0,10,4,0,0,6,0,0,0,0,0,121,0,299,631925,0,0,2224,0,0,0,0,0,0,0,52,0
0,26,0,0,258,2,70367,0,9,9,0,0,7,0,0,0,0,0,53,0,174,879,0,0,118066,0,0,0,0,0,0,0,14,0
0,105,0,0,414,4,59582,0,136,7,0,0,82,0,0,0,0,0,220,0,202,1147,0,0,81980,0,0,0,0,0,0,0,41,0
0,12,0,0,79,1,15,0,13,2,0,0,7,0,0,0,0,0,85,0,148,4431,0,0,165708,0,0,0,0,0,0,0,25,0
0,48746,0,0,4,0,34,0,1,0,0,0,1097,0,0,0,0,0,0,0,146,7759,0,0,227,0,46,0,0,0,0,0,830,0
0,13136,0,0,2,0,99,0,1,0,0,0,1838,0,0,0,0,0,4,0,109,393,0,0,11,0,9299,0,0,0,0,0,843,0
0,14985,0,0,2,0,5,0,0,0,0,0,1446,0,0,0,0,0,5,0,36,159,0,0,10,0,1100,0,0,0,0,0,1045,0
0,360,0,0,0,0,28,0,0,0,0,0,7,0,0,0,0,0,0,0,2,12,0,0,0,0,1,0,0,0,0,0,22,0
0,11261,0,0,0,0,1,0,1,1,0,0,1713,0,0,0,0,0,2,0,33,182,0,0,14,0,1766,0,0,0,0,0,772,0
0,896,0,0,0,0,0,0,0,0,0,0,3,0,0,0,0,0,1,0,1,28,0,0,1,0,1,0,0,0,0,0,73,0
0,201,0,0,0,0,1,0,0,0,0,0,8,0,0,0,0,0,0,0,0,21,0,0,1,0,0,0,0,0,0,0,7,0
0,61466,0,0,6,0,37,0,1,0,0,0,698,0,0,0,0,0,14,0,183,1867,0,0,32,0,1580,0,0,0,0,0,5631,0
0,654,0,0,0,0,0,0,0,0,0,0,33,0,0,0,0,0,0,0,4,33,0,0,1,0,1,0,0,0,0,0,15,0
